model,scheme,fold,rule,mechanism,budget,cost,candidate,threshold,reference_n,reference_positives,reference_alerts,reference_tp,reference_fp,reference_fn,reference_loss,candidate_count,feasible_count,optimal_decisions,loss_gap,slots,capacity_binding,feasible_on_reference
XGBoost,time,0,A_b01,A,0.01,,1,0.42665746808052063,103,21,1,0,1,21,,74,2,1,,1.0,,True
XGBoost,time,0,A_b05,A,0.05,,3,0.41362500190734863,103,21,5,1,4,20,,74,4,1,,5.0,,True
XGBoost,time,0,A_b10,A,0.1,,4,0.41152843832969666,103,21,10,2,8,19,,74,5,1,,10.0,,True
XGBoost,time,0,A_b20,A,0.2,,12,0.3858535885810852,103,21,20,6,14,15,,74,13,1,,20.0,,True
XGBoost,time,0,B_r05,B,,5.0,28,0.2989656925201416,103,21,44,13,31,8,71.0,74,74,1,1.0,,False,True
XGBoost,time,0,B_r10,B,,10.0,71,0.027728207409381866,103,21,100,21,79,0,79.0,74,74,1,1.0,,False,True
XGBoost,time,0,B_r20,B,,20.0,71,0.027728207409381866,103,21,100,21,79,0,79.0,74,74,1,1.0,,False,True
XGBoost,time,0,B_r50,B,,50.0,71,0.027728207409381866,103,21,100,21,79,0,79.0,74,74,1,1.0,,False,True
XGBoost,time,0,C_b01_r05,C,0.01,5.0,0,inf,103,21,0,0,0,21,105.0,74,2,1,1.0,1.0,True,True
XGBoost,time,0,C_b01_r10,C,0.01,10.0,0,inf,103,21,0,0,0,21,210.0,74,2,1,1.0,1.0,True,True
XGBoost,time,0,C_b01_r20,C,0.01,20.0,0,inf,103,21,0,0,0,21,420.0,74,2,1,1.0,1.0,True,True
XGBoost,time,0,C_b01_r50,C,0.01,50.0,0,inf,103,21,0,0,0,21,1050.0,74,2,1,1.0,1.0,True,True
XGBoost,time,0,C_b05_r05,C,0.05,5.0,2,0.425698459148407,103,21,3,1,2,20,102.0,74,4,1,2.0,5.0,True,True
XGBoost,time,0,C_b05_r10,C,0.05,10.0,2,0.425698459148407,103,21,3,1,2,20,202.0,74,4,1,2.0,5.0,True,True
XGBoost,time,0,C_b05_r20,C,0.05,20.0,2,0.425698459148407,103,21,3,1,2,20,402.0,74,4,1,2.0,5.0,True,True
XGBoost,time,0,C_b05_r50,C,0.05,50.0,2,0.425698459148407,103,21,3,1,2,20,1002.0,74,4,1,2.0,5.0,True,True
XGBoost,time,0,C_b10_r05,C,0.1,5.0,2,0.425698459148407,103,21,3,1,2,20,102.0,74,5,1,1.0,10.0,True,True
XGBoost,time,0,C_b10_r10,C,0.1,10.0,4,0.41152843832969666,103,21,10,2,8,19,198.0,74,5,1,4.0,10.0,True,True
XGBoost,time,0,C_b10_r20,C,0.1,20.0,4,0.41152843832969666,103,21,10,2,8,19,388.0,74,5,1,14.0,10.0,True,True
XGBoost,time,0,C_b10_r50,C,0.1,50.0,4,0.41152843832969666,103,21,10,2,8,19,958.0,74,5,1,44.0,10.0,True,True
XGBoost,time,0,C_b20_r05,C,0.2,5.0,9,0.39494067430496216,103,21,17,6,11,15,86.0,74,13,1,1.0,20.0,True,True
XGBoost,time,0,C_b20_r10,C,0.2,10.0,9,0.39494067430496216,103,21,17,6,11,15,161.0,74,13,1,1.0,20.0,True,True
XGBoost,time,0,C_b20_r20,C,0.2,20.0,9,0.39494067430496216,103,21,17,6,11,15,311.0,74,13,1,1.0,20.0,True,True
XGBoost,time,0,C_b20_r50,C,0.2,50.0,9,0.39494067430496216,103,21,17,6,11,15,761.0,74,13,1,1.0,20.0,True,True
XGBoost,time,1,A_b01,A,0.01,,2,0.1362728625535965,207,1,2,0,2,1,,122,3,1,,2.0,,True
XGBoost,time,1,A_b05,A,0.05,,10,0.0958014577627182,207,1,10,0,10,1,,122,11,1,,10.0,,True
XGBoost,time,1,A_b10,A,0.1,,20,0.069511279463768,207,1,20,0,20,1,,122,21,1,,20.0,,True
XGBoost,time,1,A_b20,A,0.2,,37,0.04473796859383583,207,1,41,0,41,1,,122,38,1,,41.0,,True
XGBoost,time,1,B_r05,B,,5.0,0,inf,207,1,0,0,0,1,5.0,122,122,1,1.0,,False,True
XGBoost,time,1,B_r10,B,,10.0,0,inf,207,1,0,0,0,1,10.0,122,122,1,1.0,,False,True
XGBoost,time,1,B_r20,B,,20.0,0,inf,207,1,0,0,0,1,20.0,122,122,1,1.0,,False,True
XGBoost,time,1,B_r50,B,,50.0,0,inf,207,1,0,0,0,1,50.0,122,122,1,1.0,,False,True
XGBoost,time,1,C_b01_r05,C,0.01,5.0,0,inf,207,1,0,0,0,1,5.0,122,3,1,1.0,2.0,False,True
XGBoost,time,1,C_b01_r10,C,0.01,10.0,0,inf,207,1,0,0,0,1,10.0,122,3,1,1.0,2.0,False,True
XGBoost,time,1,C_b01_r20,C,0.01,20.0,0,inf,207,1,0,0,0,1,20.0,122,3,1,1.0,2.0,False,True
XGBoost,time,1,C_b01_r50,C,0.01,50.0,0,inf,207,1,0,0,0,1,50.0,122,3,1,1.0,2.0,False,True
XGBoost,time,1,C_b05_r05,C,0.05,5.0,0,inf,207,1,0,0,0,1,5.0,122,11,1,1.0,10.0,False,True
XGBoost,time,1,C_b05_r10,C,0.05,10.0,0,inf,207,1,0,0,0,1,10.0,122,11,1,1.0,10.0,False,True
XGBoost,time,1,C_b05_r20,C,0.05,20.0,0,inf,207,1,0,0,0,1,20.0,122,11,1,1.0,10.0,False,True
XGBoost,time,1,C_b05_r50,C,0.05,50.0,0,inf,207,1,0,0,0,1,50.0,122,11,1,1.0,10.0,False,True
XGBoost,time,1,C_b10_r05,C,0.1,5.0,0,inf,207,1,0,0,0,1,5.0,122,21,1,1.0,20.0,False,True
XGBoost,time,1,C_b10_r10,C,0.1,10.0,0,inf,207,1,0,0,0,1,10.0,122,21,1,1.0,20.0,False,True
XGBoost,time,1,C_b10_r20,C,0.1,20.0,0,inf,207,1,0,0,0,1,20.0,122,21,1,1.0,20.0,False,True
XGBoost,time,1,C_b10_r50,C,0.1,50.0,0,inf,207,1,0,0,0,1,50.0,122,21,1,1.0,20.0,False,True
XGBoost,time,1,C_b20_r05,C,0.2,5.0,0,inf,207,1,0,0,0,1,5.0,122,38,1,1.0,41.0,False,True
XGBoost,time,1,C_b20_r10,C,0.2,10.0,0,inf,207,1,0,0,0,1,10.0,122,38,1,1.0,41.0,False,True
XGBoost,time,1,C_b20_r20,C,0.2,20.0,0,inf,207,1,0,0,0,1,20.0,122,38,1,1.0,41.0,False,True
XGBoost,time,1,C_b20_r50,C,0.2,50.0,0,inf,207,1,0,0,0,1,50.0,122,38,1,1.0,41.0,False,True
XGBoost,time,2,A_b01,A,0.01,,3,0.25803324580192566,310,7,3,0,3,7,,195,4,1,,3.0,,True
XGBoost,time,2,A_b05,A,0.05,,14,0.1305900663137436,310,7,15,0,15,7,,195,15,1,,15.0,,True
XGBoost,time,2,A_b10,A,0.1,,29,0.09434577077627182,310,7,31,0,31,7,,195,30,1,,31.0,,True
XGBoost,time,2,A_b20,A,0.2,,57,0.035407066345214844,310,7,62,1,61,6,,195,58,1,,62.0,,True
XGBoost,time,2,B_r05,B,,5.0,0,inf,310,7,0,0,0,7,35.0,195,195,1,1.0,,False,True
XGBoost,time,2,B_r10,B,,10.0,0,inf,310,7,0,0,0,7,70.0,195,195,1,1.0,,False,True
XGBoost,time,2,B_r20,B,,20.0,0,inf,310,7,0,0,0,7,140.0,195,195,1,1.0,,False,True
XGBoost,time,2,B_r50,B,,50.0,103,0.02749934233725071,310,7,157,6,151,1,201.0,195,195,1,2.0,,False,True
XGBoost,time,2,C_b01_r05,C,0.01,5.0,0,inf,310,7,0,0,0,7,35.0,195,4,1,1.0,3.0,False,True
XGBoost,time,2,C_b01_r10,C,0.01,10.0,0,inf,310,7,0,0,0,7,70.0,195,4,1,1.0,3.0,False,True
XGBoost,time,2,C_b01_r20,C,0.01,20.0,0,inf,310,7,0,0,0,7,140.0,195,4,1,1.0,3.0,False,True
XGBoost,time,2,C_b01_r50,C,0.01,50.0,0,inf,310,7,0,0,0,7,350.0,195,4,1,1.0,3.0,True,True
XGBoost,time,2,C_b05_r05,C,0.05,5.0,0,inf,310,7,0,0,0,7,35.0,195,15,1,1.0,15.0,False,True
XGBoost,time,2,C_b05_r10,C,0.05,10.0,0,inf,310,7,0,0,0,7,70.0,195,15,1,1.0,15.0,False,True
XGBoost,time,2,C_b05_r20,C,0.05,20.0,0,inf,310,7,0,0,0,7,140.0,195,15,1,1.0,15.0,False,True
XGBoost,time,2,C_b05_r50,C,0.05,50.0,0,inf,310,7,0,0,0,7,350.0,195,15,1,1.0,15.0,True,True
XGBoost,time,2,C_b10_r05,C,0.1,5.0,0,inf,310,7,0,0,0,7,35.0,195,30,1,1.0,31.0,False,True
XGBoost,time,2,C_b10_r10,C,0.1,10.0,0,inf,310,7,0,0,0,7,70.0,195,30,1,1.0,31.0,False,True
XGBoost,time,2,C_b10_r20,C,0.1,20.0,0,inf,310,7,0,0,0,7,140.0,195,30,1,1.0,31.0,False,True
XGBoost,time,2,C_b10_r50,C,0.1,50.0,0,inf,310,7,0,0,0,7,350.0,195,30,1,1.0,31.0,True,True
XGBoost,time,2,C_b20_r05,C,0.2,5.0,0,inf,310,7,0,0,0,7,35.0,195,58,1,1.0,62.0,False,True
XGBoost,time,2,C_b20_r10,C,0.2,10.0,0,inf,310,7,0,0,0,7,70.0,195,58,1,1.0,62.0,False,True
XGBoost,time,2,C_b20_r20,C,0.2,20.0,0,inf,310,7,0,0,0,7,140.0,195,58,1,1.0,62.0,False,True
XGBoost,time,2,C_b20_r50,C,0.2,50.0,0,inf,310,7,0,0,0,7,350.0,195,58,1,1.0,62.0,True,True
XGBoost,time,3,A_b01,A,0.01,,4,0.18471446633338928,413,20,4,0,4,20,,264,5,1,,4.0,,True
XGBoost,time,3,A_b05,A,0.05,,20,0.11555154621601105,413,20,20,3,17,17,,264,21,1,,20.0,,True
XGBoost,time,3,A_b10,A,0.1,,41,0.09300242364406586,413,20,41,5,36,15,,264,42,1,,41.0,,True
XGBoost,time,3,A_b20,A,0.2,,75,0.06208927556872368,413,20,82,6,76,14,,264,76,1,,82.0,,True
XGBoost,time,3,B_r05,B,,5.0,12,0.13929247856140137,413,20,12,3,9,17,94.0,264,264,1,1.0,,False,True
XGBoost,time,3,B_r10,B,,10.0,12,0.13929247856140137,413,20,12,3,9,17,179.0,264,264,1,1.0,,False,True
XGBoost,time,3,B_r20,B,,20.0,217,0.02127210423350334,413,20,268,18,250,2,290.0,264,264,1,1.0,,False,True
XGBoost,time,3,B_r50,B,,50.0,251,0.015442181378602982,413,20,360,20,340,0,340.0,264,264,1,1.0,,False,True
XGBoost,time,3,C_b01_r05,C,0.01,5.0,0,inf,413,20,0,0,0,20,100.0,264,5,1,1.0,4.0,True,True
XGBoost,time,3,C_b01_r10,C,0.01,10.0,0,inf,413,20,0,0,0,20,200.0,264,5,1,1.0,4.0,True,True
XGBoost,time,3,C_b01_r20,C,0.01,20.0,0,inf,413,20,0,0,0,20,400.0,264,5,1,1.0,4.0,True,True
XGBoost,time,3,C_b01_r50,C,0.01,50.0,0,inf,413,20,0,0,0,20,1000.0,264,5,1,1.0,4.0,True,True
XGBoost,time,3,C_b05_r05,C,0.05,5.0,12,0.13929247856140137,413,20,12,3,9,17,94.0,264,21,1,1.0,20.0,False,True
XGBoost,time,3,C_b05_r10,C,0.05,10.0,12,0.13929247856140137,413,20,12,3,9,17,179.0,264,21,1,1.0,20.0,False,True
XGBoost,time,3,C_b05_r20,C,0.05,20.0,12,0.13929247856140137,413,20,12,3,9,17,349.0,264,21,1,1.0,20.0,True,True
XGBoost,time,3,C_b05_r50,C,0.05,50.0,12,0.13929247856140137,413,20,12,3,9,17,859.0,264,21,1,1.0,20.0,True,True
XGBoost,time,3,C_b10_r05,C,0.1,5.0,12,0.13929247856140137,413,20,12,3,9,17,94.0,264,42,1,1.0,41.0,False,True
XGBoost,time,3,C_b10_r10,C,0.1,10.0,12,0.13929247856140137,413,20,12,3,9,17,179.0,264,42,1,1.0,41.0,False,True
XGBoost,time,3,C_b10_r20,C,0.1,20.0,41,0.09300242364406586,413,20,41,5,36,15,336.0,264,42,1,10.0,41.0,True,True
XGBoost,time,3,C_b10_r50,C,0.1,50.0,41,0.09300242364406586,413,20,41,5,36,15,786.0,264,42,1,40.0,41.0,True,True
XGBoost,time,3,C_b20_r05,C,0.2,5.0,12,0.13929247856140137,413,20,12,3,9,17,94.0,264,76,1,1.0,82.0,False,True
XGBoost,time,3,C_b20_r10,C,0.2,10.0,12,0.13929247856140137,413,20,12,3,9,17,179.0,264,76,1,1.0,82.0,False,True
XGBoost,time,3,C_b20_r20,C,0.2,20.0,41,0.09300242364406586,413,20,41,5,36,15,336.0,264,76,1,1.0,82.0,True,True
XGBoost,time,3,C_b20_r50,C,0.2,50.0,63,0.0699763149023056,413,20,68,6,62,14,762.0,264,76,1,1.0,82.0,True,True
XGBoost,holdout,0,A_b01,A,0.01,,2,0.38225528597831726,361,21,3,0,3,21,,298,3,1,,3.0,,True
XGBoost,holdout,0,A_b05,A,0.05,,15,0.2313634604215622,361,21,18,0,18,21,,298,16,1,,18.0,,True
XGBoost,holdout,0,A_b10,A,0.1,,30,0.1650644838809967,361,21,36,3,33,18,,298,31,1,,36.0,,True
XGBoost,holdout,0,A_b20,A,0.2,,64,0.0934135690331459,361,21,72,5,67,16,,298,65,1,,72.0,,True
XGBoost,holdout,0,B_r05,B,,5.0,0,inf,361,21,0,0,0,21,105.0,298,298,1,1.0,,False,True
XGBoost,holdout,0,B_r10,B,,10.0,43,0.1280456930398941,361,21,51,5,46,16,206.0,298,298,1,1.0,,False,True
XGBoost,holdout,0,B_r20,B,,20.0,232,0.015490851365029812,361,21,291,19,272,2,312.0,298,298,1,1.0,,False,True
XGBoost,holdout,0,B_r50,B,,50.0,290,0.009651534259319305,361,21,353,21,332,0,332.0,298,298,1,1.0,,False,True
XGBoost,holdout,0,C_b01_r05,C,0.01,5.0,0,inf,361,21,0,0,0,21,105.0,298,3,1,1.0,3.0,False,True
XGBoost,holdout,0,C_b01_r10,C,0.01,10.0,0,inf,361,21,0,0,0,21,210.0,298,3,1,1.0,3.0,True,True
XGBoost,holdout,0,C_b01_r20,C,0.01,20.0,0,inf,361,21,0,0,0,21,420.0,298,3,1,1.0,3.0,True,True
XGBoost,holdout,0,C_b01_r50,C,0.01,50.0,0,inf,361,21,0,0,0,21,1050.0,298,3,1,1.0,3.0,True,True
XGBoost,holdout,0,C_b05_r05,C,0.05,5.0,0,inf,361,21,0,0,0,21,105.0,298,16,1,1.0,18.0,False,True
XGBoost,holdout,0,C_b05_r10,C,0.05,10.0,0,inf,361,21,0,0,0,21,210.0,298,16,1,1.0,18.0,True,True
XGBoost,holdout,0,C_b05_r20,C,0.05,20.0,0,inf,361,21,0,0,0,21,420.0,298,16,1,1.0,18.0,True,True
XGBoost,holdout,0,C_b05_r50,C,0.05,50.0,0,inf,361,21,0,0,0,21,1050.0,298,16,1,1.0,18.0,True,True
XGBoost,holdout,0,C_b10_r05,C,0.1,5.0,0,inf,361,21,0,0,0,21,105.0,298,31,1,1.0,36.0,False,True
XGBoost,holdout,0,C_b10_r10,C,0.1,10.0,0,inf,361,21,0,0,0,21,210.0,298,31,2,0.0,36.0,True,True
XGBoost,holdout,0,C_b10_r20,C,0.1,20.0,29,0.16812242567539215,361,21,35,3,32,18,392.0,298,31,1,1.0,36.0,True,True
XGBoost,holdout,0,C_b10_r50,C,0.1,50.0,29,0.16812242567539215,361,21,35,3,32,18,932.0,298,31,1,1.0,36.0,True,True
XGBoost,holdout,0,C_b20_r05,C,0.2,5.0,0,inf,361,21,0,0,0,21,105.0,298,65,1,1.0,72.0,False,True
XGBoost,holdout,0,C_b20_r10,C,0.2,10.0,43,0.1280456930398941,361,21,51,5,46,16,206.0,298,65,1,1.0,72.0,False,True
XGBoost,holdout,0,C_b20_r20,C,0.2,20.0,43,0.1280456930398941,361,21,51,5,46,16,366.0,298,65,1,1.0,72.0,True,True
XGBoost,holdout,0,C_b20_r50,C,0.2,50.0,43,0.1280456930398941,361,21,51,5,46,16,846.0,298,65,1,1.0,72.0,True,True
LR,time,0,A_b01,A,0.01,,1,0.9893605885397323,103,21,1,1,0,20,,104,2,1,,1.0,,True
LR,time,0,A_b05,A,0.05,,5,0.9473238529710095,103,21,5,2,3,19,,104,6,1,,5.0,,True
LR,time,0,A_b10,A,0.1,,10,0.92564325562416,103,21,10,3,7,18,,104,11,1,,10.0,,True
LR,time,0,A_b20,A,0.2,,20,0.8462006741090106,103,21,20,5,15,16,,104,21,1,,20.0,,True
LR,time,0,B_r05,B,,5.0,67,0.3797037975843209,103,21,67,16,51,5,76.0,104,104,1,1.0,,False,True
LR,time,0,B_r10,B,,10.0,102,0.03885566110826848,103,21,102,21,81,0,81.0,104,104,1,1.0,,False,True
LR,time,0,B_r20,B,,20.0,102,0.03885566110826848,103,21,102,21,81,0,81.0,104,104,1,1.0,,False,True
LR,time,0,B_r50,B,,50.0,102,0.03885566110826848,103,21,102,21,81,0,81.0,104,104,1,1.0,,False,True
LR,time,0,C_b01_r05,C,0.01,5.0,1,0.9893605885397323,103,21,1,1,0,20,100.0,104,2,1,5.0,1.0,True,True
LR,time,0,C_b01_r10,C,0.01,10.0,1,0.9893605885397323,103,21,1,1,0,20,200.0,104,2,1,10.0,1.0,True,True
LR,time,0,C_b01_r20,C,0.01,20.0,1,0.9893605885397323,103,21,1,1,0,20,400.0,104,2,1,20.0,1.0,True,True
LR,time,0,C_b01_r50,C,0.01,50.0,1,0.9893605885397323,103,21,1,1,0,20,1000.0,104,2,1,50.0,1.0,True,True
LR,time,0,C_b05_r05,C,0.05,5.0,4,0.9616056316446646,103,21,4,2,2,19,97.0,104,6,1,1.0,5.0,True,True
LR,time,0,C_b05_r10,C,0.05,10.0,4,0.9616056316446646,103,21,4,2,2,19,192.0,104,6,1,1.0,5.0,True,True
LR,time,0,C_b05_r20,C,0.05,20.0,4,0.9616056316446646,103,21,4,2,2,19,382.0,104,6,1,1.0,5.0,True,True
LR,time,0,C_b05_r50,C,0.05,50.0,4,0.9616056316446646,103,21,4,2,2,19,952.0,104,6,1,1.0,5.0,True,True
LR,time,0,C_b10_r05,C,0.1,5.0,7,0.9432097916760026,103,21,7,3,4,18,94.0,104,11,1,1.0,10.0,True,True
LR,time,0,C_b10_r10,C,0.1,10.0,7,0.9432097916760026,103,21,7,3,4,18,184.0,104,11,1,1.0,10.0,True,True
LR,time,0,C_b10_r20,C,0.1,20.0,7,0.9432097916760026,103,21,7,3,4,18,364.0,104,11,1,1.0,10.0,True,True
LR,time,0,C_b10_r50,C,0.1,50.0,7,0.9432097916760026,103,21,7,3,4,18,904.0,104,11,1,1.0,10.0,True,True
LR,time,0,C_b20_r05,C,0.2,5.0,7,0.9432097916760026,103,21,7,3,4,18,94.0,104,21,3,0.0,20.0,True,True
LR,time,0,C_b20_r10,C,0.2,10.0,19,0.8464248162111904,103,21,19,5,14,16,174.0,104,21,1,1.0,20.0,True,True
LR,time,0,C_b20_r20,C,0.2,20.0,19,0.8464248162111904,103,21,19,5,14,16,334.0,104,21,1,1.0,20.0,True,True
LR,time,0,C_b20_r50,C,0.2,50.0,19,0.8464248162111904,103,21,19,5,14,16,814.0,104,21,1,1.0,20.0,True,True
LR,time,1,A_b01,A,0.01,,2,0.5183449899947501,207,1,2,0,2,1,,208,3,1,,2.0,,True
LR,time,1,A_b05,A,0.05,,10,0.3972897000518887,207,1,10,0,10,1,,208,11,1,,10.0,,True
LR,time,1,A_b10,A,0.1,,20,0.3420356333516078,207,1,20,0,20,1,,208,21,1,,20.0,,True
LR,time,1,A_b20,A,0.2,,41,0.2434879357645244,207,1,41,0,41,1,,208,42,1,,41.0,,True
LR,time,1,B_r05,B,,5.0,0,inf,207,1,0,0,0,1,5.0,208,208,1,1.0,,False,True
LR,time,1,B_r10,B,,10.0,0,inf,207,1,0,0,0,1,10.0,208,208,1,1.0,,False,True
LR,time,1,B_r20,B,,20.0,0,inf,207,1,0,0,0,1,20.0,208,208,1,1.0,,False,True
LR,time,1,B_r50,B,,50.0,0,inf,207,1,0,0,0,1,50.0,208,208,1,1.0,,False,True
LR,time,1,C_b01_r05,C,0.01,5.0,0,inf,207,1,0,0,0,1,5.0,208,3,1,1.0,2.0,False,True
LR,time,1,C_b01_r10,C,0.01,10.0,0,inf,207,1,0,0,0,1,10.0,208,3,1,1.0,2.0,False,True
LR,time,1,C_b01_r20,C,0.01,20.0,0,inf,207,1,0,0,0,1,20.0,208,3,1,1.0,2.0,False,True
LR,time,1,C_b01_r50,C,0.01,50.0,0,inf,207,1,0,0,0,1,50.0,208,3,1,1.0,2.0,False,True
LR,time,1,C_b05_r05,C,0.05,5.0,0,inf,207,1,0,0,0,1,5.0,208,11,1,1.0,10.0,False,True
LR,time,1,C_b05_r10,C,0.05,10.0,0,inf,207,1,0,0,0,1,10.0,208,11,1,1.0,10.0,False,True
LR,time,1,C_b05_r20,C,0.05,20.0,0,inf,207,1,0,0,0,1,20.0,208,11,1,1.0,10.0,False,True
LR,time,1,C_b05_r50,C,0.05,50.0,0,inf,207,1,0,0,0,1,50.0,208,11,1,1.0,10.0,False,True
LR,time,1,C_b10_r05,C,0.1,5.0,0,inf,207,1,0,0,0,1,5.0,208,21,1,1.0,20.0,False,True
LR,time,1,C_b10_r10,C,0.1,10.0,0,inf,207,1,0,0,0,1,10.0,208,21,1,1.0,20.0,False,True
LR,time,1,C_b10_r20,C,0.1,20.0,0,inf,207,1,0,0,0,1,20.0,208,21,1,1.0,20.0,False,True
LR,time,1,C_b10_r50,C,0.1,50.0,0,inf,207,1,0,0,0,1,50.0,208,21,1,1.0,20.0,False,True
LR,time,1,C_b20_r05,C,0.2,5.0,0,inf,207,1,0,0,0,1,5.0,208,42,1,1.0,41.0,False,True
LR,time,1,C_b20_r10,C,0.2,10.0,0,inf,207,1,0,0,0,1,10.0,208,42,1,1.0,41.0,False,True
LR,time,1,C_b20_r20,C,0.2,20.0,0,inf,207,1,0,0,0,1,20.0,208,42,1,1.0,41.0,False,True
LR,time,1,C_b20_r50,C,0.2,50.0,0,inf,207,1,0,0,0,1,50.0,208,42,1,1.0,41.0,False,True
LR,time,2,A_b01,A,0.01,,3,0.7463504108162324,310,7,3,0,3,7,,311,4,1,,3.0,,True
LR,time,2,A_b05,A,0.05,,15,0.5599890110743366,310,7,15,0,15,7,,311,16,1,,15.0,,True
LR,time,2,A_b10,A,0.1,,31,0.4787115586848765,310,7,31,0,31,7,,311,32,1,,31.0,,True
LR,time,2,A_b20,A,0.2,,62,0.3873375604907102,310,7,62,0,62,7,,311,63,1,,62.0,,True
LR,time,2,B_r05,B,,5.0,0,inf,310,7,0,0,0,7,35.0,311,311,1,1.0,,False,True
LR,time,2,B_r10,B,,10.0,0,inf,310,7,0,0,0,7,70.0,311,311,1,1.0,,False,True
LR,time,2,B_r20,B,,20.0,0,inf,310,7,0,0,0,7,140.0,311,311,1,1.0,,False,True
LR,time,2,B_r50,B,,50.0,262,0.15168403296347407,310,7,262,7,255,0,255.0,311,311,1,1.0,,False,True
LR,time,2,C_b01_r05,C,0.01,5.0,0,inf,310,7,0,0,0,7,35.0,311,4,1,1.0,3.0,False,True
LR,time,2,C_b01_r10,C,0.01,10.0,0,inf,310,7,0,0,0,7,70.0,311,4,1,1.0,3.0,False,True
LR,time,2,C_b01_r20,C,0.01,20.0,0,inf,310,7,0,0,0,7,140.0,311,4,1,1.0,3.0,False,True
LR,time,2,C_b01_r50,C,0.01,50.0,0,inf,310,7,0,0,0,7,350.0,311,4,1,1.0,3.0,True,True
LR,time,2,C_b05_r05,C,0.05,5.0,0,inf,310,7,0,0,0,7,35.0,311,16,1,1.0,15.0,False,True
LR,time,2,C_b05_r10,C,0.05,10.0,0,inf,310,7,0,0,0,7,70.0,311,16,1,1.0,15.0,False,True
LR,time,2,C_b05_r20,C,0.05,20.0,0,inf,310,7,0,0,0,7,140.0,311,16,1,1.0,15.0,False,True
LR,time,2,C_b05_r50,C,0.05,50.0,0,inf,310,7,0,0,0,7,350.0,311,16,1,1.0,15.0,True,True
LR,time,2,C_b10_r05,C,0.1,5.0,0,inf,310,7,0,0,0,7,35.0,311,32,1,1.0,31.0,False,True
LR,time,2,C_b10_r10,C,0.1,10.0,0,inf,310,7,0,0,0,7,70.0,311,32,1,1.0,31.0,False,True
LR,time,2,C_b10_r20,C,0.1,20.0,0,inf,310,7,0,0,0,7,140.0,311,32,1,1.0,31.0,False,True
LR,time,2,C_b10_r50,C,0.1,50.0,0,inf,310,7,0,0,0,7,350.0,311,32,1,1.0,31.0,True,True
LR,time,2,C_b20_r05,C,0.2,5.0,0,inf,310,7,0,0,0,7,35.0,311,63,1,1.0,62.0,False,True
LR,time,2,C_b20_r10,C,0.2,10.0,0,inf,310,7,0,0,0,7,70.0,311,63,1,1.0,62.0,False,True
LR,time,2,C_b20_r20,C,0.2,20.0,0,inf,310,7,0,0,0,7,140.0,311,63,1,1.0,62.0,False,True
LR,time,2,C_b20_r50,C,0.2,50.0,0,inf,310,7,0,0,0,7,350.0,311,63,1,1.0,62.0,True,True
LR,time,3,A_b01,A,0.01,,4,0.6558917926681779,413,20,4,2,2,18,,414,5,1,,4.0,,True
LR,time,3,A_b05,A,0.05,,20,0.5753350209792557,413,20,20,4,16,16,,414,21,1,,20.0,,True
LR,time,3,A_b10,A,0.1,,41,0.5215334577724159,413,20,41,4,37,16,,414,42,1,,41.0,,True
LR,time,3,A_b20,A,0.2,,82,0.4497297694026001,413,20,82,7,75,13,,414,83,1,,82.0,,True
LR,time,3,B_r05,B,,5.0,2,0.6876011531646407,413,20,2,2,0,18,90.0,414,414,1,1.0,,False,True
LR,time,3,B_r10,B,,10.0,17,0.5863057993778873,413,20,17,4,13,16,173.0,414,414,1,1.0,,False,True
LR,time,3,B_r20,B,,20.0,92,0.4443820623123951,413,20,92,10,82,10,282.0,414,414,1,1.0,,False,True
LR,time,3,B_r50,B,,50.0,302,0.25151537575803995,413,20,302,19,283,1,333.0,414,414,1,1.0,,False,True
LR,time,3,C_b01_r05,C,0.01,5.0,2,0.6876011531646407,413,20,2,2,0,18,90.0,414,5,1,1.0,4.0,False,True
LR,time,3,C_b01_r10,C,0.01,10.0,2,0.6876011531646407,413,20,2,2,0,18,180.0,414,5,1,1.0,4.0,True,True
LR,time,3,C_b01_r20,C,0.01,20.0,2,0.6876011531646407,413,20,2,2,0,18,360.0,414,5,1,1.0,4.0,True,True
LR,time,3,C_b01_r50,C,0.01,50.0,2,0.6876011531646407,413,20,2,2,0,18,900.0,414,5,1,1.0,4.0,True,True
LR,time,3,C_b05_r05,C,0.05,5.0,2,0.6876011531646407,413,20,2,2,0,18,90.0,414,21,1,1.0,20.0,False,True
LR,time,3,C_b05_r10,C,0.05,10.0,17,0.5863057993778873,413,20,17,4,13,16,173.0,414,21,1,1.0,20.0,False,True
LR,time,3,C_b05_r20,C,0.05,20.0,17,0.5863057993778873,413,20,17,4,13,16,333.0,414,21,1,1.0,20.0,True,True
LR,time,3,C_b05_r50,C,0.05,50.0,17,0.5863057993778873,413,20,17,4,13,16,813.0,414,21,1,1.0,20.0,True,True
LR,time,3,C_b10_r05,C,0.1,5.0,2,0.6876011531646407,413,20,2,2,0,18,90.0,414,42,1,1.0,41.0,False,True
LR,time,3,C_b10_r10,C,0.1,10.0,17,0.5863057993778873,413,20,17,4,13,16,173.0,414,42,1,1.0,41.0,False,True
LR,time,3,C_b10_r20,C,0.1,20.0,17,0.5863057993778873,413,20,17,4,13,16,333.0,414,42,1,1.0,41.0,True,True
LR,time,3,C_b10_r50,C,0.1,50.0,17,0.5863057993778873,413,20,17,4,13,16,813.0,414,42,1,1.0,41.0,True,True
LR,time,3,C_b20_r05,C,0.2,5.0,2,0.6876011531646407,413,20,2,2,0,18,90.0,414,83,1,1.0,82.0,False,True
LR,time,3,C_b20_r10,C,0.2,10.0,17,0.5863057993778873,413,20,17,4,13,16,173.0,414,83,1,1.0,82.0,False,True
LR,time,3,C_b20_r20,C,0.2,20.0,59,0.4915349631956028,413,20,59,7,52,13,312.0,414,83,1,1.0,82.0,True,True
LR,time,3,C_b20_r50,C,0.2,50.0,59,0.4915349631956028,413,20,59,7,52,13,702.0,414,83,1,1.0,82.0,True,True
LR,holdout,0,A_b01,A,0.01,,3,0.812747402290846,361,21,3,0,3,21,,362,4,1,,3.0,,True
LR,holdout,0,A_b05,A,0.05,,18,0.6961583831259185,361,21,18,0,18,21,,362,19,1,,18.0,,True
LR,holdout,0,A_b10,A,0.1,,36,0.6521631990837431,361,21,36,1,35,20,,362,37,1,,36.0,,True
LR,holdout,0,A_b20,A,0.2,,72,0.5674783488702786,361,21,72,5,67,16,,362,73,1,,72.0,,True
LR,holdout,0,B_r05,B,,5.0,0,inf,361,21,0,0,0,21,105.0,362,362,1,1.0,,False,True
LR,holdout,0,B_r10,B,,10.0,0,inf,361,21,0,0,0,21,210.0,362,362,1,1.0,,False,True
LR,holdout,0,B_r20,B,,20.0,268,0.2415644398635453,361,21,268,19,249,2,289.0,362,362,1,1.0,,False,True
LR,holdout,0,B_r50,B,,50.0,328,0.15966530761468797,361,21,328,21,307,0,307.0,362,362,1,1.0,,False,True
LR,holdout,0,C_b01_r05,C,0.01,5.0,0,inf,361,21,0,0,0,21,105.0,362,4,1,1.0,3.0,False,True
LR,holdout,0,C_b01_r10,C,0.01,10.0,0,inf,361,21,0,0,0,21,210.0,362,4,1,1.0,3.0,False,True
LR,holdout,0,C_b01_r20,C,0.01,20.0,0,inf,361,21,0,0,0,21,420.0,362,4,1,1.0,3.0,True,True
LR,holdout,0,C_b01_r50,C,0.01,50.0,0,inf,361,21,0,0,0,21,1050.0,362,4,1,1.0,3.0,True,True
LR,holdout,0,C_b05_r05,C,0.05,5.0,0,inf,361,21,0,0,0,21,105.0,362,19,1,1.0,18.0,False,True
LR,holdout,0,C_b05_r10,C,0.05,10.0,0,inf,361,21,0,0,0,21,210.0,362,19,1,1.0,18.0,False,True
LR,holdout,0,C_b05_r20,C,0.05,20.0,0,inf,361,21,0,0,0,21,420.0,362,19,1,1.0,18.0,True,True
LR,holdout,0,C_b05_r50,C,0.05,50.0,0,inf,361,21,0,0,0,21,1050.0,362,19,1,1.0,18.0,True,True
LR,holdout,0,C_b10_r05,C,0.1,5.0,0,inf,361,21,0,0,0,21,105.0,362,37,1,1.0,36.0,False,True
LR,holdout,0,C_b10_r10,C,0.1,10.0,0,inf,361,21,0,0,0,21,210.0,362,37,1,1.0,36.0,False,True
LR,holdout,0,C_b10_r20,C,0.1,20.0,0,inf,361,21,0,0,0,21,420.0,362,37,1,1.0,36.0,True,True
LR,holdout,0,C_b10_r50,C,0.1,50.0,27,0.6709945360897981,361,21,27,1,26,20,1026.0,362,37,1,1.0,36.0,True,True
LR,holdout,0,C_b20_r05,C,0.2,5.0,0,inf,361,21,0,0,0,21,105.0,362,73,1,1.0,72.0,False,True
LR,holdout,0,C_b20_r10,C,0.2,10.0,0,inf,361,21,0,0,0,21,210.0,362,73,1,1.0,72.0,False,True
LR,holdout,0,C_b20_r20,C,0.2,20.0,63,0.5898690659995661,361,21,63,5,58,16,378.0,362,73,1,1.0,72.0,True,True
LR,holdout,0,C_b20_r50,C,0.2,50.0,63,0.5898690659995661,361,21,63,5,58,16,858.0,362,73,1,1.0,72.0,True,True
CART,time,0,A_b01,A,0.01,,1,0.5502739896200263,103,21,1,0,1,21,,97,2,1,,1.0,,True
CART,time,0,A_b05,A,0.05,,5,0.5251522839377167,103,21,5,1,4,20,,97,6,1,,5.0,,True
CART,time,0,A_b10,A,0.1,,10,0.4885314450373538,103,21,10,2,8,19,,97,11,1,,10.0,,True
CART,time,0,A_b20,A,0.2,,19,0.456027957981943,103,21,20,7,13,14,,97,20,1,,20.0,,True
CART,time,0,B_r05,B,,5.0,66,0.17393327187002455,103,21,67,16,51,5,76.0,97,97,1,1.0,,False,True
CART,time,0,B_r10,B,,10.0,96,-inf,103,21,103,21,82,0,82.0,97,97,1,6.0,,False,True
CART,time,0,B_r20,B,,20.0,96,-inf,103,21,103,21,82,0,82.0,97,97,1,16.0,,False,True
CART,time,0,B_r50,B,,50.0,96,-inf,103,21,103,21,82,0,82.0,97,97,1,46.0,,False,True
CART,time,0,C_b01_r05,C,0.01,5.0,0,inf,103,21,0,0,0,21,105.0,97,2,1,1.0,1.0,True,True
CART,time,0,C_b01_r10,C,0.01,10.0,0,inf,103,21,0,0,0,21,210.0,97,2,1,1.0,1.0,True,True
CART,time,0,C_b01_r20,C,0.01,20.0,0,inf,103,21,0,0,0,21,420.0,97,2,1,1.0,1.0,True,True
CART,time,0,C_b01_r50,C,0.01,50.0,0,inf,103,21,0,0,0,21,1050.0,97,2,1,1.0,1.0,True,True
CART,time,0,C_b05_r05,C,0.05,5.0,2,0.5407843915847981,103,21,2,1,1,20,101.0,97,6,1,1.0,5.0,True,True
CART,time,0,C_b05_r10,C,0.05,10.0,2,0.5407843915847981,103,21,2,1,1,20,201.0,97,6,1,1.0,5.0,True,True
CART,time,0,C_b05_r20,C,0.05,20.0,2,0.5407843915847981,103,21,2,1,1,20,401.0,97,6,1,1.0,5.0,True,True
CART,time,0,C_b05_r50,C,0.05,50.0,2,0.5407843915847981,103,21,2,1,1,20,1001.0,97,6,1,1.0,5.0,True,True
CART,time,0,C_b10_r05,C,0.1,5.0,2,0.5407843915847981,103,21,2,1,1,20,101.0,97,11,2,0.0,10.0,True,True
CART,time,0,C_b10_r10,C,0.1,10.0,8,0.5000887019166498,103,21,8,2,6,19,196.0,97,11,1,1.0,10.0,True,True
CART,time,0,C_b10_r20,C,0.1,20.0,8,0.5000887019166498,103,21,8,2,6,19,386.0,97,11,1,1.0,10.0,True,True
CART,time,0,C_b10_r50,C,0.1,50.0,8,0.5000887019166498,103,21,8,2,6,19,956.0,97,11,1,1.0,10.0,True,True
CART,time,0,C_b20_r05,C,0.2,5.0,19,0.456027957981943,103,21,20,7,13,14,83.0,97,20,1,4.0,20.0,True,True
CART,time,0,C_b20_r10,C,0.2,10.0,19,0.456027957981943,103,21,20,7,13,14,153.0,97,20,1,9.0,20.0,True,True
CART,time,0,C_b20_r20,C,0.2,20.0,19,0.456027957981943,103,21,20,7,13,14,293.0,97,20,1,19.0,20.0,True,True
CART,time,0,C_b20_r50,C,0.2,50.0,19,0.456027957981943,103,21,20,7,13,14,713.0,97,20,1,49.0,20.0,True,True
CART,time,1,A_b01,A,0.01,,2,0.23921520414676783,207,1,2,0,2,1,,176,3,1,,2.0,,True
CART,time,1,A_b05,A,0.05,,10,0.150274229844754,207,1,10,0,10,1,,176,11,1,,10.0,,True
CART,time,1,A_b10,A,0.1,,20,0.10727316580479981,207,1,20,0,20,1,,176,21,1,,20.0,,True
CART,time,1,A_b20,A,0.2,,41,0.06454490548664643,207,1,41,0,41,1,,176,42,1,,41.0,,True
CART,time,1,B_r05,B,,5.0,0,inf,207,1,0,0,0,1,5.0,176,176,1,1.0,,False,True
CART,time,1,B_r10,B,,10.0,0,inf,207,1,0,0,0,1,10.0,176,176,1,1.0,,False,True
CART,time,1,B_r20,B,,20.0,0,inf,207,1,0,0,0,1,20.0,176,176,1,1.0,,False,True
CART,time,1,B_r50,B,,50.0,0,inf,207,1,0,0,0,1,50.0,176,176,1,1.0,,False,True
CART,time,1,C_b01_r05,C,0.01,5.0,0,inf,207,1,0,0,0,1,5.0,176,3,1,1.0,2.0,False,True
CART,time,1,C_b01_r10,C,0.01,10.0,0,inf,207,1,0,0,0,1,10.0,176,3,1,1.0,2.0,False,True
CART,time,1,C_b01_r20,C,0.01,20.0,0,inf,207,1,0,0,0,1,20.0,176,3,1,1.0,2.0,False,True
CART,time,1,C_b01_r50,C,0.01,50.0,0,inf,207,1,0,0,0,1,50.0,176,3,1,1.0,2.0,False,True
CART,time,1,C_b05_r05,C,0.05,5.0,0,inf,207,1,0,0,0,1,5.0,176,11,1,1.0,10.0,False,True
CART,time,1,C_b05_r10,C,0.05,10.0,0,inf,207,1,0,0,0,1,10.0,176,11,1,1.0,10.0,False,True
CART,time,1,C_b05_r20,C,0.05,20.0,0,inf,207,1,0,0,0,1,20.0,176,11,1,1.0,10.0,False,True
CART,time,1,C_b05_r50,C,0.05,50.0,0,inf,207,1,0,0,0,1,50.0,176,11,1,1.0,10.0,False,True
CART,time,1,C_b10_r05,C,0.1,5.0,0,inf,207,1,0,0,0,1,5.0,176,21,1,1.0,20.0,False,True
CART,time,1,C_b10_r10,C,0.1,10.0,0,inf,207,1,0,0,0,1,10.0,176,21,1,1.0,20.0,False,True
CART,time,1,C_b10_r20,C,0.1,20.0,0,inf,207,1,0,0,0,1,20.0,176,21,1,1.0,20.0,False,True
CART,time,1,C_b10_r50,C,0.1,50.0,0,inf,207,1,0,0,0,1,50.0,176,21,1,1.0,20.0,False,True
CART,time,1,C_b20_r05,C,0.2,5.0,0,inf,207,1,0,0,0,1,5.0,176,42,1,1.0,41.0,False,True
CART,time,1,C_b20_r10,C,0.2,10.0,0,inf,207,1,0,0,0,1,10.0,176,42,1,1.0,41.0,False,True
CART,time,1,C_b20_r20,C,0.2,20.0,0,inf,207,1,0,0,0,1,20.0,176,42,1,1.0,41.0,False,True
CART,time,1,C_b20_r50,C,0.2,50.0,0,inf,207,1,0,0,0,1,50.0,176,42,1,1.0,41.0,False,True
CART,time,2,A_b01,A,0.01,,3,0.2622481365305015,310,7,3,0,3,7,,304,4,1,,3.0,,True
CART,time,2,A_b05,A,0.05,,15,0.17076480854125148,310,7,15,0,15,7,,304,16,1,,15.0,,True
CART,time,2,A_b10,A,0.1,,31,0.12791058084079773,310,7,31,1,30,6,,304,32,1,,31.0,,True
CART,time,2,A_b20,A,0.2,,61,0.07152756414096476,310,7,62,1,61,6,,304,62,1,,62.0,,True
CART,time,2,B_r05,B,,5.0,0,inf,310,7,0,0,0,7,35.0,304,304,1,1.0,,False,True
CART,time,2,B_r10,B,,10.0,0,inf,310,7,0,0,0,7,70.0,304,304,1,1.0,,False,True
CART,time,2,B_r20,B,,20.0,111,0.037425922325473225,310,7,113,6,107,1,127.0,304,304,1,1.0,,False,True
CART,time,2,B_r50,B,,50.0,111,0.037425922325473225,310,7,113,6,107,1,157.0,304,304,1,1.0,,False,True
CART,time,2,C_b01_r05,C,0.01,5.0,0,inf,310,7,0,0,0,7,35.0,304,4,1,1.0,3.0,False,True
CART,time,2,C_b01_r10,C,0.01,10.0,0,inf,310,7,0,0,0,7,70.0,304,4,1,1.0,3.0,False,True
CART,time,2,C_b01_r20,C,0.01,20.0,0,inf,310,7,0,0,0,7,140.0,304,4,1,1.0,3.0,True,True
CART,time,2,C_b01_r50,C,0.01,50.0,0,inf,310,7,0,0,0,7,350.0,304,4,1,1.0,3.0,True,True
CART,time,2,C_b05_r05,C,0.05,5.0,0,inf,310,7,0,0,0,7,35.0,304,16,1,1.0,15.0,False,True
CART,time,2,C_b05_r10,C,0.05,10.0,0,inf,310,7,0,0,0,7,70.0,304,16,1,1.0,15.0,False,True
CART,time,2,C_b05_r20,C,0.05,20.0,0,inf,310,7,0,0,0,7,140.0,304,16,1,1.0,15.0,True,True
CART,time,2,C_b05_r50,C,0.05,50.0,0,inf,310,7,0,0,0,7,350.0,304,16,1,1.0,15.0,True,True
CART,time,2,C_b10_r05,C,0.1,5.0,0,inf,310,7,0,0,0,7,35.0,304,32,1,1.0,31.0,False,True
CART,time,2,C_b10_r10,C,0.1,10.0,0,inf,310,7,0,0,0,7,70.0,304,32,1,1.0,31.0,False,True
CART,time,2,C_b10_r20,C,0.1,20.0,0,inf,310,7,0,0,0,7,140.0,304,32,1,1.0,31.0,True,True
CART,time,2,C_b10_r50,C,0.1,50.0,27,0.1355271674979766,310,7,27,1,26,6,326.0,304,32,1,1.0,31.0,True,True
CART,time,2,C_b20_r05,C,0.2,5.0,0,inf,310,7,0,0,0,7,35.0,304,62,1,1.0,62.0,False,True
CART,time,2,C_b20_r10,C,0.2,10.0,0,inf,310,7,0,0,0,7,70.0,304,62,1,1.0,62.0,False,True
CART,time,2,C_b20_r20,C,0.2,20.0,0,inf,310,7,0,0,0,7,140.0,304,62,1,1.0,62.0,True,True
CART,time,2,C_b20_r50,C,0.2,50.0,27,0.1355271674979766,310,7,27,1,26,6,326.0,304,62,1,1.0,62.0,True,True
CART,time,3,A_b01,A,0.01,,4,0.14280884392365858,413,20,4,0,4,20,,389,5,1,,4.0,,True
CART,time,3,A_b05,A,0.05,,20,0.11873715302235212,413,20,20,2,18,18,,389,21,1,,20.0,,True
CART,time,3,A_b10,A,0.1,,41,0.09288742825016301,413,20,41,4,37,16,,389,42,1,,41.0,,True
CART,time,3,A_b20,A,0.2,,81,0.06423399546653104,413,20,82,7,75,13,,389,82,1,,82.0,,True
CART,time,3,B_r05,B,,5.0,0,inf,413,20,0,0,0,20,100.0,389,389,1,1.0,,False,True
CART,time,3,B_r10,B,,10.0,32,0.10255991756939571,413,20,32,4,28,16,188.0,389,389,1,1.0,,False,True
CART,time,3,B_r20,B,,20.0,71,0.07314481657868306,413,20,72,7,65,13,325.0,389,389,1,1.0,,False,True
CART,time,3,B_r50,B,,50.0,323,0.010340200069840402,413,20,339,19,320,1,370.0,389,389,1,1.0,,False,True
CART,time,3,C_b01_r05,C,0.01,5.0,0,inf,413,20,0,0,0,20,100.0,389,5,1,1.0,4.0,False,True
CART,time,3,C_b01_r10,C,0.01,10.0,0,inf,413,20,0,0,0,20,200.0,389,5,1,1.0,4.0,True,True
CART,time,3,C_b01_r20,C,0.01,20.0,0,inf,413,20,0,0,0,20,400.0,389,5,1,1.0,4.0,True,True
CART,time,3,C_b01_r50,C,0.01,50.0,0,inf,413,20,0,0,0,20,1000.0,389,5,1,1.0,4.0,True,True
CART,time,3,C_b05_r05,C,0.05,5.0,0,inf,413,20,0,0,0,20,100.0,389,21,1,1.0,20.0,False,True
CART,time,3,C_b05_r10,C,0.05,10.0,16,0.12118938168925211,413,20,16,2,14,18,194.0,389,21,1,1.0,20.0,True,True
CART,time,3,C_b05_r20,C,0.05,20.0,16,0.12118938168925211,413,20,16,2,14,18,374.0,389,21,1,1.0,20.0,True,True
CART,time,3,C_b05_r50,C,0.05,50.0,16,0.12118938168925211,413,20,16,2,14,18,914.0,389,21,1,1.0,20.0,True,True
CART,time,3,C_b10_r05,C,0.1,5.0,0,inf,413,20,0,0,0,20,100.0,389,42,1,1.0,41.0,False,True
CART,time,3,C_b10_r10,C,0.1,10.0,32,0.10255991756939571,413,20,32,4,28,16,188.0,389,42,1,1.0,41.0,False,True
CART,time,3,C_b10_r20,C,0.1,20.0,32,0.10255991756939571,413,20,32,4,28,16,348.0,389,42,1,1.0,41.0,True,True
CART,time,3,C_b10_r50,C,0.1,50.0,32,0.10255991756939571,413,20,32,4,28,16,828.0,389,42,1,1.0,41.0,True,True
CART,time,3,C_b20_r05,C,0.2,5.0,0,inf,413,20,0,0,0,20,100.0,389,82,1,1.0,82.0,False,True
CART,time,3,C_b20_r10,C,0.2,10.0,32,0.10255991756939571,413,20,32,4,28,16,188.0,389,82,1,1.0,82.0,False,True
CART,time,3,C_b20_r20,C,0.2,20.0,71,0.07314481657868306,413,20,72,7,65,13,325.0,389,82,1,1.0,82.0,False,True
CART,time,3,C_b20_r50,C,0.2,50.0,71,0.07314481657868306,413,20,72,7,65,13,715.0,389,82,1,1.0,82.0,True,True
CART,holdout,0,A_b01,A,0.01,,3,0.31602981978814315,361,21,3,0,3,21,,350,4,1,,3.0,,True
CART,holdout,0,A_b05,A,0.05,,18,0.20016908249216867,361,21,18,1,17,20,,350,19,1,,18.0,,True
CART,holdout,0,A_b10,A,0.1,,36,0.17576033390186221,361,21,36,2,34,19,,350,37,1,,36.0,,True
CART,holdout,0,A_b20,A,0.2,,72,0.10620769541124624,361,21,72,6,66,15,,350,73,1,,72.0,,True
CART,holdout,0,B_r05,B,,5.0,0,inf,361,21,0,0,0,21,105.0,350,350,2,0.0,,False,True
CART,holdout,0,B_r10,B,,10.0,6,0.2566242016292342,361,21,6,1,5,20,205.0,350,350,1,1.0,,False,True
CART,holdout,0,B_r20,B,,20.0,142,0.05100462183002183,361,21,142,11,131,10,331.0,350,350,1,1.0,,False,True
CART,holdout,0,B_r50,B,,50.0,348,0.0019909031011866975,361,21,359,21,338,0,338.0,350,350,1,2.0,,False,True
CART,holdout,0,C_b01_r05,C,0.01,5.0,0,inf,361,21,0,0,0,21,105.0,350,4,1,1.0,3.0,False,True
CART,holdout,0,C_b01_r10,C,0.01,10.0,0,inf,361,21,0,0,0,21,210.0,350,4,1,1.0,3.0,True,True
CART,holdout,0,C_b01_r20,C,0.01,20.0,0,inf,361,21,0,0,0,21,420.0,350,4,1,1.0,3.0,True,True
CART,holdout,0,C_b01_r50,C,0.01,50.0,0,inf,361,21,0,0,0,21,1050.0,350,4,1,1.0,3.0,True,True
CART,holdout,0,C_b05_r05,C,0.05,5.0,0,inf,361,21,0,0,0,21,105.0,350,19,2,0.0,18.0,False,True
CART,holdout,0,C_b05_r10,C,0.05,10.0,6,0.2566242016292342,361,21,6,1,5,20,205.0,350,19,1,1.0,18.0,False,True
CART,holdout,0,C_b05_r20,C,0.05,20.0,6,0.2566242016292342,361,21,6,1,5,20,405.0,350,19,1,1.0,18.0,True,True
CART,holdout,0,C_b05_r50,C,0.05,50.0,6,0.2566242016292342,361,21,6,1,5,20,1005.0,350,19,1,1.0,18.0,True,True
CART,holdout,0,C_b10_r05,C,0.1,5.0,0,inf,361,21,0,0,0,21,105.0,350,37,2,0.0,36.0,False,True
CART,holdout,0,C_b10_r10,C,0.1,10.0,6,0.2566242016292342,361,21,6,1,5,20,205.0,350,37,1,1.0,36.0,False,True
CART,holdout,0,C_b10_r20,C,0.1,20.0,26,0.1840957821271718,361,21,26,2,24,19,404.0,350,37,1,1.0,36.0,True,True
CART,holdout,0,C_b10_r50,C,0.1,50.0,26,0.1840957821271718,361,21,26,2,24,19,974.0,350,37,1,1.0,36.0,True,True
CART,holdout,0,C_b20_r05,C,0.2,5.0,0,inf,361,21,0,0,0,21,105.0,350,73,2,0.0,72.0,False,True
CART,holdout,0,C_b20_r10,C,0.2,10.0,6,0.2566242016292342,361,21,6,1,5,20,205.0,350,73,1,1.0,72.0,False,True
CART,holdout,0,C_b20_r20,C,0.2,20.0,69,0.10868778588404455,361,21,69,6,63,15,363.0,350,73,1,1.0,72.0,True,True
CART,holdout,0,C_b20_r50,C,0.2,50.0,69,0.10868778588404455,361,21,69,6,63,15,813.0,350,73,1,1.0,72.0,True,True
