model,scheme,fold,workflow,budget,cost,cohort,n,C_alerts,A_alerts,alerts_delta,C_tp,A_tp,tp_delta,C_fp,A_fp,fp_delta,C_fn,A_fn,fn_delta,C_excess,A_excess,excess_delta,C_loss100,A_loss100,loss100_delta
XGBoost,time,0,fixed,0.01,5,phase_or_holdout,516,0,8,-8,0,0,0,0,8,-8,36,36,0,0.0,3.0,-3.0,34.88372093023256,36.43410852713178,-1.5503875968992133
XGBoost,time,0,fixed,0.01,10,phase_or_holdout,516,0,8,-8,0,0,0,0,8,-8,36,36,0,0.0,3.0,-3.0,69.76744186046511,71.31782945736434,-1.5503875968992276
XGBoost,time,0,fixed,0.01,20,phase_or_holdout,516,0,8,-8,0,0,0,0,8,-8,36,36,0,0.0,3.0,-3.0,139.53488372093022,141.08527131782947,-1.5503875968992418
XGBoost,time,0,fixed,0.01,50,phase_or_holdout,516,0,8,-8,0,0,0,0,8,-8,36,36,0,0.0,3.0,-3.0,348.8372093023256,350.38759689922483,-1.5503875968992133
XGBoost,time,0,fixed,0.05,5,phase_or_holdout,516,8,10,-2,0,0,0,8,10,-2,36,36,0,0.0,0.0,0.0,36.43410852713178,36.82170542635659,-0.38759689922481044
XGBoost,time,0,fixed,0.05,10,phase_or_holdout,516,8,10,-2,0,0,0,8,10,-2,36,36,0,0.0,0.0,0.0,71.31782945736434,71.70542635658914,-0.38759689922480334
XGBoost,time,0,fixed,0.05,20,phase_or_holdout,516,8,10,-2,0,0,0,8,10,-2,36,36,0,0.0,0.0,0.0,141.08527131782947,141.47286821705427,-0.38759689922480334
XGBoost,time,0,fixed,0.05,50,phase_or_holdout,516,8,10,-2,0,0,0,8,10,-2,36,36,0,0.0,0.0,0.0,350.38759689922483,350.7751937984496,-0.3875968992247749
XGBoost,time,0,fixed,0.1,5,phase_or_holdout,516,8,11,-3,0,0,0,8,11,-3,36,36,0,0.0,0.0,0.0,36.43410852713178,37.01550387596899,-0.5813953488372121
XGBoost,time,0,fixed,0.1,10,phase_or_holdout,516,11,11,0,0,0,0,11,11,0,36,36,0,0.0,0.0,0.0,71.89922480620154,71.89922480620154,0.0
XGBoost,time,0,fixed,0.1,20,phase_or_holdout,516,11,11,0,0,0,0,11,11,0,36,36,0,0.0,0.0,0.0,141.66666666666666,141.66666666666666,0.0
XGBoost,time,0,fixed,0.1,50,phase_or_holdout,516,11,11,0,0,0,0,11,11,0,36,36,0,0.0,0.0,0.0,350.968992248062,350.968992248062,0.0
XGBoost,time,0,fixed,0.2,5,phase_or_holdout,516,17,21,-4,1,2,-1,16,19,-3,35,34,1,0.0,0.0,0.0,37.01550387596899,36.627906976744185,0.38759689922480334
XGBoost,time,0,fixed,0.2,10,phase_or_holdout,516,17,21,-4,1,2,-1,16,19,-3,35,34,1,0.0,0.0,0.0,70.93023255813954,69.57364341085271,1.356589147286826
XGBoost,time,0,fixed,0.2,20,phase_or_holdout,516,17,21,-4,1,2,-1,16,19,-3,35,34,1,0.0,0.0,0.0,138.75968992248062,135.46511627906978,3.2945736434108426
XGBoost,time,0,fixed,0.2,50,phase_or_holdout,516,17,21,-4,1,2,-1,16,19,-3,35,34,1,0.0,0.0,0.0,342.2480620155039,333.13953488372096,9.108527131782921
XGBoost,time,0,refitted,0.01,5,phase_or_holdout,516,0,4,-4,0,0,0,0,4,-4,36,36,0,0.0,0.0,0.0,34.88372093023256,35.65891472868217,-0.7751937984496067
XGBoost,time,0,refitted,0.01,10,phase_or_holdout,516,0,4,-4,0,0,0,0,4,-4,36,36,0,0.0,0.0,0.0,69.76744186046511,70.54263565891473,-0.7751937984496209
XGBoost,time,0,refitted,0.01,20,phase_or_holdout,516,0,4,-4,0,0,0,0,4,-4,36,36,0,0.0,0.0,0.0,139.53488372093022,140.31007751937983,-0.7751937984496067
XGBoost,time,0,refitted,0.01,50,phase_or_holdout,516,0,4,-4,0,0,0,0,4,-4,36,36,0,0.0,0.0,0.0,348.8372093023256,349.6124031007752,-0.7751937984496067
XGBoost,time,0,refitted,0.05,5,phase_or_holdout,516,4,5,-1,0,0,0,4,5,-1,36,36,0,0.0,0.0,0.0,35.65891472868217,35.85271317829457,-0.19379844961240167
XGBoost,time,0,refitted,0.05,10,phase_or_holdout,516,4,5,-1,0,0,0,4,5,-1,36,36,0,0.0,0.0,0.0,70.54263565891473,70.73643410852713,-0.19379844961240167
XGBoost,time,0,refitted,0.05,20,phase_or_holdout,516,4,5,-1,0,0,0,4,5,-1,36,36,0,0.0,0.0,0.0,140.31007751937983,140.50387596899225,-0.19379844961241588
XGBoost,time,0,refitted,0.05,50,phase_or_holdout,516,4,5,-1,0,0,0,4,5,-1,36,36,0,0.0,0.0,0.0,349.6124031007752,349.8062015503876,-0.19379844961235904
XGBoost,time,0,refitted,0.1,5,phase_or_holdout,516,4,5,-1,0,0,0,4,5,-1,36,36,0,0.0,0.0,0.0,35.65891472868217,35.85271317829457,-0.19379844961240167
XGBoost,time,0,refitted,0.1,10,phase_or_holdout,516,5,5,0,0,0,0,5,5,0,36,36,0,0.0,0.0,0.0,70.73643410852713,70.73643410852713,0.0
XGBoost,time,0,refitted,0.1,20,phase_or_holdout,516,5,5,0,0,0,0,5,5,0,36,36,0,0.0,0.0,0.0,140.50387596899225,140.50387596899225,0.0
XGBoost,time,0,refitted,0.1,50,phase_or_holdout,516,5,5,0,0,0,0,5,5,0,36,36,0,0.0,0.0,0.0,349.8062015503876,349.8062015503876,0.0
XGBoost,time,0,refitted,0.2,5,phase_or_holdout,516,6,7,-1,0,0,0,6,7,-1,36,36,0,0.0,0.0,0.0,36.04651162790697,36.24031007751938,-0.19379844961240877
XGBoost,time,0,refitted,0.2,10,phase_or_holdout,516,6,7,-1,0,0,0,6,7,-1,36,36,0,0.0,0.0,0.0,70.93023255813954,71.12403100775194,-0.19379844961240167
XGBoost,time,0,refitted,0.2,20,phase_or_holdout,516,6,7,-1,0,0,0,6,7,-1,36,36,0,0.0,0.0,0.0,140.69767441860466,140.89147286821705,-0.19379844961238746
XGBoost,time,0,refitted,0.2,50,phase_or_holdout,516,6,7,-1,0,0,0,6,7,-1,36,36,0,0.0,0.0,0.0,350.0,350.1937984496124,-0.19379844961241588
XGBoost,time,1,fixed,0.01,5,phase_or_holdout,515,0,37,-37,0,0,0,0,37,-37,10,10,0,0.0,32.0,-32.0,9.70873786407767,16.893203883495147,-7.184466019417478
XGBoost,time,1,fixed,0.01,10,phase_or_holdout,515,0,37,-37,0,0,0,0,37,-37,10,10,0,0.0,32.0,-32.0,19.41747572815534,26.601941747572816,-7.184466019417478
XGBoost,time,1,fixed,0.01,20,phase_or_holdout,515,0,37,-37,0,0,0,0,37,-37,10,10,0,0.0,32.0,-32.0,38.83495145631068,46.01941747572816,-7.184466019417485
XGBoost,time,1,fixed,0.01,50,phase_or_holdout,515,0,37,-37,0,0,0,0,37,-37,10,10,0,0.0,32.0,-32.0,97.0873786407767,104.27184466019418,-7.184466019417471
XGBoost,time,1,fixed,0.05,5,phase_or_holdout,515,0,67,-67,0,0,0,0,67,-67,10,10,0,0.0,42.0,-42.0,9.70873786407767,22.718446601941743,-13.009708737864074
XGBoost,time,1,fixed,0.05,10,phase_or_holdout,515,0,67,-67,0,0,0,0,67,-67,10,10,0,0.0,42.0,-42.0,19.41747572815534,32.42718446601942,-13.00970873786408
XGBoost,time,1,fixed,0.05,20,phase_or_holdout,515,0,67,-67,0,0,0,0,67,-67,10,10,0,0.0,42.0,-42.0,38.83495145631068,51.84466019417476,-13.00970873786408
XGBoost,time,1,fixed,0.05,50,phase_or_holdout,515,0,67,-67,0,0,0,0,67,-67,10,10,0,0.0,42.0,-42.0,97.0873786407767,110.09708737864078,-13.009708737864074
XGBoost,time,1,fixed,0.1,5,phase_or_holdout,515,0,113,-113,0,3,-3,0,110,-110,10,7,3,0.0,62.0,-62.0,9.70873786407767,28.155339805825243,-18.446601941747574
XGBoost,time,1,fixed,0.1,10,phase_or_holdout,515,0,113,-113,0,3,-3,0,110,-110,10,7,3,0.0,62.0,-62.0,19.41747572815534,34.95145631067961,-15.533980582524272
XGBoost,time,1,fixed,0.1,20,phase_or_holdout,515,0,113,-113,0,3,-3,0,110,-110,10,7,3,0.0,62.0,-62.0,38.83495145631068,48.54368932038835,-9.708737864077676
XGBoost,time,1,fixed,0.1,50,phase_or_holdout,515,0,113,-113,0,3,-3,0,110,-110,10,7,3,0.0,62.0,-62.0,97.0873786407767,89.32038834951456,7.766990291262147
XGBoost,time,1,fixed,0.2,5,phase_or_holdout,515,0,254,-254,0,6,-6,0,248,-248,10,4,6,0.0,151.0,-151.0,9.70873786407767,52.03883495145631,-42.33009708737864
XGBoost,time,1,fixed,0.2,10,phase_or_holdout,515,0,254,-254,0,6,-6,0,248,-248,10,4,6,0.0,151.0,-151.0,19.41747572815534,55.922330097087375,-36.50485436893204
XGBoost,time,1,fixed,0.2,20,phase_or_holdout,515,0,254,-254,0,6,-6,0,248,-248,10,4,6,0.0,151.0,-151.0,38.83495145631068,63.68932038834952,-24.854368932038845
XGBoost,time,1,fixed,0.2,50,phase_or_holdout,515,0,254,-254,0,6,-6,0,248,-248,10,4,6,0.0,151.0,-151.0,97.0873786407767,86.99029126213593,10.09708737864078
XGBoost,time,1,refitted,0.01,5,phase_or_holdout,515,0,31,-31,0,0,0,0,31,-31,10,10,0,0.0,26.0,-26.0,9.70873786407767,15.728155339805824,-6.019417475728154
XGBoost,time,1,refitted,0.01,10,phase_or_holdout,515,0,31,-31,0,0,0,0,31,-31,10,10,0,0.0,26.0,-26.0,19.41747572815534,25.436893203883496,-6.019417475728158
XGBoost,time,1,refitted,0.01,20,phase_or_holdout,515,0,31,-31,0,0,0,0,31,-31,10,10,0,0.0,26.0,-26.0,38.83495145631068,44.85436893203884,-6.0194174757281615
XGBoost,time,1,refitted,0.01,50,phase_or_holdout,515,0,31,-31,0,0,0,0,31,-31,10,10,0,0.0,26.0,-26.0,97.0873786407767,103.10679611650484,-6.019417475728133
XGBoost,time,1,refitted,0.05,5,phase_or_holdout,515,0,52,-52,0,0,0,0,52,-52,10,10,0,0.0,27.0,-27.0,9.70873786407767,19.805825242718445,-10.097087378640776
XGBoost,time,1,refitted,0.05,10,phase_or_holdout,515,0,52,-52,0,0,0,0,52,-52,10,10,0,0.0,27.0,-27.0,19.41747572815534,29.51456310679612,-10.097087378640783
XGBoost,time,1,refitted,0.05,20,phase_or_holdout,515,0,52,-52,0,0,0,0,52,-52,10,10,0,0.0,27.0,-27.0,38.83495145631068,48.932038834951456,-10.09708737864078
XGBoost,time,1,refitted,0.05,50,phase_or_holdout,515,0,52,-52,0,0,0,0,52,-52,10,10,0,0.0,27.0,-27.0,97.0873786407767,107.18446601941748,-10.09708737864078
XGBoost,time,1,refitted,0.1,5,phase_or_holdout,515,0,72,-72,0,1,-1,0,71,-71,10,9,1,0.0,21.0,-21.0,9.70873786407767,22.524271844660195,-12.815533980582526
XGBoost,time,1,refitted,0.1,10,phase_or_holdout,515,0,72,-72,0,1,-1,0,71,-71,10,9,1,0.0,21.0,-21.0,19.41747572815534,31.262135922330096,-11.844660194174757
XGBoost,time,1,refitted,0.1,20,phase_or_holdout,515,0,72,-72,0,1,-1,0,71,-71,10,9,1,0.0,21.0,-21.0,38.83495145631068,48.737864077669904,-9.902912621359228
XGBoost,time,1,refitted,0.1,50,phase_or_holdout,515,0,72,-72,0,1,-1,0,71,-71,10,9,1,0.0,21.0,-21.0,97.0873786407767,101.16504854368932,-4.077669902912618
XGBoost,time,1,refitted,0.2,5,phase_or_holdout,515,0,157,-157,0,6,-6,0,151,-151,10,4,6,0.0,54.0,-54.0,9.70873786407767,33.20388349514563,-23.495145631067963
XGBoost,time,1,refitted,0.2,10,phase_or_holdout,515,0,157,-157,0,6,-6,0,151,-151,10,4,6,0.0,54.0,-54.0,19.41747572815534,37.0873786407767,-17.66990291262136
XGBoost,time,1,refitted,0.2,20,phase_or_holdout,515,0,157,-157,0,6,-6,0,151,-151,10,4,6,0.0,54.0,-54.0,38.83495145631068,44.85436893203884,-6.0194174757281615
XGBoost,time,1,refitted,0.2,50,phase_or_holdout,515,0,157,-157,0,6,-6,0,151,-151,10,4,6,0.0,54.0,-54.0,97.0873786407767,68.15533980582525,28.932038834951456
XGBoost,time,2,fixed,0.01,5,phase_or_holdout,516,0,8,-8,0,0,0,0,8,-8,24,24,0,0.0,3.0,-3.0,23.25581395348837,24.8062015503876,-1.5503875968992276
XGBoost,time,2,fixed,0.01,10,phase_or_holdout,516,0,8,-8,0,0,0,0,8,-8,24,24,0,0.0,3.0,-3.0,46.51162790697674,48.06201550387597,-1.5503875968992276
XGBoost,time,2,fixed,0.01,20,phase_or_holdout,516,0,8,-8,0,0,0,0,8,-8,24,24,0,0.0,3.0,-3.0,93.02325581395348,94.57364341085272,-1.5503875968992418
XGBoost,time,2,fixed,0.01,50,phase_or_holdout,516,0,8,-8,0,0,0,0,8,-8,24,24,0,0.0,3.0,-3.0,232.5581395348837,234.10852713178292,-1.5503875968992133
XGBoost,time,2,fixed,0.05,5,phase_or_holdout,516,0,55,-55,0,6,-6,0,49,-49,24,18,6,0.0,30.0,-30.0,23.25581395348837,26.93798449612403,-3.68217054263566
XGBoost,time,2,fixed,0.05,10,phase_or_holdout,516,0,55,-55,0,6,-6,0,49,-49,24,18,6,0.0,30.0,-30.0,46.51162790697674,44.37984496124031,2.1317829457364326
XGBoost,time,2,fixed,0.05,20,phase_or_holdout,516,0,55,-55,0,6,-6,0,49,-49,24,18,6,0.0,30.0,-30.0,93.02325581395348,79.26356589147287,13.759689922480618
XGBoost,time,2,fixed,0.05,50,phase_or_holdout,516,0,55,-55,0,6,-6,0,49,-49,24,18,6,0.0,30.0,-30.0,232.5581395348837,183.91472868217053,48.643410852713174
XGBoost,time,2,fixed,0.1,5,phase_or_holdout,516,0,71,-71,0,7,-7,0,64,-64,24,17,7,0.0,20.0,-20.0,23.25581395348837,28.875968992248065,-5.620155038759695
XGBoost,time,2,fixed,0.1,10,phase_or_holdout,516,0,71,-71,0,7,-7,0,64,-64,24,17,7,0.0,20.0,-20.0,46.51162790697674,45.34883720930232,1.1627906976744242
XGBoost,time,2,fixed,0.1,20,phase_or_holdout,516,0,71,-71,0,7,-7,0,64,-64,24,17,7,0.0,20.0,-20.0,93.02325581395348,78.29457364341086,14.728682170542626
XGBoost,time,2,fixed,0.1,50,phase_or_holdout,516,0,71,-71,0,7,-7,0,64,-64,24,17,7,0.0,20.0,-20.0,232.5581395348837,177.13178294573643,55.426356589147275
XGBoost,time,2,fixed,0.2,5,phase_or_holdout,516,0,170,-170,0,10,-10,0,160,-160,24,14,10,0.0,67.0,-67.0,23.25581395348837,44.57364341085271,-21.31782945736434
XGBoost,time,2,fixed,0.2,10,phase_or_holdout,516,0,170,-170,0,10,-10,0,160,-160,24,14,10,0.0,67.0,-67.0,46.51162790697674,58.13953488372093,-11.627906976744185
XGBoost,time,2,fixed,0.2,20,phase_or_holdout,516,0,170,-170,0,10,-10,0,160,-160,24,14,10,0.0,67.0,-67.0,93.02325581395348,85.27131782945736,7.751937984496124
XGBoost,time,2,fixed,0.2,50,phase_or_holdout,516,0,170,-170,0,10,-10,0,160,-160,24,14,10,0.0,67.0,-67.0,232.5581395348837,166.66666666666666,65.89147286821705
XGBoost,time,2,refitted,0.01,5,phase_or_holdout,516,0,3,-3,0,0,0,0,3,-3,24,24,0,0.0,0.0,0.0,23.25581395348837,23.837209302325583,-0.5813953488372121
XGBoost,time,2,refitted,0.01,10,phase_or_holdout,516,0,3,-3,0,0,0,0,3,-3,24,24,0,0.0,0.0,0.0,46.51162790697674,47.093023255813954,-0.5813953488372121
XGBoost,time,2,refitted,0.01,20,phase_or_holdout,516,0,3,-3,0,0,0,0,3,-3,24,24,0,0.0,0.0,0.0,93.02325581395348,93.6046511627907,-0.5813953488372192
XGBoost,time,2,refitted,0.01,50,phase_or_holdout,516,0,3,-3,0,0,0,0,3,-3,24,24,0,0.0,0.0,0.0,232.5581395348837,233.13953488372093,-0.5813953488372192
XGBoost,time,2,refitted,0.05,5,phase_or_holdout,516,0,47,-47,0,4,-4,0,43,-43,24,20,4,0.0,22.0,-22.0,23.25581395348837,27.713178294573645,-4.457364341085274
XGBoost,time,2,refitted,0.05,10,phase_or_holdout,516,0,47,-47,0,4,-4,0,43,-43,24,20,4,0.0,22.0,-22.0,46.51162790697674,47.093023255813954,-0.5813953488372121
XGBoost,time,2,refitted,0.05,20,phase_or_holdout,516,0,47,-47,0,4,-4,0,43,-43,24,20,4,0.0,22.0,-22.0,93.02325581395348,85.85271317829458,7.170542635658904
XGBoost,time,2,refitted,0.05,50,phase_or_holdout,516,0,47,-47,0,4,-4,0,43,-43,24,20,4,0.0,22.0,-22.0,232.5581395348837,202.13178294573643,30.426356589147275
XGBoost,time,2,refitted,0.1,5,phase_or_holdout,516,0,68,-68,0,7,-7,0,61,-61,24,17,7,0.0,17.0,-17.0,23.25581395348837,28.294573643410853,-5.0387596899224825
XGBoost,time,2,refitted,0.1,10,phase_or_holdout,516,0,68,-68,0,7,-7,0,61,-61,24,17,7,0.0,17.0,-17.0,46.51162790697674,44.76744186046512,1.7441860465116221
XGBoost,time,2,refitted,0.1,20,phase_or_holdout,516,0,68,-68,0,7,-7,0,61,-61,24,17,7,0.0,17.0,-17.0,93.02325581395348,77.71317829457364,15.310077519379846
XGBoost,time,2,refitted,0.1,50,phase_or_holdout,516,0,68,-68,0,7,-7,0,61,-61,24,17,7,0.0,17.0,-17.0,232.5581395348837,176.5503875968992,56.007751937984494
XGBoost,time,2,refitted,0.2,5,phase_or_holdout,516,0,252,-252,0,13,-13,0,239,-239,24,11,13,0.0,149.0,-149.0,23.25581395348837,56.97674418604651,-33.72093023255814
XGBoost,time,2,refitted,0.2,10,phase_or_holdout,516,0,252,-252,0,13,-13,0,239,-239,24,11,13,0.0,149.0,-149.0,46.51162790697674,67.63565891472868,-21.124031007751938
XGBoost,time,2,refitted,0.2,20,phase_or_holdout,516,0,252,-252,0,13,-13,0,239,-239,24,11,13,0.0,149.0,-149.0,93.02325581395348,88.95348837209302,4.0697674418604635
XGBoost,time,2,refitted,0.2,50,phase_or_holdout,516,0,252,-252,0,13,-13,0,239,-239,24,11,13,0.0,149.0,-149.0,232.5581395348837,152.90697674418604,79.65116279069767
XGBoost,time,3,fixed,0.01,5,phase_or_holdout,516,0,6,-6,0,0,0,0,6,-6,18,18,0,0.0,1.0,-1.0,17.441860465116278,18.6046511627907,-1.1627906976744207
XGBoost,time,3,fixed,0.01,10,phase_or_holdout,516,0,6,-6,0,0,0,0,6,-6,18,18,0,0.0,1.0,-1.0,34.88372093023256,36.04651162790697,-1.16279069767441
XGBoost,time,3,fixed,0.01,20,phase_or_holdout,516,0,6,-6,0,0,0,0,6,-6,18,18,0,0.0,1.0,-1.0,69.76744186046511,70.93023255813954,-1.1627906976744242
XGBoost,time,3,fixed,0.01,50,phase_or_holdout,516,0,6,-6,0,0,0,0,6,-6,18,18,0,0.0,1.0,-1.0,174.41860465116278,175.58139534883722,-1.1627906976744384
XGBoost,time,3,fixed,0.05,5,phase_or_holdout,516,17,34,-17,1,3,-2,16,31,-15,17,15,2,0.0,9.0,-9.0,19.573643410852718,20.54263565891473,-0.9689922480620119
XGBoost,time,3,fixed,0.05,10,phase_or_holdout,516,17,34,-17,1,3,-2,16,31,-15,17,15,2,0.0,9.0,-9.0,36.04651162790697,35.07751937984496,0.9689922480620154
XGBoost,time,3,fixed,0.05,20,phase_or_holdout,516,17,34,-17,1,3,-2,16,31,-15,17,15,2,0.0,9.0,-9.0,68.9922480620155,64.14728682170542,4.844961240310084
XGBoost,time,3,fixed,0.05,50,phase_or_holdout,516,17,34,-17,1,3,-2,16,31,-15,17,15,2,0.0,9.0,-9.0,167.8294573643411,151.35658914728683,16.47286821705427
XGBoost,time,3,fixed,0.1,5,phase_or_holdout,516,17,53,-36,1,4,-3,16,49,-33,17,14,3,0.0,2.0,-2.0,19.573643410852718,23.06201550387597,-3.4883720930232514
XGBoost,time,3,fixed,0.1,10,phase_or_holdout,516,17,53,-36,1,4,-3,16,49,-33,17,14,3,0.0,2.0,-2.0,36.04651162790697,36.627906976744185,-0.5813953488372121
XGBoost,time,3,fixed,0.1,20,phase_or_holdout,516,53,53,0,4,4,0,49,49,0,14,14,0,2.0,2.0,0.0,63.75968992248062,63.75968992248062,0.0
XGBoost,time,3,fixed,0.1,50,phase_or_holdout,516,53,53,0,4,4,0,49,49,0,14,14,0,2.0,2.0,0.0,145.15503875968992,145.15503875968992,0.0
XGBoost,time,3,fixed,0.2,5,phase_or_holdout,516,17,112,-95,1,7,-6,16,105,-89,17,11,6,0.0,9.0,-9.0,19.573643410852718,31.00775193798449,-11.434108527131773
XGBoost,time,3,fixed,0.2,10,phase_or_holdout,516,17,112,-95,1,7,-6,16,105,-89,17,11,6,0.0,9.0,-9.0,36.04651162790697,41.66666666666666,-5.620155038759684
XGBoost,time,3,fixed,0.2,20,phase_or_holdout,516,53,112,-59,4,7,-3,49,105,-56,14,11,3,0.0,9.0,-9.0,63.75968992248062,62.98449612403101,0.7751937984496067
XGBoost,time,3,fixed,0.2,50,phase_or_holdout,516,93,112,-19,5,7,-2,88,105,-17,13,11,2,0.0,9.0,-9.0,143.02325581395348,126.93798449612405,16.085271317829438
XGBoost,time,3,refitted,0.01,5,phase_or_holdout,516,0,6,-6,0,0,0,0,6,-6,18,18,0,0.0,1.0,-1.0,17.441860465116278,18.6046511627907,-1.1627906976744207
XGBoost,time,3,refitted,0.01,10,phase_or_holdout,516,0,6,-6,0,0,0,0,6,-6,18,18,0,0.0,1.0,-1.0,34.88372093023256,36.04651162790697,-1.16279069767441
XGBoost,time,3,refitted,0.01,20,phase_or_holdout,516,0,6,-6,0,0,0,0,6,-6,18,18,0,0.0,1.0,-1.0,69.76744186046511,70.93023255813954,-1.1627906976744242
XGBoost,time,3,refitted,0.01,50,phase_or_holdout,516,0,6,-6,0,0,0,0,6,-6,18,18,0,0.0,1.0,-1.0,174.41860465116278,175.58139534883722,-1.1627906976744384
XGBoost,time,3,refitted,0.05,5,phase_or_holdout,516,19,33,-14,1,3,-2,18,30,-12,17,15,2,0.0,8.0,-8.0,19.96124031007752,20.348837209302324,-0.38759689922480334
XGBoost,time,3,refitted,0.05,10,phase_or_holdout,516,19,33,-14,1,3,-2,18,30,-12,17,15,2,0.0,8.0,-8.0,36.43410852713178,34.88372093023256,1.5503875968992133
XGBoost,time,3,refitted,0.05,20,phase_or_holdout,516,19,33,-14,1,3,-2,18,30,-12,17,15,2,0.0,8.0,-8.0,69.37984496124031,63.95348837209303,5.426356589147282
XGBoost,time,3,refitted,0.05,50,phase_or_holdout,516,19,33,-14,1,3,-2,18,30,-12,17,15,2,0.0,8.0,-8.0,168.2170542635659,151.1627906976744,17.05426356589149
XGBoost,time,3,refitted,0.1,5,phase_or_holdout,516,19,48,-29,1,4,-3,18,44,-26,17,14,3,0.0,0.0,0.0,19.96124031007752,22.093023255813957,-2.131782945736436
XGBoost,time,3,refitted,0.1,10,phase_or_holdout,516,19,48,-29,1,4,-3,18,44,-26,17,14,3,0.0,0.0,0.0,36.43410852713178,35.65891472868217,0.7751937984496067
XGBoost,time,3,refitted,0.1,20,phase_or_holdout,516,48,48,0,4,4,0,44,44,0,14,14,0,0.0,0.0,0.0,62.7906976744186,62.7906976744186,0.0
XGBoost,time,3,refitted,0.1,50,phase_or_holdout,516,48,48,0,4,4,0,44,44,0,14,14,0,0.0,0.0,0.0,144.1860465116279,144.1860465116279,0.0
XGBoost,time,3,refitted,0.2,5,phase_or_holdout,516,19,136,-117,1,8,-7,18,128,-110,17,10,7,0.0,33.0,-33.0,19.96124031007752,34.49612403100775,-14.534883720930232
XGBoost,time,3,refitted,0.2,10,phase_or_holdout,516,19,136,-117,1,8,-7,18,128,-110,17,10,7,0.0,33.0,-33.0,36.43410852713178,44.18604651162791,-7.751937984496131
XGBoost,time,3,refitted,0.2,20,phase_or_holdout,516,48,136,-88,4,8,-4,44,128,-84,14,10,4,0.0,33.0,-33.0,62.7906976744186,63.565891472868216,-0.7751937984496138
XGBoost,time,3,refitted,0.2,50,phase_or_holdout,516,87,136,-49,6,8,-2,81,128,-47,12,10,2,0.0,33.0,-33.0,131.97674418604652,121.70542635658914,10.271317829457374
XGBoost,holdout,0,fixed,0.01,5,phase_or_holdout,774,0,1,-1,0,1,-1,0,0,0,26,25,1,0.0,0.0,0.0,16.795865633074936,16.149870801033593,0.6459948320413424
XGBoost,holdout,0,fixed,0.01,10,phase_or_holdout,774,0,1,-1,0,1,-1,0,0,0,26,25,1,0.0,0.0,0.0,33.59173126614987,32.299741602067186,1.291989664082685
XGBoost,holdout,0,fixed,0.01,20,phase_or_holdout,774,0,1,-1,0,1,-1,0,0,0,26,25,1,0.0,0.0,0.0,67.18346253229974,64.59948320413437,2.58397932816537
XGBoost,holdout,0,fixed,0.01,50,phase_or_holdout,774,0,1,-1,0,1,-1,0,0,0,26,25,1,0.0,0.0,0.0,167.95865633074936,161.49870801033592,6.459948320413446
XGBoost,holdout,0,fixed,0.05,5,phase_or_holdout,774,0,14,-14,0,2,-2,0,12,-12,26,24,2,0.0,0.0,0.0,16.795865633074936,17.05426356589147,-0.25839793281653556
XGBoost,holdout,0,fixed,0.05,10,phase_or_holdout,774,0,14,-14,0,2,-2,0,12,-12,26,24,2,0.0,0.0,0.0,33.59173126614987,32.55813953488372,1.0335917312661493
XGBoost,holdout,0,fixed,0.05,20,phase_or_holdout,774,0,14,-14,0,2,-2,0,12,-12,26,24,2,0.0,0.0,0.0,67.18346253229974,63.565891472868216,3.6175710594315262
XGBoost,holdout,0,fixed,0.05,50,phase_or_holdout,774,0,14,-14,0,2,-2,0,12,-12,26,24,2,0.0,0.0,0.0,167.95865633074936,156.5891472868217,11.36950904392765
XGBoost,holdout,0,fixed,0.1,5,phase_or_holdout,774,0,35,-35,0,2,-2,0,33,-33,26,24,2,0.0,0.0,0.0,16.795865633074936,19.76744186046512,-2.971576227390184
XGBoost,holdout,0,fixed,0.1,10,phase_or_holdout,774,0,35,-35,0,2,-2,0,33,-33,26,24,2,0.0,0.0,0.0,33.59173126614987,35.27131782945737,-1.6795865633074953
XGBoost,holdout,0,fixed,0.1,20,phase_or_holdout,774,31,35,-4,2,2,0,29,33,-4,24,24,0,0.0,0.0,0.0,65.76227390180878,66.27906976744185,-0.5167958656330711
XGBoost,holdout,0,fixed,0.1,50,phase_or_holdout,774,31,35,-4,2,2,0,29,33,-4,24,24,0,0.0,0.0,0.0,158.78552971576227,159.30232558139534,-0.5167958656330711
XGBoost,holdout,0,fixed,0.2,5,phase_or_holdout,774,0,85,-85,0,7,-7,0,78,-78,26,19,7,0.0,0.0,0.0,16.795865633074936,22.35142118863049,-5.555555555555554
XGBoost,holdout,0,fixed,0.2,10,phase_or_holdout,774,63,85,-22,6,7,-1,57,78,-21,20,19,1,0.0,0.0,0.0,33.20413436692507,34.62532299741602,-1.4211886304909527
XGBoost,holdout,0,fixed,0.2,20,phase_or_holdout,774,63,85,-22,6,7,-1,57,78,-21,20,19,1,0.0,0.0,0.0,59.04392764857881,59.17312661498708,-0.12919896640827488
XGBoost,holdout,0,fixed,0.2,50,phase_or_holdout,774,63,85,-22,6,7,-1,57,78,-21,20,19,1,0.0,0.0,0.0,136.5633074935401,132.81653746770027,3.7467700258398224
XGBoost,holdout,0,refitted,0.01,5,phase_or_holdout,774,0,0,0,0,0,0,0,0,0,26,26,0,0.0,0.0,0.0,16.795865633074936,16.795865633074936,0.0
XGBoost,holdout,0,refitted,0.01,10,phase_or_holdout,774,0,0,0,0,0,0,0,0,0,26,26,0,0.0,0.0,0.0,33.59173126614987,33.59173126614987,0.0
XGBoost,holdout,0,refitted,0.01,20,phase_or_holdout,774,0,0,0,0,0,0,0,0,0,26,26,0,0.0,0.0,0.0,67.18346253229974,67.18346253229974,0.0
XGBoost,holdout,0,refitted,0.01,50,phase_or_holdout,774,0,0,0,0,0,0,0,0,0,26,26,0,0.0,0.0,0.0,167.95865633074936,167.95865633074936,0.0
XGBoost,holdout,0,refitted,0.05,5,phase_or_holdout,774,0,6,-6,0,0,0,0,6,-6,26,26,0,0.0,0.0,0.0,16.795865633074936,17.57105943152455,-0.7751937984496138
XGBoost,holdout,0,refitted,0.05,10,phase_or_holdout,774,0,6,-6,0,0,0,0,6,-6,26,26,0,0.0,0.0,0.0,33.59173126614987,34.366925064599485,-0.7751937984496138
XGBoost,holdout,0,refitted,0.05,20,phase_or_holdout,774,0,6,-6,0,0,0,0,6,-6,26,26,0,0.0,0.0,0.0,67.18346253229974,67.95865633074935,-0.7751937984496067
XGBoost,holdout,0,refitted,0.05,50,phase_or_holdout,774,0,6,-6,0,0,0,0,6,-6,26,26,0,0.0,0.0,0.0,167.95865633074936,168.73385012919897,-0.7751937984496067
XGBoost,holdout,0,refitted,0.1,5,phase_or_holdout,774,0,30,-30,0,3,-3,0,27,-27,26,23,3,0.0,0.0,0.0,16.795865633074936,18.34625322997416,-1.550387596899224
XGBoost,holdout,0,refitted,0.1,10,phase_or_holdout,774,0,30,-30,0,3,-3,0,27,-27,26,23,3,0.0,0.0,0.0,33.59173126614987,33.20413436692507,0.38759689922480334
XGBoost,holdout,0,refitted,0.1,20,phase_or_holdout,774,29,30,-1,3,3,0,26,27,-1,23,23,0,0.0,0.0,0.0,62.7906976744186,62.91989664082687,-0.12919896640826778
XGBoost,holdout,0,refitted,0.1,50,phase_or_holdout,774,29,30,-1,3,3,0,26,27,-1,23,23,0,0.0,0.0,0.0,151.93798449612405,152.0671834625323,-0.12919896640826778
XGBoost,holdout,0,refitted,0.2,5,phase_or_holdout,774,0,84,-84,0,6,-6,0,78,-78,26,20,6,0.0,0.0,0.0,16.795865633074936,22.997416020671835,-6.2015503875969
XGBoost,holdout,0,refitted,0.2,10,phase_or_holdout,774,48,84,-36,4,6,-2,44,78,-34,22,20,2,0.0,0.0,0.0,34.10852713178294,35.917312661498705,-1.8087855297157631
XGBoost,holdout,0,refitted,0.2,20,phase_or_holdout,774,48,84,-36,4,6,-2,44,78,-34,22,20,2,0.0,0.0,0.0,62.53229974160207,61.75710594315245,0.7751937984496138
XGBoost,holdout,0,refitted,0.2,50,phase_or_holdout,774,48,84,-36,4,6,-2,44,78,-34,22,20,2,0.0,0.0,0.0,147.80361757105942,139.2764857881137,8.52713178294573
LR,time,0,fixed,0.01,5,phase_or_holdout,516,2,2,0,0,0,0,2,2,0,36,36,0,0.0,0.0,0.0,35.27131782945737,35.27131782945737,0.0
LR,time,0,fixed,0.01,10,phase_or_holdout,516,2,2,0,0,0,0,2,2,0,36,36,0,0.0,0.0,0.0,70.15503875968992,70.15503875968992,0.0
LR,time,0,fixed,0.01,20,phase_or_holdout,516,2,2,0,0,0,0,2,2,0,36,36,0,0.0,0.0,0.0,139.92248062015503,139.92248062015503,0.0
LR,time,0,fixed,0.01,50,phase_or_holdout,516,2,2,0,0,0,0,2,2,0,36,36,0,0.0,0.0,0.0,349.2248062015504,349.2248062015504,0.0
LR,time,0,fixed,0.05,5,phase_or_holdout,516,3,7,-4,0,0,0,3,7,-4,36,36,0,0.0,0.0,0.0,35.46511627906977,36.24031007751938,-0.7751937984496138
LR,time,0,fixed,0.05,10,phase_or_holdout,516,3,7,-4,0,0,0,3,7,-4,36,36,0,0.0,0.0,0.0,70.34883720930233,71.12403100775194,-0.7751937984496067
LR,time,0,fixed,0.05,20,phase_or_holdout,516,3,7,-4,0,0,0,3,7,-4,36,36,0,0.0,0.0,0.0,140.11627906976744,140.89147286821705,-0.7751937984496067
LR,time,0,fixed,0.05,50,phase_or_holdout,516,3,7,-4,0,0,0,3,7,-4,36,36,0,0.0,0.0,0.0,349.4186046511628,350.1937984496124,-0.7751937984496067
LR,time,0,fixed,0.1,5,phase_or_holdout,516,7,11,-4,0,0,0,7,11,-4,36,36,0,0.0,0.0,0.0,36.24031007751938,37.01550387596899,-0.7751937984496067
LR,time,0,fixed,0.1,10,phase_or_holdout,516,7,11,-4,0,0,0,7,11,-4,36,36,0,0.0,0.0,0.0,71.12403100775194,71.89922480620154,-0.7751937984496067
LR,time,0,fixed,0.1,20,phase_or_holdout,516,7,11,-4,0,0,0,7,11,-4,36,36,0,0.0,0.0,0.0,140.89147286821705,141.66666666666666,-0.7751937984496067
LR,time,0,fixed,0.1,50,phase_or_holdout,516,7,11,-4,0,0,0,7,11,-4,36,36,0,0.0,0.0,0.0,350.1937984496124,350.968992248062,-0.7751937984496067
LR,time,0,fixed,0.2,5,phase_or_holdout,516,7,30,-23,0,1,-1,7,29,-22,36,35,1,0.0,0.0,0.0,36.24031007751938,39.53488372093023,-3.2945736434108497
LR,time,0,fixed,0.2,10,phase_or_holdout,516,30,30,0,1,1,0,29,29,0,35,35,0,0.0,0.0,0.0,73.44961240310077,73.44961240310077,0.0
LR,time,0,fixed,0.2,20,phase_or_holdout,516,30,30,0,1,1,0,29,29,0,35,35,0,0.0,0.0,0.0,141.27906976744185,141.27906976744185,0.0
LR,time,0,fixed,0.2,50,phase_or_holdout,516,30,30,0,1,1,0,29,29,0,35,35,0,0.0,0.0,0.0,344.7674418604651,344.7674418604651,0.0
LR,time,0,refitted,0.01,5,phase_or_holdout,516,1,1,0,0,0,0,1,1,0,36,36,0,0.0,0.0,0.0,35.07751937984496,35.07751937984496,0.0
LR,time,0,refitted,0.01,10,phase_or_holdout,516,1,1,0,0,0,0,1,1,0,36,36,0,0.0,0.0,0.0,69.96124031007751,69.96124031007751,0.0
LR,time,0,refitted,0.01,20,phase_or_holdout,516,1,1,0,0,0,0,1,1,0,36,36,0,0.0,0.0,0.0,139.72868217054264,139.72868217054264,0.0
LR,time,0,refitted,0.01,50,phase_or_holdout,516,1,1,0,0,0,0,1,1,0,36,36,0,0.0,0.0,0.0,349.031007751938,349.031007751938,0.0
LR,time,0,refitted,0.05,5,phase_or_holdout,516,2,2,0,0,0,0,2,2,0,36,36,0,0.0,0.0,0.0,35.27131782945737,35.27131782945737,0.0
LR,time,0,refitted,0.05,10,phase_or_holdout,516,2,2,0,0,0,0,2,2,0,36,36,0,0.0,0.0,0.0,70.15503875968992,70.15503875968992,0.0
LR,time,0,refitted,0.05,20,phase_or_holdout,516,2,2,0,0,0,0,2,2,0,36,36,0,0.0,0.0,0.0,139.92248062015503,139.92248062015503,0.0
LR,time,0,refitted,0.05,50,phase_or_holdout,516,2,2,0,0,0,0,2,2,0,36,36,0,0.0,0.0,0.0,349.2248062015504,349.2248062015504,0.0
LR,time,0,refitted,0.1,5,phase_or_holdout,516,2,3,-1,0,0,0,2,3,-1,36,36,0,0.0,0.0,0.0,35.27131782945737,35.46511627906977,-0.19379844961240167
LR,time,0,refitted,0.1,10,phase_or_holdout,516,2,3,-1,0,0,0,2,3,-1,36,36,0,0.0,0.0,0.0,70.15503875968992,70.34883720930233,-0.19379844961241588
LR,time,0,refitted,0.1,20,phase_or_holdout,516,2,3,-1,0,0,0,2,3,-1,36,36,0,0.0,0.0,0.0,139.92248062015503,140.11627906976744,-0.19379844961241588
LR,time,0,refitted,0.1,50,phase_or_holdout,516,2,3,-1,0,0,0,2,3,-1,36,36,0,0.0,0.0,0.0,349.2248062015504,349.4186046511628,-0.19379844961241588
LR,time,0,refitted,0.2,5,phase_or_holdout,516,2,13,-11,0,1,-1,2,12,-10,36,35,1,0.0,0.0,0.0,35.27131782945737,36.24031007751938,-0.9689922480620154
LR,time,0,refitted,0.2,10,phase_or_holdout,516,13,13,0,1,1,0,12,12,0,35,35,0,0.0,0.0,0.0,70.15503875968992,70.15503875968992,0.0
LR,time,0,refitted,0.2,20,phase_or_holdout,516,13,13,0,1,1,0,12,12,0,35,35,0,0.0,0.0,0.0,137.984496124031,137.984496124031,0.0
LR,time,0,refitted,0.2,50,phase_or_holdout,516,13,13,0,1,1,0,12,12,0,35,35,0,0.0,0.0,0.0,341.47286821705427,341.47286821705427,0.0
LR,time,1,fixed,0.01,5,phase_or_holdout,515,0,26,-26,0,0,0,0,26,-26,10,10,0,0.0,21.0,-21.0,9.70873786407767,14.75728155339806,-5.048543689320391
LR,time,1,fixed,0.01,10,phase_or_holdout,515,0,26,-26,0,0,0,0,26,-26,10,10,0,0.0,21.0,-21.0,19.41747572815534,24.466019417475728,-5.04854368932039
LR,time,1,fixed,0.01,20,phase_or_holdout,515,0,26,-26,0,0,0,0,26,-26,10,10,0,0.0,21.0,-21.0,38.83495145631068,43.883495145631066,-5.04854368932039
LR,time,1,fixed,0.01,50,phase_or_holdout,515,0,26,-26,0,0,0,0,26,-26,10,10,0,0.0,21.0,-21.0,97.0873786407767,102.13592233009707,-5.048543689320368
LR,time,1,fixed,0.05,5,phase_or_holdout,515,0,102,-102,0,1,-1,0,101,-101,10,9,1,0.0,77.0,-77.0,9.70873786407767,28.3495145631068,-18.640776699029132
LR,time,1,fixed,0.05,10,phase_or_holdout,515,0,102,-102,0,1,-1,0,101,-101,10,9,1,0.0,77.0,-77.0,19.41747572815534,37.0873786407767,-17.66990291262136
LR,time,1,fixed,0.05,20,phase_or_holdout,515,0,102,-102,0,1,-1,0,101,-101,10,9,1,0.0,77.0,-77.0,38.83495145631068,54.56310679611651,-15.72815533980583
LR,time,1,fixed,0.05,50,phase_or_holdout,515,0,102,-102,0,1,-1,0,101,-101,10,9,1,0.0,77.0,-77.0,97.0873786407767,106.99029126213593,-9.90291262135922
LR,time,1,fixed,0.1,5,phase_or_holdout,515,0,135,-135,0,2,-2,0,133,-133,10,8,2,0.0,84.0,-84.0,9.70873786407767,33.592233009708735,-23.883495145631066
LR,time,1,fixed,0.1,10,phase_or_holdout,515,0,135,-135,0,2,-2,0,133,-133,10,8,2,0.0,84.0,-84.0,19.41747572815534,41.35922330097088,-21.941747572815544
LR,time,1,fixed,0.1,20,phase_or_holdout,515,0,135,-135,0,2,-2,0,133,-133,10,8,2,0.0,84.0,-84.0,38.83495145631068,56.89320388349515,-18.05825242718447
LR,time,1,fixed,0.1,50,phase_or_holdout,515,0,135,-135,0,2,-2,0,133,-133,10,8,2,0.0,84.0,-84.0,97.0873786407767,103.49514563106796,-6.40776699029125
LR,time,1,fixed,0.2,5,phase_or_holdout,515,0,292,-292,0,8,-8,0,284,-284,10,2,8,0.0,189.0,-189.0,9.70873786407767,57.0873786407767,-47.37864077669903
LR,time,1,fixed,0.2,10,phase_or_holdout,515,0,292,-292,0,8,-8,0,284,-284,10,2,8,0.0,189.0,-189.0,19.41747572815534,59.02912621359224,-39.611650485436904
LR,time,1,fixed,0.2,20,phase_or_holdout,515,0,292,-292,0,8,-8,0,284,-284,10,2,8,0.0,189.0,-189.0,38.83495145631068,62.9126213592233,-24.077669902912625
LR,time,1,fixed,0.2,50,phase_or_holdout,515,0,292,-292,0,8,-8,0,284,-284,10,2,8,0.0,189.0,-189.0,97.0873786407767,74.5631067961165,22.524271844660205
LR,time,1,refitted,0.01,5,phase_or_holdout,515,0,35,-35,0,0,0,0,35,-35,10,10,0,0.0,30.0,-30.0,9.70873786407767,16.50485436893204,-6.796116504854371
LR,time,1,refitted,0.01,10,phase_or_holdout,515,0,35,-35,0,0,0,0,35,-35,10,10,0,0.0,30.0,-30.0,19.41747572815534,26.21359223300971,-6.796116504854371
LR,time,1,refitted,0.01,20,phase_or_holdout,515,0,35,-35,0,0,0,0,35,-35,10,10,0,0.0,30.0,-30.0,38.83495145631068,45.63106796116505,-6.796116504854375
LR,time,1,refitted,0.01,50,phase_or_holdout,515,0,35,-35,0,0,0,0,35,-35,10,10,0,0.0,30.0,-30.0,97.0873786407767,103.88349514563107,-6.796116504854368
LR,time,1,refitted,0.05,5,phase_or_holdout,515,0,90,-90,0,0,0,0,90,-90,10,10,0,0.0,65.0,-65.0,9.70873786407767,27.184466019417474,-17.475728155339805
LR,time,1,refitted,0.05,10,phase_or_holdout,515,0,90,-90,0,0,0,0,90,-90,10,10,0,0.0,65.0,-65.0,19.41747572815534,36.89320388349515,-17.47572815533981
LR,time,1,refitted,0.05,20,phase_or_holdout,515,0,90,-90,0,0,0,0,90,-90,10,10,0,0.0,65.0,-65.0,38.83495145631068,56.310679611650485,-17.47572815533981
LR,time,1,refitted,0.05,50,phase_or_holdout,515,0,90,-90,0,0,0,0,90,-90,10,10,0,0.0,65.0,-65.0,97.0873786407767,114.5631067961165,-17.475728155339795
LR,time,1,refitted,0.1,5,phase_or_holdout,515,0,131,-131,0,2,-2,0,129,-129,10,8,2,0.0,80.0,-80.0,9.70873786407767,32.81553398058252,-23.106796116504853
LR,time,1,refitted,0.1,10,phase_or_holdout,515,0,131,-131,0,2,-2,0,129,-129,10,8,2,0.0,80.0,-80.0,19.41747572815534,40.58252427184466,-21.165048543689323
LR,time,1,refitted,0.1,20,phase_or_holdout,515,0,131,-131,0,2,-2,0,129,-129,10,8,2,0.0,80.0,-80.0,38.83495145631068,56.11650485436893,-17.28155339805825
LR,time,1,refitted,0.1,50,phase_or_holdout,515,0,131,-131,0,2,-2,0,129,-129,10,8,2,0.0,80.0,-80.0,97.0873786407767,102.71844660194176,-5.6310679611650585
LR,time,1,refitted,0.2,5,phase_or_holdout,515,0,263,-263,0,5,-5,0,258,-258,10,5,5,0.0,160.0,-160.0,9.70873786407767,54.95145631067961,-45.24271844660194
LR,time,1,refitted,0.2,10,phase_or_holdout,515,0,263,-263,0,5,-5,0,258,-258,10,5,5,0.0,160.0,-160.0,19.41747572815534,59.80582524271845,-40.38834951456311
LR,time,1,refitted,0.2,20,phase_or_holdout,515,0,263,-263,0,5,-5,0,258,-258,10,5,5,0.0,160.0,-160.0,38.83495145631068,69.51456310679612,-30.67961165048544
LR,time,1,refitted,0.2,50,phase_or_holdout,515,0,263,-263,0,5,-5,0,258,-258,10,5,5,0.0,160.0,-160.0,97.0873786407767,98.64077669902912,-1.5533980582524123
LR,time,2,fixed,0.01,5,phase_or_holdout,516,0,6,-6,0,0,0,0,6,-6,24,24,0,0.0,1.0,-1.0,23.25581395348837,24.41860465116279,-1.1627906976744207
LR,time,2,fixed,0.01,10,phase_or_holdout,516,0,6,-6,0,0,0,0,6,-6,24,24,0,0.0,1.0,-1.0,46.51162790697674,47.674418604651166,-1.1627906976744242
LR,time,2,fixed,0.01,20,phase_or_holdout,516,0,6,-6,0,0,0,0,6,-6,24,24,0,0.0,1.0,-1.0,93.02325581395348,94.18604651162792,-1.1627906976744384
LR,time,2,fixed,0.01,50,phase_or_holdout,516,0,6,-6,0,0,0,0,6,-6,24,24,0,0.0,1.0,-1.0,232.5581395348837,233.72093023255812,-1.16279069767441
LR,time,2,fixed,0.05,5,phase_or_holdout,516,0,64,-64,0,6,-6,0,58,-58,24,18,6,0.0,39.0,-39.0,23.25581395348837,28.68217054263566,-5.426356589147289
LR,time,2,fixed,0.05,10,phase_or_holdout,516,0,64,-64,0,6,-6,0,58,-58,24,18,6,0.0,39.0,-39.0,46.51162790697674,46.12403100775194,0.38759689922480334
LR,time,2,fixed,0.05,20,phase_or_holdout,516,0,64,-64,0,6,-6,0,58,-58,24,18,6,0.0,39.0,-39.0,93.02325581395348,81.0077519379845,12.015503875968989
LR,time,2,fixed,0.05,50,phase_or_holdout,516,0,64,-64,0,6,-6,0,58,-58,24,18,6,0.0,39.0,-39.0,232.5581395348837,185.65891472868216,46.899224806201545
LR,time,2,fixed,0.1,5,phase_or_holdout,516,0,124,-124,0,10,-10,0,114,-114,24,14,10,0.0,73.0,-73.0,23.25581395348837,35.65891472868217,-12.4031007751938
LR,time,2,fixed,0.1,10,phase_or_holdout,516,0,124,-124,0,10,-10,0,114,-114,24,14,10,0.0,73.0,-73.0,46.51162790697674,49.22480620155039,-2.713178294573652
LR,time,2,fixed,0.1,20,phase_or_holdout,516,0,124,-124,0,10,-10,0,114,-114,24,14,10,0.0,73.0,-73.0,93.02325581395348,76.35658914728683,16.666666666666657
LR,time,2,fixed,0.1,50,phase_or_holdout,516,0,124,-124,0,10,-10,0,114,-114,24,14,10,0.0,73.0,-73.0,232.5581395348837,157.75193798449612,74.80620155038758
LR,time,2,fixed,0.2,5,phase_or_holdout,516,0,186,-186,0,13,-13,0,173,-173,24,11,13,0.0,83.0,-83.0,23.25581395348837,44.18604651162791,-20.930232558139537
LR,time,2,fixed,0.2,10,phase_or_holdout,516,0,186,-186,0,13,-13,0,173,-173,24,11,13,0.0,83.0,-83.0,46.51162790697674,54.84496124031008,-8.333333333333336
LR,time,2,fixed,0.2,20,phase_or_holdout,516,0,186,-186,0,13,-13,0,173,-173,24,11,13,0.0,83.0,-83.0,93.02325581395348,76.16279069767442,16.86046511627906
LR,time,2,fixed,0.2,50,phase_or_holdout,516,0,186,-186,0,13,-13,0,173,-173,24,11,13,0.0,83.0,-83.0,232.5581395348837,140.11627906976744,92.44186046511626
LR,time,2,refitted,0.01,5,phase_or_holdout,516,0,5,-5,0,0,0,0,5,-5,24,24,0,0.0,0.0,0.0,23.25581395348837,24.224806201550383,-0.9689922480620119
LR,time,2,refitted,0.01,10,phase_or_holdout,516,0,5,-5,0,0,0,0,5,-5,24,24,0,0.0,0.0,0.0,46.51162790697674,47.48062015503876,-0.9689922480620154
LR,time,2,refitted,0.01,20,phase_or_holdout,516,0,5,-5,0,0,0,0,5,-5,24,24,0,0.0,0.0,0.0,93.02325581395348,93.9922480620155,-0.9689922480620226
LR,time,2,refitted,0.01,50,phase_or_holdout,516,0,5,-5,0,0,0,0,5,-5,24,24,0,0.0,0.0,0.0,232.5581395348837,233.52713178294573,-0.9689922480620226
LR,time,2,refitted,0.05,5,phase_or_holdout,516,0,67,-67,0,6,-6,0,61,-61,24,18,6,0.0,42.0,-42.0,23.25581395348837,29.26356589147287,-6.007751937984498
LR,time,2,refitted,0.05,10,phase_or_holdout,516,0,67,-67,0,6,-6,0,61,-61,24,18,6,0.0,42.0,-42.0,46.51162790697674,46.70542635658915,-0.19379844961240877
LR,time,2,refitted,0.05,20,phase_or_holdout,516,0,67,-67,0,6,-6,0,61,-61,24,18,6,0.0,42.0,-42.0,93.02325581395348,81.5891472868217,11.434108527131784
LR,time,2,refitted,0.05,50,phase_or_holdout,516,0,67,-67,0,6,-6,0,61,-61,24,18,6,0.0,42.0,-42.0,232.5581395348837,186.24031007751935,46.317829457364354
LR,time,2,refitted,0.1,5,phase_or_holdout,516,0,124,-124,0,11,-11,0,113,-113,24,13,11,0.0,73.0,-73.0,23.25581395348837,34.49612403100775,-11.240310077519382
LR,time,2,refitted,0.1,10,phase_or_holdout,516,0,124,-124,0,11,-11,0,113,-113,24,13,11,0.0,73.0,-73.0,46.51162790697674,47.093023255813954,-0.5813953488372121
LR,time,2,refitted,0.1,20,phase_or_holdout,516,0,124,-124,0,11,-11,0,113,-113,24,13,11,0.0,73.0,-73.0,93.02325581395348,72.28682170542636,20.73643410852712
LR,time,2,refitted,0.1,50,phase_or_holdout,516,0,124,-124,0,11,-11,0,113,-113,24,13,11,0.0,73.0,-73.0,232.5581395348837,147.86821705426357,84.68992248062014
LR,time,2,refitted,0.2,5,phase_or_holdout,516,0,213,-213,0,14,-14,0,199,-199,24,10,14,0.0,110.0,-110.0,23.25581395348837,48.25581395348837,-25.0
LR,time,2,refitted,0.2,10,phase_or_holdout,516,0,213,-213,0,14,-14,0,199,-199,24,10,14,0.0,110.0,-110.0,46.51162790697674,57.945736434108525,-11.434108527131784
LR,time,2,refitted,0.2,20,phase_or_holdout,516,0,213,-213,0,14,-14,0,199,-199,24,10,14,0.0,110.0,-110.0,93.02325581395348,77.32558139534883,15.697674418604649
LR,time,2,refitted,0.2,50,phase_or_holdout,516,0,213,-213,0,14,-14,0,199,-199,24,10,14,0.0,110.0,-110.0,232.5581395348837,135.46511627906978,97.09302325581393
LR,time,3,fixed,0.01,5,phase_or_holdout,516,4,8,-4,1,2,-1,3,6,-3,17,16,1,0.0,3.0,-3.0,17.05426356589147,16.666666666666668,0.38759689922480334
LR,time,3,fixed,0.01,10,phase_or_holdout,516,4,8,-4,1,2,-1,3,6,-3,17,16,1,0.0,3.0,-3.0,33.52713178294574,32.17054263565891,1.356589147286826
LR,time,3,fixed,0.01,20,phase_or_holdout,516,4,8,-4,1,2,-1,3,6,-3,17,16,1,0.0,3.0,-3.0,66.47286821705427,63.17829457364341,3.294573643410857
LR,time,3,fixed,0.01,50,phase_or_holdout,516,4,8,-4,1,2,-1,3,6,-3,17,16,1,0.0,3.0,-3.0,165.31007751937983,156.2015503875969,9.108527131782921
LR,time,3,fixed,0.05,5,phase_or_holdout,516,4,30,-26,1,2,-1,3,28,-25,17,16,1,0.0,5.0,-5.0,17.05426356589147,20.930232558139537,-3.8759689922480653
LR,time,3,fixed,0.05,10,phase_or_holdout,516,28,30,-2,2,2,0,26,28,-2,16,16,0,3.0,5.0,-2.0,36.04651162790697,36.43410852713178,-0.38759689922480334
LR,time,3,fixed,0.05,20,phase_or_holdout,516,28,30,-2,2,2,0,26,28,-2,16,16,0,3.0,5.0,-2.0,67.05426356589147,67.44186046511628,-0.38759689922480334
LR,time,3,fixed,0.05,50,phase_or_holdout,516,28,30,-2,2,2,0,26,28,-2,16,16,0,3.0,5.0,-2.0,160.07751937984497,160.46511627906978,-0.38759689922480334
LR,time,3,fixed,0.1,5,phase_or_holdout,516,4,60,-56,1,3,-2,3,57,-54,17,15,2,0.0,9.0,-9.0,17.05426356589147,25.58139534883721,-8.527131782945737
LR,time,3,fixed,0.1,10,phase_or_holdout,516,28,60,-32,2,3,-1,26,57,-31,16,15,1,0.0,9.0,-9.0,36.04651162790697,40.11627906976744,-4.0697674418604635
LR,time,3,fixed,0.1,20,phase_or_holdout,516,28,60,-32,2,3,-1,26,57,-31,16,15,1,0.0,9.0,-9.0,67.05426356589147,69.18604651162791,-2.1317829457364326
LR,time,3,fixed,0.1,50,phase_or_holdout,516,28,60,-32,2,3,-1,26,57,-31,16,15,1,0.0,9.0,-9.0,160.07751937984497,156.3953488372093,3.6821705426356743
LR,time,3,fixed,0.2,5,phase_or_holdout,516,4,112,-108,1,3,-2,3,109,-106,17,15,2,0.0,9.0,-9.0,17.05426356589147,35.65891472868217,-18.6046511627907
LR,time,3,fixed,0.2,10,phase_or_holdout,516,28,112,-84,2,3,-1,26,109,-83,16,15,1,0.0,9.0,-9.0,36.04651162790697,50.1937984496124,-14.147286821705428
LR,time,3,fixed,0.2,20,phase_or_holdout,516,81,112,-31,3,3,0,78,109,-31,15,15,0,0.0,9.0,-9.0,73.25581395348837,79.26356589147287,-6.007751937984494
LR,time,3,fixed,0.2,50,phase_or_holdout,516,81,112,-31,3,3,0,78,109,-31,15,15,0,0.0,9.0,-9.0,160.46511627906978,166.47286821705427,-6.007751937984494
LR,time,3,refitted,0.01,5,phase_or_holdout,516,6,10,-4,2,2,0,4,8,-4,16,16,0,1.0,5.0,-4.0,16.27906976744186,17.05426356589147,-0.7751937984496102
LR,time,3,refitted,0.01,10,phase_or_holdout,516,6,10,-4,2,2,0,4,8,-4,16,16,0,1.0,5.0,-4.0,31.782945736434108,32.55813953488372,-0.7751937984496138
LR,time,3,refitted,0.01,20,phase_or_holdout,516,6,10,-4,2,2,0,4,8,-4,16,16,0,1.0,5.0,-4.0,62.7906976744186,63.565891472868216,-0.7751937984496138
LR,time,3,refitted,0.01,50,phase_or_holdout,516,6,10,-4,2,2,0,4,8,-4,16,16,0,1.0,5.0,-4.0,155.8139534883721,156.5891472868217,-0.7751937984496067
LR,time,3,refitted,0.05,5,phase_or_holdout,516,6,36,-30,2,3,-1,4,33,-29,16,15,1,0.0,11.0,-11.0,16.27906976744186,20.930232558139537,-4.651162790697676
LR,time,3,refitted,0.05,10,phase_or_holdout,516,33,36,-3,3,3,0,30,33,-3,15,15,0,8.0,11.0,-3.0,34.88372093023256,35.46511627906977,-0.581395348837205
LR,time,3,refitted,0.05,20,phase_or_holdout,516,33,36,-3,3,3,0,30,33,-3,15,15,0,8.0,11.0,-3.0,63.95348837209303,64.53488372093024,-0.5813953488372121
LR,time,3,refitted,0.05,50,phase_or_holdout,516,33,36,-3,3,3,0,30,33,-3,15,15,0,8.0,11.0,-3.0,151.1627906976744,151.74418604651163,-0.5813953488372192
LR,time,3,refitted,0.1,5,phase_or_holdout,516,6,72,-66,2,3,-1,4,69,-65,16,15,1,0.0,21.0,-21.0,16.27906976744186,27.906976744186046,-11.627906976744185
LR,time,3,refitted,0.1,10,phase_or_holdout,516,33,72,-39,3,3,0,30,69,-39,15,15,0,0.0,21.0,-21.0,34.88372093023256,42.44186046511628,-7.558139534883715
LR,time,3,refitted,0.1,20,phase_or_holdout,516,33,72,-39,3,3,0,30,69,-39,15,15,0,0.0,21.0,-21.0,63.95348837209303,71.51162790697674,-7.558139534883715
LR,time,3,refitted,0.1,50,phase_or_holdout,516,33,72,-39,3,3,0,30,69,-39,15,15,0,0.0,21.0,-21.0,151.1627906976744,158.72093023255815,-7.558139534883736
LR,time,3,refitted,0.2,5,phase_or_holdout,516,6,128,-122,2,5,-3,4,123,-119,16,13,3,0.0,25.0,-25.0,16.27906976744186,36.43410852713178,-20.155038759689916
LR,time,3,refitted,0.2,10,phase_or_holdout,516,33,128,-95,3,5,-2,30,123,-93,15,13,2,0.0,25.0,-25.0,34.88372093023256,49.03100775193799,-14.147286821705428
LR,time,3,refitted,0.2,20,phase_or_holdout,516,89,128,-39,3,5,-2,86,123,-37,15,13,2,0.0,25.0,-25.0,74.8062015503876,74.2248062015504,0.581395348837205
LR,time,3,refitted,0.2,50,phase_or_holdout,516,89,128,-39,3,5,-2,86,123,-37,15,13,2,0.0,25.0,-25.0,162.015503875969,149.80620155038758,12.209302325581405
LR,holdout,0,fixed,0.01,5,phase_or_holdout,774,0,1,-1,0,1,-1,0,0,0,26,25,1,0.0,0.0,0.0,16.795865633074936,16.149870801033593,0.6459948320413424
LR,holdout,0,fixed,0.01,10,phase_or_holdout,774,0,1,-1,0,1,-1,0,0,0,26,25,1,0.0,0.0,0.0,33.59173126614987,32.299741602067186,1.291989664082685
LR,holdout,0,fixed,0.01,20,phase_or_holdout,774,0,1,-1,0,1,-1,0,0,0,26,25,1,0.0,0.0,0.0,67.18346253229974,64.59948320413437,2.58397932816537
LR,holdout,0,fixed,0.01,50,phase_or_holdout,774,0,1,-1,0,1,-1,0,0,0,26,25,1,0.0,0.0,0.0,167.95865633074936,161.49870801033592,6.459948320413446
LR,holdout,0,fixed,0.05,5,phase_or_holdout,774,0,14,-14,0,3,-3,0,11,-11,26,23,3,0.0,0.0,0.0,16.795865633074936,16.27906976744186,0.5167958656330747
LR,holdout,0,fixed,0.05,10,phase_or_holdout,774,0,14,-14,0,3,-3,0,11,-11,26,23,3,0.0,0.0,0.0,33.59173126614987,31.13695090439277,2.454780361757102
LR,holdout,0,fixed,0.05,20,phase_or_holdout,774,0,14,-14,0,3,-3,0,11,-11,26,23,3,0.0,0.0,0.0,67.18346253229974,60.85271317829457,6.330749354005171
LR,holdout,0,fixed,0.05,50,phase_or_holdout,774,0,14,-14,0,3,-3,0,11,-11,26,23,3,0.0,0.0,0.0,167.95865633074936,150.0,17.958656330749363
LR,holdout,0,fixed,0.1,5,phase_or_holdout,774,0,28,-28,0,3,-3,0,25,-25,26,23,3,0.0,0.0,0.0,16.795865633074936,18.087855297157624,-1.2919896640826884
LR,holdout,0,fixed,0.1,10,phase_or_holdout,774,0,28,-28,0,3,-3,0,25,-25,26,23,3,0.0,0.0,0.0,33.59173126614987,32.945736434108525,0.645994832041346
LR,holdout,0,fixed,0.1,20,phase_or_holdout,774,0,28,-28,0,3,-3,0,25,-25,26,23,3,0.0,0.0,0.0,67.18346253229974,62.661498708010335,4.521963824289408
LR,holdout,0,fixed,0.1,50,phase_or_holdout,774,24,28,-4,3,3,0,21,25,-4,23,23,0,0.0,0.0,0.0,151.29198966408268,151.80878552971575,-0.5167958656330711
LR,holdout,0,fixed,0.2,5,phase_or_holdout,774,0,67,-67,0,5,-5,0,62,-62,26,21,5,0.0,0.0,0.0,16.795865633074936,21.57622739018088,-4.780361757105943
LR,holdout,0,fixed,0.2,10,phase_or_holdout,774,0,67,-67,0,5,-5,0,62,-62,26,21,5,0.0,0.0,0.0,33.59173126614987,35.1421188630491,-1.5503875968992276
LR,holdout,0,fixed,0.2,20,phase_or_holdout,774,55,67,-12,5,5,0,50,62,-12,21,21,0,0.0,0.0,0.0,60.723514211886304,62.27390180878553,-1.5503875968992276
LR,holdout,0,fixed,0.2,50,phase_or_holdout,774,55,67,-12,5,5,0,50,62,-12,21,21,0,0.0,0.0,0.0,142.1188630490956,143.66925064599482,-1.5503875968992133
LR,holdout,0,refitted,0.01,5,phase_or_holdout,774,0,1,-1,0,1,-1,0,0,0,26,25,1,0.0,0.0,0.0,16.795865633074936,16.149870801033593,0.6459948320413424
LR,holdout,0,refitted,0.01,10,phase_or_holdout,774,0,1,-1,0,1,-1,0,0,0,26,25,1,0.0,0.0,0.0,33.59173126614987,32.299741602067186,1.291989664082685
LR,holdout,0,refitted,0.01,20,phase_or_holdout,774,0,1,-1,0,1,-1,0,0,0,26,25,1,0.0,0.0,0.0,67.18346253229974,64.59948320413437,2.58397932816537
LR,holdout,0,refitted,0.01,50,phase_or_holdout,774,0,1,-1,0,1,-1,0,0,0,26,25,1,0.0,0.0,0.0,167.95865633074936,161.49870801033592,6.459948320413446
LR,holdout,0,refitted,0.05,5,phase_or_holdout,774,0,5,-5,0,1,-1,0,4,-4,26,25,1,0.0,0.0,0.0,16.795865633074936,16.666666666666668,0.12919896640826778
LR,holdout,0,refitted,0.05,10,phase_or_holdout,774,0,5,-5,0,1,-1,0,4,-4,26,25,1,0.0,0.0,0.0,33.59173126614987,32.81653746770026,0.7751937984496138
LR,holdout,0,refitted,0.05,20,phase_or_holdout,774,0,5,-5,0,1,-1,0,4,-4,26,25,1,0.0,0.0,0.0,67.18346253229974,65.11627906976744,2.0671834625322987
LR,holdout,0,refitted,0.05,50,phase_or_holdout,774,0,5,-5,0,1,-1,0,4,-4,26,25,1,0.0,0.0,0.0,167.95865633074936,162.015503875969,5.943152454780375
LR,holdout,0,refitted,0.1,5,phase_or_holdout,774,0,13,-13,0,2,-2,0,11,-11,26,24,2,0.0,0.0,0.0,16.795865633074936,16.925064599483203,-0.12919896640826778
LR,holdout,0,refitted,0.1,10,phase_or_holdout,774,0,13,-13,0,2,-2,0,11,-11,26,24,2,0.0,0.0,0.0,33.59173126614987,32.428940568475454,1.1627906976744171
LR,holdout,0,refitted,0.1,20,phase_or_holdout,774,0,13,-13,0,2,-2,0,11,-11,26,24,2,0.0,0.0,0.0,67.18346253229974,63.43669250645995,3.746770025839794
LR,holdout,0,refitted,0.1,50,phase_or_holdout,774,7,13,-6,2,2,0,5,11,-6,24,24,0,0.0,0.0,0.0,155.6847545219638,156.45994832041345,-0.7751937984496351
LR,holdout,0,refitted,0.2,5,phase_or_holdout,774,0,50,-50,0,3,-3,0,47,-47,26,23,3,0.0,0.0,0.0,16.795865633074936,20.930232558139537,-4.134366925064601
LR,holdout,0,refitted,0.2,10,phase_or_holdout,774,0,50,-50,0,3,-3,0,47,-47,26,23,3,0.0,0.0,0.0,33.59173126614987,35.78811369509044,-2.1963824289405665
LR,holdout,0,refitted,0.2,20,phase_or_holdout,774,35,50,-15,3,3,0,32,47,-15,23,23,0,0.0,0.0,0.0,63.565891472868216,65.50387596899225,-1.937984496124031
LR,holdout,0,refitted,0.2,50,phase_or_holdout,774,35,50,-15,3,3,0,32,47,-15,23,23,0,0.0,0.0,0.0,152.71317829457365,154.65116279069767,-1.9379844961240167
CART,time,0,fixed,0.01,5,phase_or_holdout,516,0,1,-1,0,0,0,0,1,-1,36,36,0,0.0,0.0,0.0,34.88372093023256,35.07751937984496,-0.19379844961239456
CART,time,0,fixed,0.01,10,phase_or_holdout,516,0,1,-1,0,0,0,0,1,-1,36,36,0,0.0,0.0,0.0,69.76744186046511,69.96124031007751,-0.19379844961240167
CART,time,0,fixed,0.01,20,phase_or_holdout,516,0,1,-1,0,0,0,0,1,-1,36,36,0,0.0,0.0,0.0,139.53488372093022,139.72868217054264,-0.19379844961241588
CART,time,0,fixed,0.01,50,phase_or_holdout,516,0,1,-1,0,0,0,0,1,-1,36,36,0,0.0,0.0,0.0,348.8372093023256,349.031007751938,-0.19379844961235904
CART,time,0,fixed,0.05,5,phase_or_holdout,516,1,5,-4,0,1,-1,1,4,-3,36,35,1,0.0,0.0,0.0,35.07751937984496,34.689922480620154,0.38759689922480334
CART,time,0,fixed,0.05,10,phase_or_holdout,516,1,5,-4,0,1,-1,1,4,-3,36,35,1,0.0,0.0,0.0,69.96124031007751,68.6046511627907,1.3565891472868117
CART,time,0,fixed,0.05,20,phase_or_holdout,516,1,5,-4,0,1,-1,1,4,-3,36,35,1,0.0,0.0,0.0,139.72868217054264,136.43410852713177,3.294573643410871
CART,time,0,fixed,0.05,50,phase_or_holdout,516,1,5,-4,0,1,-1,1,4,-3,36,35,1,0.0,0.0,0.0,349.031007751938,339.92248062015506,9.108527131782921
CART,time,0,fixed,0.1,5,phase_or_holdout,516,1,11,-10,0,2,-2,1,9,-8,36,34,2,0.0,0.0,0.0,35.07751937984496,34.689922480620154,0.38759689922480334
CART,time,0,fixed,0.1,10,phase_or_holdout,516,11,11,0,2,2,0,9,9,0,34,34,0,0.0,0.0,0.0,67.63565891472868,67.63565891472868,0.0
CART,time,0,fixed,0.1,20,phase_or_holdout,516,11,11,0,2,2,0,9,9,0,34,34,0,0.0,0.0,0.0,133.52713178294573,133.52713178294573,0.0
CART,time,0,fixed,0.1,50,phase_or_holdout,516,11,11,0,2,2,0,9,9,0,34,34,0,0.0,0.0,0.0,331.2015503875969,331.2015503875969,0.0
CART,time,0,fixed,0.2,5,phase_or_holdout,516,26,26,0,2,2,0,24,24,0,34,34,0,0.0,0.0,0.0,37.5968992248062,37.5968992248062,0.0
CART,time,0,fixed,0.2,10,phase_or_holdout,516,26,26,0,2,2,0,24,24,0,34,34,0,0.0,0.0,0.0,70.54263565891473,70.54263565891473,0.0
CART,time,0,fixed,0.2,20,phase_or_holdout,516,26,26,0,2,2,0,24,24,0,34,34,0,0.0,0.0,0.0,136.43410852713177,136.43410852713177,0.0
CART,time,0,fixed,0.2,50,phase_or_holdout,516,26,26,0,2,2,0,24,24,0,34,34,0,0.0,0.0,0.0,334.1085271317829,334.1085271317829,0.0
CART,time,0,refitted,0.01,5,phase_or_holdout,516,0,1,-1,0,0,0,0,1,-1,36,36,0,0.0,0.0,0.0,34.88372093023256,35.07751937984496,-0.19379844961239456
CART,time,0,refitted,0.01,10,phase_or_holdout,516,0,1,-1,0,0,0,0,1,-1,36,36,0,0.0,0.0,0.0,69.76744186046511,69.96124031007751,-0.19379844961240167
CART,time,0,refitted,0.01,20,phase_or_holdout,516,0,1,-1,0,0,0,0,1,-1,36,36,0,0.0,0.0,0.0,139.53488372093022,139.72868217054264,-0.19379844961241588
CART,time,0,refitted,0.01,50,phase_or_holdout,516,0,1,-1,0,0,0,0,1,-1,36,36,0,0.0,0.0,0.0,348.8372093023256,349.031007751938,-0.19379844961235904
CART,time,0,refitted,0.05,5,phase_or_holdout,516,1,1,0,0,0,0,1,1,0,36,36,0,0.0,0.0,0.0,35.07751937984496,35.07751937984496,0.0
CART,time,0,refitted,0.05,10,phase_or_holdout,516,1,1,0,0,0,0,1,1,0,36,36,0,0.0,0.0,0.0,69.96124031007751,69.96124031007751,0.0
CART,time,0,refitted,0.05,20,phase_or_holdout,516,1,1,0,0,0,0,1,1,0,36,36,0,0.0,0.0,0.0,139.72868217054264,139.72868217054264,0.0
CART,time,0,refitted,0.05,50,phase_or_holdout,516,1,1,0,0,0,0,1,1,0,36,36,0,0.0,0.0,0.0,349.031007751938,349.031007751938,0.0
CART,time,0,refitted,0.1,5,phase_or_holdout,516,1,2,-1,0,0,0,1,2,-1,36,36,0,0.0,0.0,0.0,35.07751937984496,35.27131782945737,-0.19379844961240877
CART,time,0,refitted,0.1,10,phase_or_holdout,516,1,2,-1,0,0,0,1,2,-1,36,36,0,0.0,0.0,0.0,69.96124031007751,70.15503875968992,-0.19379844961240167
CART,time,0,refitted,0.1,20,phase_or_holdout,516,1,2,-1,0,0,0,1,2,-1,36,36,0,0.0,0.0,0.0,139.72868217054264,139.92248062015503,-0.19379844961238746
CART,time,0,refitted,0.1,50,phase_or_holdout,516,1,2,-1,0,0,0,1,2,-1,36,36,0,0.0,0.0,0.0,349.031007751938,349.2248062015504,-0.19379844961241588
CART,time,0,refitted,0.2,5,phase_or_holdout,516,4,4,0,0,0,0,4,4,0,36,36,0,0.0,0.0,0.0,35.65891472868217,35.65891472868217,0.0
CART,time,0,refitted,0.2,10,phase_or_holdout,516,4,4,0,0,0,0,4,4,0,36,36,0,0.0,0.0,0.0,70.54263565891473,70.54263565891473,0.0
CART,time,0,refitted,0.2,20,phase_or_holdout,516,4,4,0,0,0,0,4,4,0,36,36,0,0.0,0.0,0.0,140.31007751937983,140.31007751937983,0.0
CART,time,0,refitted,0.2,50,phase_or_holdout,516,4,4,0,0,0,0,4,4,0,36,36,0,0.0,0.0,0.0,349.6124031007752,349.6124031007752,0.0
CART,time,1,fixed,0.01,5,phase_or_holdout,515,0,5,-5,0,0,0,0,5,-5,10,10,0,0.0,0.0,0.0,9.70873786407767,10.679611650485436,-0.9708737864077666
CART,time,1,fixed,0.01,10,phase_or_holdout,515,0,5,-5,0,0,0,0,5,-5,10,10,0,0.0,0.0,0.0,19.41747572815534,20.388349514563107,-0.9708737864077683
CART,time,1,fixed,0.01,20,phase_or_holdout,515,0,5,-5,0,0,0,0,5,-5,10,10,0,0.0,0.0,0.0,38.83495145631068,39.80582524271845,-0.9708737864077719
CART,time,1,fixed,0.01,50,phase_or_holdout,515,0,5,-5,0,0,0,0,5,-5,10,10,0,0.0,0.0,0.0,97.0873786407767,98.05825242718448,-0.970873786407779
CART,time,1,fixed,0.05,5,phase_or_holdout,515,0,40,-40,0,0,0,0,40,-40,10,10,0,0.0,15.0,-15.0,9.70873786407767,17.475728155339805,-7.766990291262136
CART,time,1,fixed,0.05,10,phase_or_holdout,515,0,40,-40,0,0,0,0,40,-40,10,10,0,0.0,15.0,-15.0,19.41747572815534,27.184466019417474,-7.766990291262136
CART,time,1,fixed,0.05,20,phase_or_holdout,515,0,40,-40,0,0,0,0,40,-40,10,10,0,0.0,15.0,-15.0,38.83495145631068,46.601941747572816,-7.76699029126214
CART,time,1,fixed,0.05,50,phase_or_holdout,515,0,40,-40,0,0,0,0,40,-40,10,10,0,0.0,15.0,-15.0,97.0873786407767,104.85436893203884,-7.7669902912621325
CART,time,1,fixed,0.1,5,phase_or_holdout,515,0,96,-96,0,2,-2,0,94,-94,10,8,2,0.0,45.0,-45.0,9.70873786407767,26.019417475728154,-16.310679611650485
CART,time,1,fixed,0.1,10,phase_or_holdout,515,0,96,-96,0,2,-2,0,94,-94,10,8,2,0.0,45.0,-45.0,19.41747572815534,33.786407766990294,-14.368932038834956
CART,time,1,fixed,0.1,20,phase_or_holdout,515,0,96,-96,0,2,-2,0,94,-94,10,8,2,0.0,45.0,-45.0,38.83495145631068,49.320388349514566,-10.48543689320389
CART,time,1,fixed,0.1,50,phase_or_holdout,515,0,96,-96,0,2,-2,0,94,-94,10,8,2,0.0,45.0,-45.0,97.0873786407767,95.92233009708738,1.1650485436893234
CART,time,1,fixed,0.2,5,phase_or_holdout,515,0,227,-227,0,6,-6,0,221,-221,10,4,6,0.0,124.0,-124.0,9.70873786407767,46.79611650485437,-37.0873786407767
CART,time,1,fixed,0.2,10,phase_or_holdout,515,0,227,-227,0,6,-6,0,221,-221,10,4,6,0.0,124.0,-124.0,19.41747572815534,50.67961165048544,-31.262135922330103
CART,time,1,fixed,0.2,20,phase_or_holdout,515,0,227,-227,0,6,-6,0,221,-221,10,4,6,0.0,124.0,-124.0,38.83495145631068,58.44660194174757,-19.611650485436897
CART,time,1,fixed,0.2,50,phase_or_holdout,515,0,227,-227,0,6,-6,0,221,-221,10,4,6,0.0,124.0,-124.0,97.0873786407767,81.74757281553399,15.33980582524272
CART,time,1,refitted,0.01,5,phase_or_holdout,515,0,5,-5,0,0,0,0,5,-5,10,10,0,0.0,0.0,0.0,9.70873786407767,10.679611650485436,-0.9708737864077666
CART,time,1,refitted,0.01,10,phase_or_holdout,515,0,5,-5,0,0,0,0,5,-5,10,10,0,0.0,0.0,0.0,19.41747572815534,20.388349514563107,-0.9708737864077683
CART,time,1,refitted,0.01,20,phase_or_holdout,515,0,5,-5,0,0,0,0,5,-5,10,10,0,0.0,0.0,0.0,38.83495145631068,39.80582524271845,-0.9708737864077719
CART,time,1,refitted,0.01,50,phase_or_holdout,515,0,5,-5,0,0,0,0,5,-5,10,10,0,0.0,0.0,0.0,97.0873786407767,98.05825242718448,-0.970873786407779
CART,time,1,refitted,0.05,5,phase_or_holdout,515,0,29,-29,0,0,0,0,29,-29,10,10,0,0.0,4.0,-4.0,9.70873786407767,15.33980582524272,-5.631067961165051
CART,time,1,refitted,0.05,10,phase_or_holdout,515,0,29,-29,0,0,0,0,29,-29,10,10,0,0.0,4.0,-4.0,19.41747572815534,25.04854368932039,-5.631067961165051
CART,time,1,refitted,0.05,20,phase_or_holdout,515,0,29,-29,0,0,0,0,29,-29,10,10,0,0.0,4.0,-4.0,38.83495145631068,44.46601941747573,-5.631067961165051
CART,time,1,refitted,0.05,50,phase_or_holdout,515,0,29,-29,0,0,0,0,29,-29,10,10,0,0.0,4.0,-4.0,97.0873786407767,102.71844660194176,-5.6310679611650585
CART,time,1,refitted,0.1,5,phase_or_holdout,515,0,59,-59,0,1,-1,0,58,-58,10,9,1,0.0,8.0,-8.0,9.70873786407767,20.0,-10.29126213592233
CART,time,1,refitted,0.1,10,phase_or_holdout,515,0,59,-59,0,1,-1,0,58,-58,10,9,1,0.0,8.0,-8.0,19.41747572815534,28.737864077669904,-9.320388349514566
CART,time,1,refitted,0.1,20,phase_or_holdout,515,0,59,-59,0,1,-1,0,58,-58,10,9,1,0.0,8.0,-8.0,38.83495145631068,46.213592233009706,-7.378640776699029
CART,time,1,refitted,0.1,50,phase_or_holdout,515,0,59,-59,0,1,-1,0,58,-58,10,9,1,0.0,8.0,-8.0,97.0873786407767,98.64077669902912,-1.5533980582524123
CART,time,1,refitted,0.2,5,phase_or_holdout,515,0,181,-181,0,5,-5,0,176,-176,10,5,5,0.0,78.0,-78.0,9.70873786407767,39.02912621359224,-29.320388349514573
CART,time,1,refitted,0.2,10,phase_or_holdout,515,0,181,-181,0,5,-5,0,176,-176,10,5,5,0.0,78.0,-78.0,19.41747572815534,43.883495145631066,-24.466019417475728
CART,time,1,refitted,0.2,20,phase_or_holdout,515,0,181,-181,0,5,-5,0,176,-176,10,5,5,0.0,78.0,-78.0,38.83495145631068,53.592233009708735,-14.757281553398059
CART,time,1,refitted,0.2,50,phase_or_holdout,515,0,181,-181,0,5,-5,0,176,-176,10,5,5,0.0,78.0,-78.0,97.0873786407767,82.71844660194175,14.368932038834956
CART,time,2,fixed,0.01,5,phase_or_holdout,516,0,7,-7,0,1,-1,0,6,-6,24,23,1,0.0,2.0,-2.0,23.25581395348837,23.449612403100776,-0.19379844961240522
CART,time,2,fixed,0.01,10,phase_or_holdout,516,0,7,-7,0,1,-1,0,6,-6,24,23,1,0.0,2.0,-2.0,46.51162790697674,45.736434108527135,0.7751937984496067
CART,time,2,fixed,0.01,20,phase_or_holdout,516,0,7,-7,0,1,-1,0,6,-6,24,23,1,0.0,2.0,-2.0,93.02325581395348,90.31007751937985,2.7131782945736376
CART,time,2,fixed,0.01,50,phase_or_holdout,516,0,7,-7,0,1,-1,0,6,-6,24,23,1,0.0,2.0,-2.0,232.5581395348837,224.031007751938,8.527131782945702
CART,time,2,fixed,0.05,5,phase_or_holdout,516,0,37,-37,0,3,-3,0,34,-34,24,21,3,0.0,12.0,-12.0,23.25581395348837,26.93798449612403,-3.68217054263566
CART,time,2,fixed,0.05,10,phase_or_holdout,516,0,37,-37,0,3,-3,0,34,-34,24,21,3,0.0,12.0,-12.0,46.51162790697674,47.28682170542636,-0.7751937984496209
CART,time,2,fixed,0.05,20,phase_or_holdout,516,0,37,-37,0,3,-3,0,34,-34,24,21,3,0.0,12.0,-12.0,93.02325581395348,87.98449612403101,5.038759689922472
CART,time,2,fixed,0.05,50,phase_or_holdout,516,0,37,-37,0,3,-3,0,34,-34,24,21,3,0.0,12.0,-12.0,232.5581395348837,210.07751937984497,22.480620155038736
CART,time,2,fixed,0.1,5,phase_or_holdout,516,0,62,-62,0,6,-6,0,56,-56,24,18,6,0.0,11.0,-11.0,23.25581395348837,28.294573643410853,-5.0387596899224825
CART,time,2,fixed,0.1,10,phase_or_holdout,516,0,62,-62,0,6,-6,0,56,-56,24,18,6,0.0,11.0,-11.0,46.51162790697674,45.736434108527135,0.7751937984496067
CART,time,2,fixed,0.1,20,phase_or_holdout,516,0,62,-62,0,6,-6,0,56,-56,24,18,6,0.0,11.0,-11.0,93.02325581395348,80.62015503875969,12.403100775193792
CART,time,2,fixed,0.1,50,phase_or_holdout,516,55,62,-7,4,6,-2,51,56,-5,20,18,2,4.0,11.0,-7.0,203.68217054263565,185.27131782945736,18.410852713178286
CART,time,2,fixed,0.2,5,phase_or_holdout,516,0,131,-131,0,9,-9,0,122,-122,24,15,9,0.0,28.0,-28.0,23.25581395348837,38.17829457364341,-14.922480620155042
CART,time,2,fixed,0.2,10,phase_or_holdout,516,0,131,-131,0,9,-9,0,122,-122,24,15,9,0.0,28.0,-28.0,46.51162790697674,52.713178294573645,-6.201550387596903
CART,time,2,fixed,0.2,20,phase_or_holdout,516,0,131,-131,0,9,-9,0,122,-122,24,15,9,0.0,28.0,-28.0,93.02325581395348,81.78294573643412,11.240310077519368
CART,time,2,fixed,0.2,50,phase_or_holdout,516,55,131,-76,4,9,-5,51,122,-71,20,15,5,0.0,28.0,-28.0,203.68217054263565,168.9922480620155,34.68992248062014
CART,time,2,refitted,0.01,5,phase_or_holdout,516,0,1,-1,0,0,0,0,1,-1,24,24,0,0.0,0.0,0.0,23.25581395348837,23.449612403100776,-0.19379844961240522
CART,time,2,refitted,0.01,10,phase_or_holdout,516,0,1,-1,0,0,0,0,1,-1,24,24,0,0.0,0.0,0.0,46.51162790697674,46.70542635658915,-0.19379844961240877
CART,time,2,refitted,0.01,20,phase_or_holdout,516,0,1,-1,0,0,0,0,1,-1,24,24,0,0.0,0.0,0.0,93.02325581395348,93.21705426356588,-0.19379844961240167
CART,time,2,refitted,0.01,50,phase_or_holdout,516,0,1,-1,0,0,0,0,1,-1,24,24,0,0.0,0.0,0.0,232.5581395348837,232.75193798449607,-0.19379844961235904
CART,time,2,refitted,0.05,5,phase_or_holdout,516,0,14,-14,0,0,0,0,14,-14,24,24,0,0.0,0.0,0.0,23.25581395348837,25.968992248062012,-2.713178294573641
CART,time,2,refitted,0.05,10,phase_or_holdout,516,0,14,-14,0,0,0,0,14,-14,24,24,0,0.0,0.0,0.0,46.51162790697674,49.22480620155039,-2.713178294573652
CART,time,2,refitted,0.05,20,phase_or_holdout,516,0,14,-14,0,0,0,0,14,-14,24,24,0,0.0,0.0,0.0,93.02325581395348,95.73643410852712,-2.7131782945736376
CART,time,2,refitted,0.05,50,phase_or_holdout,516,0,14,-14,0,0,0,0,14,-14,24,24,0,0.0,0.0,0.0,232.5581395348837,235.27131782945736,-2.713178294573652
CART,time,2,refitted,0.1,5,phase_or_holdout,516,0,41,-41,0,3,-3,0,38,-38,24,21,3,0.0,0.0,0.0,23.25581395348837,27.713178294573645,-4.457364341085274
CART,time,2,refitted,0.1,10,phase_or_holdout,516,0,41,-41,0,3,-3,0,38,-38,24,21,3,0.0,0.0,0.0,46.51162790697674,48.06201550387597,-1.5503875968992276
CART,time,2,refitted,0.1,20,phase_or_holdout,516,0,41,-41,0,3,-3,0,38,-38,24,21,3,0.0,0.0,0.0,93.02325581395348,88.75968992248062,4.263565891472865
CART,time,2,refitted,0.1,50,phase_or_holdout,516,31,41,-10,2,3,-1,29,38,-9,22,21,1,0.0,0.0,0.0,218.7984496124031,210.85271317829455,7.9457364341085395
CART,time,2,refitted,0.2,5,phase_or_holdout,516,0,114,-114,0,7,-7,0,107,-107,24,17,7,0.0,11.0,-11.0,23.25581395348837,37.2093023255814,-13.953488372093027
CART,time,2,refitted,0.2,10,phase_or_holdout,516,0,114,-114,0,7,-7,0,107,-107,24,17,7,0.0,11.0,-11.0,46.51162790697674,53.68217054263566,-7.170542635658919
CART,time,2,refitted,0.2,20,phase_or_holdout,516,0,114,-114,0,7,-7,0,107,-107,24,17,7,0.0,11.0,-11.0,93.02325581395348,86.62790697674419,6.395348837209298
CART,time,2,refitted,0.2,50,phase_or_holdout,516,31,114,-83,2,7,-5,29,107,-78,22,17,5,0.0,11.0,-11.0,218.7984496124031,185.46511627906975,33.33333333333334
CART,time,3,fixed,0.01,5,phase_or_holdout,516,0,14,-14,0,1,-1,0,13,-13,18,17,1,0.0,9.0,-9.0,17.441860465116278,18.992248062015506,-1.5503875968992276
CART,time,3,fixed,0.01,10,phase_or_holdout,516,0,14,-14,0,1,-1,0,13,-13,18,17,1,0.0,9.0,-9.0,34.88372093023256,35.46511627906977,-0.581395348837205
CART,time,3,fixed,0.01,20,phase_or_holdout,516,0,14,-14,0,1,-1,0,13,-13,18,17,1,0.0,9.0,-9.0,69.76744186046511,68.4108527131783,1.3565891472868117
CART,time,3,fixed,0.01,50,phase_or_holdout,516,0,14,-14,0,1,-1,0,13,-13,18,17,1,0.0,9.0,-9.0,174.41860465116278,167.24806201550388,7.170542635658904
CART,time,3,fixed,0.05,5,phase_or_holdout,516,0,32,-32,0,1,-1,0,31,-31,18,17,1,0.0,7.0,-7.0,17.441860465116278,22.48062015503876,-5.0387596899224825
CART,time,3,fixed,0.05,10,phase_or_holdout,516,29,32,-3,1,1,0,28,31,-3,17,17,0,4.0,7.0,-3.0,38.372093023255815,38.95348837209303,-0.5813953488372121
CART,time,3,fixed,0.05,20,phase_or_holdout,516,29,32,-3,1,1,0,28,31,-3,17,17,0,4.0,7.0,-3.0,71.31782945736434,71.89922480620154,-0.581395348837205
CART,time,3,fixed,0.05,50,phase_or_holdout,516,29,32,-3,1,1,0,28,31,-3,17,17,0,4.0,7.0,-3.0,170.15503875968992,170.7364341085271,-0.5813953488371908
CART,time,3,fixed,0.1,5,phase_or_holdout,516,0,65,-65,0,3,-3,0,62,-62,18,15,3,0.0,14.0,-14.0,17.441860465116278,26.550387596899224,-9.108527131782946
CART,time,3,fixed,0.1,10,phase_or_holdout,516,51,65,-14,2,3,-1,49,62,-13,16,15,1,0.0,14.0,-14.0,40.50387596899225,41.08527131782946,-0.5813953488372121
CART,time,3,fixed,0.1,20,phase_or_holdout,516,51,65,-14,2,3,-1,49,62,-13,16,15,1,0.0,14.0,-14.0,71.51162790697674,70.15503875968992,1.356589147286826
CART,time,3,fixed,0.1,50,phase_or_holdout,516,51,65,-14,2,3,-1,49,62,-13,16,15,1,0.0,14.0,-14.0,164.53488372093022,157.36434108527132,7.170542635658904
CART,time,3,fixed,0.2,5,phase_or_holdout,516,0,108,-108,0,6,-6,0,102,-102,18,12,6,0.0,5.0,-5.0,17.441860465116278,31.3953488372093,-13.953488372093023
CART,time,3,fixed,0.2,10,phase_or_holdout,516,51,108,-57,2,6,-4,49,102,-53,16,12,4,0.0,5.0,-5.0,40.50387596899225,43.02325581395349,-2.519379844961243
CART,time,3,fixed,0.2,20,phase_or_holdout,516,92,108,-16,6,6,0,86,102,-16,12,12,0,0.0,5.0,-5.0,63.17829457364341,66.27906976744185,-3.100775193798441
CART,time,3,fixed,0.2,50,phase_or_holdout,516,92,108,-16,6,6,0,86,102,-16,12,12,0,0.0,5.0,-5.0,132.94573643410854,136.04651162790697,-3.1007751937984267
CART,time,3,refitted,0.01,5,phase_or_holdout,516,0,20,-20,0,2,-2,0,18,-18,18,16,2,0.0,15.0,-15.0,17.441860465116278,18.992248062015506,-1.5503875968992276
CART,time,3,refitted,0.01,10,phase_or_holdout,516,0,20,-20,0,2,-2,0,18,-18,18,16,2,0.0,15.0,-15.0,34.88372093023256,34.49612403100775,0.38759689922481044
CART,time,3,refitted,0.01,20,phase_or_holdout,516,0,20,-20,0,2,-2,0,18,-18,18,16,2,0.0,15.0,-15.0,69.76744186046511,65.50387596899225,4.263565891472865
CART,time,3,refitted,0.01,50,phase_or_holdout,516,0,20,-20,0,2,-2,0,18,-18,18,16,2,0.0,15.0,-15.0,174.41860465116278,158.52713178294573,15.89147286821705
CART,time,3,refitted,0.05,5,phase_or_holdout,516,0,34,-34,0,3,-3,0,31,-31,18,15,3,0.0,9.0,-9.0,17.441860465116278,20.54263565891473,-3.1007751937984516
CART,time,3,refitted,0.05,10,phase_or_holdout,516,33,34,-1,3,3,0,30,31,-1,15,15,0,8.0,9.0,-1.0,34.88372093023256,35.07751937984496,-0.19379844961239456
CART,time,3,refitted,0.05,20,phase_or_holdout,516,33,34,-1,3,3,0,30,31,-1,15,15,0,8.0,9.0,-1.0,63.95348837209303,64.14728682170542,-0.19379844961239456
CART,time,3,refitted,0.05,50,phase_or_holdout,516,33,34,-1,3,3,0,30,31,-1,15,15,0,8.0,9.0,-1.0,151.1627906976744,151.35658914728683,-0.19379844961241588
CART,time,3,refitted,0.1,5,phase_or_holdout,516,0,49,-49,0,4,-4,0,45,-45,18,14,4,0.0,0.0,0.0,17.441860465116278,22.286821705426355,-4.844961240310077
CART,time,3,refitted,0.1,10,phase_or_holdout,516,41,49,-8,3,4,-1,38,45,-7,15,14,1,0.0,0.0,0.0,36.43410852713178,35.85271317829457,0.581395348837205
CART,time,3,refitted,0.1,20,phase_or_holdout,516,41,49,-8,3,4,-1,38,45,-7,15,14,1,0.0,0.0,0.0,65.50387596899225,62.98449612403101,2.519379844961236
CART,time,3,refitted,0.1,50,phase_or_holdout,516,41,49,-8,3,4,-1,38,45,-7,15,14,1,0.0,0.0,0.0,152.71317829457365,144.3798449612403,8.333333333333343
CART,time,3,refitted,0.2,5,phase_or_holdout,516,0,96,-96,0,7,-7,0,89,-89,18,11,7,0.0,0.0,0.0,17.441860465116278,27.906976744186046,-10.465116279069768
CART,time,3,refitted,0.2,10,phase_or_holdout,516,41,96,-55,3,7,-4,38,89,-51,15,11,4,0.0,0.0,0.0,36.43410852713178,38.565891472868216,-2.1317829457364397
CART,time,3,refitted,0.2,20,phase_or_holdout,516,77,96,-19,6,7,-1,71,89,-18,12,11,1,0.0,0.0,0.0,60.27131782945737,59.88372093023256,0.38759689922480334
CART,time,3,refitted,0.2,50,phase_or_holdout,516,77,96,-19,6,7,-1,71,89,-18,12,11,1,0.0,0.0,0.0,130.03875968992247,123.83720930232558,6.201550387596896
CART,holdout,0,fixed,0.01,5,phase_or_holdout,774,0,0,0,0,0,0,0,0,0,26,26,0,0.0,0.0,0.0,16.795865633074936,16.795865633074936,0.0
CART,holdout,0,fixed,0.01,10,phase_or_holdout,774,0,0,0,0,0,0,0,0,0,26,26,0,0.0,0.0,0.0,33.59173126614987,33.59173126614987,0.0
CART,holdout,0,fixed,0.01,20,phase_or_holdout,774,0,0,0,0,0,0,0,0,0,26,26,0,0.0,0.0,0.0,67.18346253229974,67.18346253229974,0.0
CART,holdout,0,fixed,0.01,50,phase_or_holdout,774,0,0,0,0,0,0,0,0,0,26,26,0,0.0,0.0,0.0,167.95865633074936,167.95865633074936,0.0
CART,holdout,0,fixed,0.05,5,phase_or_holdout,774,0,12,-12,0,2,-2,0,10,-10,26,24,2,0.0,0.0,0.0,16.795865633074936,16.795865633074936,0.0
CART,holdout,0,fixed,0.05,10,phase_or_holdout,774,4,12,-8,1,2,-1,3,10,-7,25,24,1,0.0,0.0,0.0,32.68733850129199,32.299741602067186,0.38759689922480334
CART,holdout,0,fixed,0.05,20,phase_or_holdout,774,4,12,-8,1,2,-1,3,10,-7,25,24,1,0.0,0.0,0.0,64.98708010335918,63.30749354005168,1.6795865633074953
CART,holdout,0,fixed,0.05,50,phase_or_holdout,774,4,12,-8,1,2,-1,3,10,-7,25,24,1,0.0,0.0,0.0,161.88630490956072,156.33074935400518,5.555555555555543
CART,holdout,0,fixed,0.1,5,phase_or_holdout,774,0,19,-19,0,2,-2,0,17,-17,26,24,2,0.0,0.0,0.0,16.795865633074936,17.700258397932817,-0.9043927648578816
CART,holdout,0,fixed,0.1,10,phase_or_holdout,774,4,19,-15,1,2,-1,3,17,-14,25,24,1,0.0,0.0,0.0,32.68733850129199,33.20413436692507,-0.5167958656330782
CART,holdout,0,fixed,0.1,20,phase_or_holdout,774,17,19,-2,2,2,0,15,17,-2,24,24,0,0.0,0.0,0.0,63.95348837209303,64.21188630490956,-0.25839793281652845
CART,holdout,0,fixed,0.1,50,phase_or_holdout,774,17,19,-2,2,2,0,15,17,-2,24,24,0,0.0,0.0,0.0,156.97674418604652,157.23514211886305,-0.25839793281653556
CART,holdout,0,fixed,0.2,5,phase_or_holdout,774,0,86,-86,0,7,-7,0,79,-79,26,19,7,0.0,0.0,0.0,16.795865633074936,22.48062015503876,-5.684754521963825
CART,holdout,0,fixed,0.2,10,phase_or_holdout,774,4,86,-82,1,7,-6,3,79,-76,25,19,6,0.0,0.0,0.0,32.68733850129199,34.75452196382429,-2.0671834625322987
CART,holdout,0,fixed,0.2,20,phase_or_holdout,774,83,86,-3,7,7,0,76,79,-3,19,19,0,0.0,0.0,0.0,58.91472868217054,59.30232558139535,-0.38759689922481044
CART,holdout,0,fixed,0.2,50,phase_or_holdout,774,83,86,-3,7,7,0,76,79,-3,19,19,0,0.0,0.0,0.0,132.5581395348837,132.94573643410854,-0.38759689922483176
CART,holdout,0,refitted,0.01,5,phase_or_holdout,774,0,0,0,0,0,0,0,0,0,26,26,0,0.0,0.0,0.0,16.795865633074936,16.795865633074936,0.0
CART,holdout,0,refitted,0.01,10,phase_or_holdout,774,0,0,0,0,0,0,0,0,0,26,26,0,0.0,0.0,0.0,33.59173126614987,33.59173126614987,0.0
CART,holdout,0,refitted,0.01,20,phase_or_holdout,774,0,0,0,0,0,0,0,0,0,26,26,0,0.0,0.0,0.0,67.18346253229974,67.18346253229974,0.0
CART,holdout,0,refitted,0.01,50,phase_or_holdout,774,0,0,0,0,0,0,0,0,0,26,26,0,0.0,0.0,0.0,167.95865633074936,167.95865633074936,0.0
CART,holdout,0,refitted,0.05,5,phase_or_holdout,774,0,4,-4,0,1,-1,0,3,-3,26,25,1,0.0,0.0,0.0,16.795865633074936,16.537467700258397,0.2583979328165391
CART,holdout,0,refitted,0.05,10,phase_or_holdout,774,1,4,-3,0,1,-1,1,3,-2,26,25,1,0.0,0.0,0.0,33.72093023255814,32.68733850129199,1.0335917312661493
CART,holdout,0,refitted,0.05,20,phase_or_holdout,774,1,4,-3,0,1,-1,1,3,-2,26,25,1,0.0,0.0,0.0,67.31266149870801,64.98708010335918,2.3255813953488342
CART,holdout,0,refitted,0.05,50,phase_or_holdout,774,1,4,-3,0,1,-1,1,3,-2,26,25,1,0.0,0.0,0.0,168.08785529715763,161.88630490956072,6.20155038759691
CART,holdout,0,refitted,0.1,5,phase_or_holdout,774,0,8,-8,0,1,-1,0,7,-7,26,25,1,0.0,0.0,0.0,16.795865633074936,17.05426356589147,-0.25839793281653556
CART,holdout,0,refitted,0.1,10,phase_or_holdout,774,1,8,-7,0,1,-1,1,7,-6,26,25,1,0.0,0.0,0.0,33.72093023255814,33.20413436692507,0.5167958656330711
CART,holdout,0,refitted,0.1,20,phase_or_holdout,774,5,8,-3,1,1,0,4,7,-3,25,25,0,0.0,0.0,0.0,65.11627906976744,65.50387596899225,-0.38759689922480334
CART,holdout,0,refitted,0.1,50,phase_or_holdout,774,5,8,-3,1,1,0,4,7,-3,25,25,0,0.0,0.0,0.0,162.015503875969,162.4031007751938,-0.38759689922480334
CART,holdout,0,refitted,0.2,5,phase_or_holdout,774,0,61,-61,0,5,-5,0,56,-56,26,21,5,0.0,0.0,0.0,16.795865633074936,20.801033591731265,-4.00516795865633
CART,holdout,0,refitted,0.2,10,phase_or_holdout,774,1,61,-60,0,5,-5,1,56,-55,26,21,5,0.0,0.0,0.0,33.72093023255814,34.366925064599485,-0.645994832041346
CART,holdout,0,refitted,0.2,20,phase_or_holdout,774,56,61,-5,5,5,0,51,56,-5,21,21,0,0.0,0.0,0.0,60.85271317829457,61.49870801033592,-0.645994832041346
CART,holdout,0,refitted,0.2,50,phase_or_holdout,774,56,61,-5,5,5,0,51,56,-5,21,21,0,0.0,0.0,0.0,142.24806201550388,142.89405684754522,-0.6459948320413389
XGBoost,time,-1,fixed,0.01,5,pooled,2063,0,59,-59,0,0,0,0,59,-59,88,88,0,0.0,39.0,-39.0,21.328162869607368,24.18807561803199,-2.859912748424623
XGBoost,time,-1,fixed,0.01,10,pooled,2063,0,59,-59,0,0,0,0,59,-59,88,88,0,0.0,39.0,-39.0,42.656325739214736,45.51623848763936,-2.8599127484246267
XGBoost,time,-1,fixed,0.01,20,pooled,2063,0,59,-59,0,0,0,0,59,-59,88,88,0,0.0,39.0,-39.0,85.31265147842947,88.17256422685409,-2.8599127484246196
XGBoost,time,-1,fixed,0.01,50,pooled,2063,0,59,-59,0,0,0,0,59,-59,88,88,0,0.0,39.0,-39.0,213.28162869607368,216.1415414444983,-2.8599127484246196
XGBoost,time,-1,fixed,0.05,5,pooled,2063,25,166,-141,1,9,-8,24,157,-133,87,79,8,0.0,81.0,-81.0,22.24915172079496,26.75714978187106,-4.507998061076101
XGBoost,time,-1,fixed,0.05,10,pooled,2063,25,166,-141,1,9,-8,24,157,-133,87,79,8,0.0,81.0,-81.0,43.334949103247695,45.90402326708677,-2.569074163839076
XGBoost,time,-1,fixed,0.05,20,pooled,2063,25,166,-141,1,9,-8,24,157,-133,87,79,8,0.0,81.0,-81.0,85.50654386815317,84.19777023751817,1.3087736306350024
XGBoost,time,-1,fixed,0.05,50,pooled,2063,25,166,-141,1,9,-8,24,157,-133,87,79,8,0.0,81.0,-81.0,212.0213281628696,199.0790111488124,12.942317014057181
XGBoost,time,-1,fixed,0.1,5,pooled,2063,25,248,-223,1,14,-13,24,234,-210,87,74,13,0.0,84.0,-84.0,22.24915172079496,29.277750848279204,-7.028599127484245
XGBoost,time,-1,fixed,0.1,10,pooled,2063,28,248,-220,1,14,-13,27,234,-207,87,74,13,0.0,84.0,-84.0,43.48036839554048,47.212796897721766,-3.7324285021812855
XGBoost,time,-1,fixed,0.1,20,pooled,2063,64,248,-184,4,14,-10,60,234,-174,84,74,10,2.0,84.0,-82.0,84.34318952981096,83.08288899660688,1.2603005332040738
XGBoost,time,-1,fixed,0.1,50,pooled,2063,64,248,-184,4,14,-10,60,234,-174,84,74,10,2.0,84.0,-82.0,206.49539505574407,190.69316529326224,15.80222976248183
XGBoost,time,-1,fixed,0.2,5,pooled,2063,34,557,-523,2,25,-23,32,532,-500,86,63,23,0.0,227.0,-227.0,22.394571013087734,41.05671352399418,-18.66214251090645
XGBoost,time,-1,fixed,0.2,10,pooled,2063,34,557,-523,2,25,-23,32,532,-500,86,63,23,0.0,227.0,-227.0,43.238002908385845,56.32573921473582,-13.087736306349974
XGBoost,time,-1,fixed,0.2,20,pooled,2063,70,557,-487,5,25,-20,65,532,-467,83,63,20,0.0,227.0,-227.0,83.61609306834707,86.8637905962191,-3.2476975278720346
XGBoost,time,-1,fixed,0.2,50,pooled,2063,110,557,-447,6,25,-19,104,532,-428,82,63,19,0.0,227.0,-227.0,203.7809015996122,178.47794474066893,25.302956858943276
XGBoost,time,-1,refitted,0.01,5,pooled,2063,0,44,-44,0,0,0,0,44,-44,88,88,0,0.0,27.0,-27.0,21.328162869607368,23.460979156568104,-2.132816286960736
XGBoost,time,-1,refitted,0.01,10,pooled,2063,0,44,-44,0,0,0,0,44,-44,88,88,0,0.0,27.0,-27.0,42.656325739214736,44.78914202617548,-2.1328162869607468
XGBoost,time,-1,refitted,0.01,20,pooled,2063,0,44,-44,0,0,0,0,44,-44,88,88,0,0.0,27.0,-27.0,85.31265147842947,87.4454677653902,-2.1328162869607326
XGBoost,time,-1,refitted,0.01,50,pooled,2063,0,44,-44,0,0,0,0,44,-44,88,88,0,0.0,27.0,-27.0,213.28162869607368,215.41444498303443,-2.1328162869607468
XGBoost,time,-1,refitted,0.05,5,pooled,2063,23,137,-114,1,7,-6,22,130,-108,87,81,6,0.0,57.0,-57.0,22.152205525933105,25.933107125545323,-3.7809015996122177
XGBoost,time,-1,refitted,0.05,10,pooled,2063,23,137,-114,1,7,-6,22,130,-108,87,81,6,0.0,57.0,-57.0,43.238002908385845,45.564711585070285,-2.32670867668444
XGBoost,time,-1,refitted,0.05,20,pooled,2063,23,137,-114,1,7,-6,22,130,-108,87,81,6,0.0,57.0,-57.0,85.40959767329133,84.82792050412021,0.5816771691711153
XGBoost,time,-1,refitted,0.05,50,pooled,2063,23,137,-114,1,7,-6,22,130,-108,87,81,6,0.0,57.0,-57.0,211.92438196800776,202.61754726127,9.30683470673776
XGBoost,time,-1,refitted,0.1,5,pooled,2063,23,193,-170,1,12,-11,22,181,-159,87,76,11,0.0,38.0,-38.0,22.152205525933105,27.193407658749397,-5.0412021328162915
XGBoost,time,-1,refitted,0.1,10,pooled,2063,24,193,-169,1,12,-11,23,181,-158,87,76,11,0.0,38.0,-38.0,43.28647600581677,45.61318468250121,-2.32670867668444
XGBoost,time,-1,refitted,0.1,20,pooled,2063,53,193,-140,4,12,-8,49,181,-132,84,76,8,0.0,38.0,-38.0,83.80998545807077,82.45273873000485,1.3572467280659168
XGBoost,time,-1,refitted,0.1,50,pooled,2063,53,193,-140,4,12,-8,49,181,-132,84,76,8,0.0,38.0,-38.0,205.96219098400388,192.97140087251572,12.990790111488167
XGBoost,time,-1,refitted,0.2,5,pooled,2063,25,552,-527,1,27,-26,24,525,-501,87,61,26,0.0,236.0,-236.0,22.24915172079496,40.232670867668446,-17.983519146873487
XGBoost,time,-1,refitted,0.2,10,pooled,2063,25,552,-527,1,27,-26,24,525,-501,87,61,26,0.0,236.0,-236.0,43.334949103247695,55.01696558410082,-11.682016480853122
XGBoost,time,-1,refitted,0.2,20,pooled,2063,54,552,-498,4,27,-23,50,525,-475,84,61,23,0.0,236.0,-236.0,83.8584585555017,84.58555501696559,-0.7270964614638871
XGBoost,time,-1,refitted,0.2,50,pooled,2063,93,552,-459,6,27,-21,87,525,-438,82,61,21,0.0,236.0,-236.0,202.95685894328648,173.29132331555985,29.665535627726626
LR,time,-1,fixed,0.01,5,pooled,2063,6,42,-36,1,2,-1,5,40,-35,87,86,1,0.0,25.0,-25.0,21.328162869607368,22.782355792535142,-1.4541929229277741
LR,time,-1,fixed,0.01,10,pooled,2063,6,42,-36,1,2,-1,5,40,-35,87,86,1,0.0,25.0,-25.0,42.41396025206011,43.62578768783325,-1.2118274357731451
LR,time,-1,fixed,0.01,20,pooled,2063,6,42,-36,1,2,-1,5,40,-35,87,86,1,0.0,25.0,-25.0,84.58555501696559,85.31265147842947,-0.7270964614638871
LR,time,-1,fixed,0.01,50,pooled,2063,6,42,-36,1,2,-1,5,40,-35,87,86,1,0.0,25.0,-25.0,211.100339311682,210.37324285021813,0.7270964614638729
LR,time,-1,fixed,0.05,5,pooled,2063,7,203,-196,1,9,-8,6,194,-188,87,79,8,0.0,121.0,-121.0,21.376635967038293,28.55065438681532,-7.174018419777028
LR,time,-1,fixed,0.05,10,pooled,2063,31,203,-172,2,9,-7,29,194,-165,86,79,7,3.0,121.0,-118.0,43.092583616093066,47.697527872031024,-4.6049442559379585
LR,time,-1,fixed,0.05,20,pooled,2063,31,203,-172,2,9,-7,29,194,-165,86,79,7,3.0,121.0,-118.0,84.77944740668929,85.99127484246243,-1.2118274357731451
LR,time,-1,fixed,0.05,50,pooled,2063,31,203,-172,2,9,-7,29,194,-165,86,79,7,3.0,121.0,-118.0,209.84003877847795,200.87251575375663,8.967523024721316
LR,time,-1,fixed,0.1,5,pooled,2063,11,330,-319,1,15,-14,10,315,-305,87,73,14,0.0,166.0,-166.0,21.570528356762,32.96170625302957,-11.391177896267568
LR,time,-1,fixed,0.1,10,pooled,2063,35,330,-295,2,15,-13,33,315,-282,86,73,13,0.0,166.0,-166.0,43.28647600581677,50.6543868153175,-7.367910809500728
LR,time,-1,fixed,0.1,20,pooled,2063,35,330,-295,2,15,-13,33,315,-282,86,73,13,0.0,166.0,-166.0,84.97333979641299,86.03974793989336,-1.0664081434803734
LR,time,-1,fixed,0.1,50,pooled,2063,35,330,-295,2,15,-13,33,315,-282,86,73,13,0.0,166.0,-166.0,210.0339311682017,192.19583131362091,17.838099854580776
LR,time,-1,fixed,0.2,5,pooled,2063,11,620,-609,1,25,-24,10,595,-585,87,63,24,0.0,281.0,-281.0,21.570528356762,44.11051866214251,-22.53999030538051
LR,time,-1,fixed,0.2,10,pooled,2063,58,620,-562,3,25,-22,55,595,-540,85,63,22,0.0,281.0,-281.0,43.86815317498788,59.37954435288415,-15.511391177896272
LR,time,-1,fixed,0.2,20,pooled,2063,111,620,-509,4,25,-21,107,595,-488,84,63,21,0.0,281.0,-281.0,86.62142510906448,89.91759573436742,-3.296170625302949
LR,time,-1,fixed,0.2,50,pooled,2063,111,620,-509,4,25,-21,107,595,-488,84,63,21,0.0,281.0,-281.0,208.7736306349976,181.5317498788173,27.241880756180308
LR,time,-1,refitted,0.01,5,pooled,2063,7,51,-44,2,2,0,5,49,-44,86,86,0,1.0,35.0,-34.0,21.08579738245274,23.218613669413475,-2.132816286960736
LR,time,-1,refitted,0.01,10,pooled,2063,7,51,-44,2,2,0,5,49,-44,86,86,0,1.0,35.0,-34.0,41.92922927775085,44.06204556471158,-2.1328162869607326
LR,time,-1,refitted,0.01,20,pooled,2063,7,51,-44,2,2,0,5,49,-44,86,86,0,1.0,35.0,-34.0,83.61609306834707,85.7489093553078,-2.1328162869607326
LR,time,-1,refitted,0.01,50,pooled,2063,7,51,-44,2,2,0,5,49,-44,86,86,0,1.0,35.0,-34.0,208.6766844401357,210.8095007270965,-2.1328162869608036
LR,time,-1,refitted,0.05,5,pooled,2063,8,195,-187,2,9,-7,6,186,-180,86,79,7,0.0,118.0,-118.0,21.134270479883664,28.16286960736791,-7.028599127484245
LR,time,-1,refitted,0.05,10,pooled,2063,35,195,-160,3,9,-6,32,186,-154,85,79,6,8.0,118.0,-110.0,42.75327193407659,47.309743092583616,-4.55647115850703
LR,time,-1,refitted,0.05,20,pooled,2063,35,195,-160,3,9,-6,32,186,-154,85,79,6,8.0,118.0,-110.0,83.95540475036354,85.60349006301503,-1.6480853126514887
LR,time,-1,refitted,0.05,50,pooled,2063,35,195,-160,3,9,-6,32,186,-154,85,79,6,8.0,118.0,-110.0,207.56180319922444,200.4847309743093,7.077072224915156
LR,time,-1,refitted,0.1,5,pooled,2063,8,330,-322,2,16,-14,6,314,-308,86,72,14,0.0,174.0,-174.0,21.134270479883664,32.67086766844401,-11.536597188560346
LR,time,-1,refitted,0.1,10,pooled,2063,35,330,-295,3,16,-13,32,314,-282,85,72,13,0.0,174.0,-174.0,42.75327193407659,50.12118274357732,-7.367910809500735
LR,time,-1,refitted,0.1,20,pooled,2063,35,330,-295,3,16,-13,32,314,-282,85,72,13,0.0,174.0,-174.0,83.95540475036354,85.02181289384392,-1.0664081434803734
LR,time,-1,refitted,0.1,50,pooled,2063,35,330,-295,3,16,-13,32,314,-282,85,72,13,0.0,174.0,-174.0,207.56180319922444,189.72370334464367,17.838099854580776
LR,time,-1,refitted,0.2,5,pooled,2063,8,617,-609,2,25,-23,6,592,-586,86,63,23,0.0,295.0,-295.0,21.134270479883664,43.96509936984973,-22.830828889966067
LR,time,-1,refitted,0.2,10,pooled,2063,46,617,-571,4,25,-21,42,592,-550,84,63,21,0.0,295.0,-295.0,42.75327193407659,59.234125060591374,-16.480853126514788
LR,time,-1,refitted,0.2,20,pooled,2063,102,617,-515,4,25,-21,98,592,-494,84,63,21,0.0,295.0,-295.0,86.18516723218613,89.77217644207465,-3.587009209888521
LR,time,-1,refitted,0.2,50,pooled,2063,102,617,-515,4,25,-21,98,592,-494,84,63,21,0.0,295.0,-295.0,208.33737275811924,181.38633058652448,26.951042171594764
CART,time,-1,fixed,0.01,5,pooled,2063,0,27,-27,0,2,-2,0,25,-25,88,86,2,0.0,11.0,-11.0,21.328162869607368,22.05525933107125,-0.7270964614638835
CART,time,-1,fixed,0.01,10,pooled,2063,0,27,-27,0,2,-2,0,25,-25,88,86,2,0.0,11.0,-11.0,42.656325739214736,42.898691226369365,-0.24236548715462902
CART,time,-1,fixed,0.01,20,pooled,2063,0,27,-27,0,2,-2,0,25,-25,88,86,2,0.0,11.0,-11.0,85.31265147842947,84.58555501696559,0.7270964614638871
CART,time,-1,fixed,0.01,50,pooled,2063,0,27,-27,0,2,-2,0,25,-25,88,86,2,0.0,11.0,-11.0,213.28162869607368,209.64614638875423,3.6354823073194495
CART,time,-1,fixed,0.05,5,pooled,2063,1,114,-113,0,5,-5,1,109,-108,88,83,5,0.0,34.0,-34.0,21.376635967038293,25.399903053805136,-4.023267086766843
CART,time,-1,fixed,0.05,10,pooled,2063,30,114,-84,1,5,-4,29,109,-80,87,83,4,4.0,34.0,-30.0,43.57731459040232,45.51623848763936,-1.9389238972370464
CART,time,-1,fixed,0.05,20,pooled,2063,30,114,-84,1,5,-4,29,109,-80,87,83,4,4.0,34.0,-30.0,85.7489093553078,85.7489093553078,0.0
CART,time,-1,fixed,0.05,50,pooled,2063,30,114,-84,1,5,-4,29,109,-80,87,83,4,4.0,34.0,-30.0,212.26369365002424,206.44692195831317,5.816771691711068
CART,time,-1,fixed,0.1,5,pooled,2063,1,234,-233,0,13,-13,1,221,-220,88,75,13,0.0,70.0,-70.0,21.376635967038293,28.8899660688318,-7.513330101793507
CART,time,-1,fixed,0.1,10,pooled,2063,62,234,-172,4,13,-9,58,221,-163,84,75,9,0.0,70.0,-70.0,43.5288414929714,47.06737760542899,-3.538536112457585
CART,time,-1,fixed,0.1,20,pooled,2063,62,234,-172,4,13,-9,58,221,-163,84,75,9,0.0,70.0,-70.0,84.2462433349491,83.42220067862337,0.8240426563257301
CART,time,-1,fixed,0.1,50,pooled,2063,117,234,-117,8,13,-5,109,221,-112,80,75,5,4.0,70.0,-66.0,199.17595734367427,192.4866698982065,6.689287445467784
CART,time,-1,fixed,0.2,5,pooled,2063,26,492,-466,2,23,-21,24,469,-445,86,65,21,0.0,157.0,-157.0,22.00678623364033,38.48763936015512,-16.48085312651479
CART,time,-1,fixed,0.2,10,pooled,2063,77,492,-415,4,23,-19,73,469,-396,84,65,19,0.0,157.0,-157.0,44.25593795443529,54.24139602520601,-9.985458070770719
CART,time,-1,fixed,0.2,20,pooled,2063,118,492,-374,8,23,-15,110,469,-359,80,65,15,0.0,157.0,-157.0,82.88899660688318,85.7489093553078,-2.8599127484246196
CART,time,-1,fixed,0.2,50,pooled,2063,173,492,-319,12,23,-11,161,469,-308,76,65,11,0.0,157.0,-157.0,192.00193892389723,180.2714493456132,11.730489578284022
CART,time,-1,refitted,0.01,5,pooled,2063,0,27,-27,0,2,-2,0,25,-25,88,86,2,0.0,15.0,-15.0,21.328162869607368,22.05525933107125,-0.7270964614638835
CART,time,-1,refitted,0.01,10,pooled,2063,0,27,-27,0,2,-2,0,25,-25,88,86,2,0.0,15.0,-15.0,42.656325739214736,42.898691226369365,-0.24236548715462902
CART,time,-1,refitted,0.01,20,pooled,2063,0,27,-27,0,2,-2,0,25,-25,88,86,2,0.0,15.0,-15.0,85.31265147842947,84.58555501696559,0.7270964614638871
CART,time,-1,refitted,0.01,50,pooled,2063,0,27,-27,0,2,-2,0,25,-25,88,86,2,0.0,15.0,-15.0,213.28162869607368,209.64614638875423,3.6354823073194495
CART,time,-1,refitted,0.05,5,pooled,2063,1,78,-77,0,3,-3,1,75,-74,88,85,3,0.0,13.0,-13.0,21.376635967038293,24.23654871546292,-2.8599127484246267
CART,time,-1,refitted,0.05,10,pooled,2063,34,78,-44,3,3,0,31,75,-44,85,85,0,8.0,13.0,-5.0,42.70479883664567,44.8376151236064,-2.1328162869607254
CART,time,-1,refitted,0.05,20,pooled,2063,34,78,-44,3,3,0,31,75,-44,85,85,0,8.0,13.0,-5.0,83.90693165293263,86.03974793989336,-2.1328162869607326
CART,time,-1,refitted,0.05,50,pooled,2063,34,78,-44,3,3,0,31,75,-44,85,85,0,8.0,13.0,-5.0,207.5133301017935,209.64614638875423,-2.1328162869607183
CART,time,-1,refitted,0.1,5,pooled,2063,1,151,-150,0,8,-8,1,143,-142,88,80,8,0.0,8.0,-8.0,21.376635967038293,26.320891904992727,-4.944255937954434
CART,time,-1,refitted,0.1,10,pooled,2063,42,151,-109,3,8,-5,39,143,-104,85,80,5,0.0,8.0,-8.0,43.092583616093066,45.71013087736306,-2.6175472612699977
CART,time,-1,refitted,0.1,20,pooled,2063,42,151,-109,3,8,-5,39,143,-104,85,80,5,0.0,8.0,-8.0,84.29471643238003,84.48860882210373,-0.19389238972370038
CART,time,-1,refitted,0.1,50,pooled,2063,73,151,-78,5,8,-3,68,143,-75,83,80,3,0.0,8.0,-8.0,204.4595249636452,200.82404265632573,3.635482307319478
CART,time,-1,refitted,0.2,5,pooled,2063,4,395,-391,0,19,-19,4,376,-372,88,69,19,0.0,89.0,-89.0,21.522055259331072,34.94910324769753,-13.427047988366457
CART,time,-1,refitted,0.2,10,pooled,2063,45,395,-350,3,19,-16,42,376,-334,85,69,16,0.0,89.0,-89.0,43.238002908385845,51.67232186136694,-8.434318952981094
CART,time,-1,refitted,0.2,20,pooled,2063,81,395,-314,6,19,-13,75,376,-301,82,69,13,0.0,89.0,-89.0,83.13136209403781,85.11875908870577,-1.9873969946679608
CART,time,-1,refitted,0.2,50,pooled,2063,112,395,-283,8,19,-11,104,376,-272,80,69,11,0.0,89.0,-89.0,198.93359185651963,185.45807077072223,13.475521085797396
