model,workflow,rule,mechanism,budget,cost,scheme,fold,threshold,n,positives,tp,fp,fn,tn,alerts,loss,loss100,loss_delta_no_alarm100,recall,precision,alert_rate,fnr,fpr,slots,excess,loss_no_alarm_100,delta_loss_vs_no_alarm_100
XGBoost,fixed,none,none,,5,time,-1,,2063,88,0,0,88,1975,0,440,21.328162869607368,0.0,0.0,0.0,0.0,1.0,0.0,,,21.328162869607368,0.0
XGBoost,fixed,none,none,,10,time,-1,,2063,88,0,0,88,1975,0,880,42.656325739214736,0.0,0.0,0.0,0.0,1.0,0.0,,,42.656325739214736,0.0
XGBoost,fixed,none,none,,20,time,-1,,2063,88,0,0,88,1975,0,1760,85.31265147842947,0.0,0.0,0.0,0.0,1.0,0.0,,,85.31265147842947,0.0
XGBoost,fixed,none,none,,50,time,-1,,2063,88,0,0,88,1975,0,4400,213.28162869607368,0.0,0.0,0.0,0.0,1.0,0.0,,,213.28162869607368,0.0
XGBoost,fixed,A_b01,A,0.01,5,time,-1,,2063,88,0,59,88,1916,59,499,24.18807561803199,2.8599127484246245,0.0,0.0,0.0285991274842462,1.0,0.0298734177215189,20.0,39.0,21.328162869607368,2.8599127484246245
XGBoost,fixed,A_b01,A,0.01,10,time,-1,,2063,88,0,59,88,1916,59,939,45.51623848763936,2.8599127484246245,0.0,0.0,0.0285991274842462,1.0,0.0298734177215189,20.0,39.0,42.656325739214736,2.8599127484246245
XGBoost,fixed,A_b01,A,0.01,20,time,-1,,2063,88,0,59,88,1916,59,1819,88.17256422685409,2.8599127484246245,0.0,0.0,0.0285991274842462,1.0,0.0298734177215189,20.0,39.0,85.31265147842947,2.8599127484246245
XGBoost,fixed,A_b01,A,0.01,50,time,-1,,2063,88,0,59,88,1916,59,4459,216.1415414444983,2.8599127484246245,0.0,0.0,0.0285991274842462,1.0,0.0298734177215189,20.0,39.0,213.28162869607368,2.8599127484246245
XGBoost,fixed,A_b05,A,0.05,5,time,-1,,2063,88,9,157,79,1818,166,552,26.75714978187106,5.428986912263694,0.1022727272727272,0.0542168674698795,0.0804653417353368,0.8977272727272727,0.0794936708860759,100.0,81.0,21.328162869607368,5.428986912263694
XGBoost,fixed,A_b05,A,0.05,10,time,-1,,2063,88,9,157,79,1818,166,947,45.90402326708677,3.247697527872031,0.1022727272727272,0.0542168674698795,0.0804653417353368,0.8977272727272727,0.0794936708860759,100.0,81.0,42.656325739214736,3.247697527872031
XGBoost,fixed,A_b05,A,0.05,20,time,-1,,2063,88,9,157,79,1818,166,1737,84.19777023751817,-1.1148812409112945,0.1022727272727272,0.0542168674698795,0.0804653417353368,0.8977272727272727,0.0794936708860759,100.0,81.0,85.31265147842947,-1.1148812409112943
XGBoost,fixed,A_b05,A,0.05,50,time,-1,,2063,88,9,157,79,1818,166,4107,199.0790111488124,-14.20261754726127,0.1022727272727272,0.0542168674698795,0.0804653417353368,0.8977272727272727,0.0794936708860759,100.0,81.0,213.28162869607368,-14.20261754726127
XGBoost,fixed,A_b10,A,0.1,5,time,-1,,2063,88,14,234,74,1741,248,604,29.277750848279204,7.949587978671837,0.1590909090909091,0.0564516129032258,0.120213281628696,0.8409090909090909,0.1184810126582278,204.0,84.0,21.328162869607368,7.949587978671837
XGBoost,fixed,A_b10,A,0.1,10,time,-1,,2063,88,14,234,74,1741,248,974,47.212796897721766,4.556471158507029,0.1590909090909091,0.0564516129032258,0.120213281628696,0.8409090909090909,0.1184810126582278,204.0,84.0,42.656325739214736,4.556471158507029
XGBoost,fixed,A_b10,A,0.1,20,time,-1,,2063,88,14,234,74,1741,248,1714,83.08288899660688,-2.2297624818225885,0.1590909090909091,0.0564516129032258,0.120213281628696,0.8409090909090909,0.1184810126582278,204.0,84.0,85.31265147842947,-2.2297624818225885
XGBoost,fixed,A_b10,A,0.1,50,time,-1,,2063,88,14,234,74,1741,248,3934,190.69316529326224,-22.58846340281144,0.1590909090909091,0.0564516129032258,0.120213281628696,0.8409090909090909,0.1184810126582278,204.0,84.0,213.28162869607368,-22.58846340281144
XGBoost,fixed,A_b20,A,0.2,5,time,-1,,2063,88,25,532,63,1443,557,847,41.05671352399418,19.72855065438681,0.2840909090909091,0.044883303411131,0.2699951526902569,0.7159090909090909,0.2693670886075949,412.0,227.0,21.328162869607368,19.728550654386815
XGBoost,fixed,A_b20,A,0.2,10,time,-1,,2063,88,25,532,63,1443,557,1162,56.32573921473582,13.669413475521086,0.2840909090909091,0.044883303411131,0.2699951526902569,0.7159090909090909,0.2693670886075949,412.0,227.0,42.656325739214736,13.669413475521086
XGBoost,fixed,A_b20,A,0.2,20,time,-1,,2063,88,25,532,63,1443,557,1792,86.8637905962191,1.5511391177896268,0.2840909090909091,0.044883303411131,0.2699951526902569,0.7159090909090909,0.2693670886075949,412.0,227.0,85.31265147842947,1.5511391177896268
XGBoost,fixed,A_b20,A,0.2,50,time,-1,,2063,88,25,532,63,1443,557,3682,178.47794474066893,-34.80368395540475,0.2840909090909091,0.044883303411131,0.2699951526902569,0.7159090909090909,0.2693670886075949,412.0,227.0,213.28162869607368,-34.80368395540475
XGBoost,fixed,B_r05,B,,5,time,-1,,2063,88,9,73,79,1902,82,468,22.68540959767329,1.3572467280659235,0.1022727272727272,0.1097560975609756,0.0397479398933591,0.8977272727272727,0.0369620253164557,,,21.328162869607368,1.3572467280659235
XGBoost,fixed,B_r10,B,,10,time,-1,,2063,88,35,379,53,1596,414,909,44.06204556471158,1.4057198254968493,0.3977272727272727,0.0845410628019323,0.2006786233640329,0.6022727272727273,0.1918987341772152,,,42.656325739214736,1.4057198254968493
XGBoost,fixed,B_r20,B,,20,time,-1,,2063,88,46,671,42,1304,717,1511,73.24285021812894,-12.069801260300531,0.5227272727272727,0.0641562064156206,0.3475521085797382,0.4772727272727273,0.3397468354430379,,,85.31265147842947,-12.069801260300533
XGBoost,fixed,B_r50,B,,50,time,-1,,2063,88,64,1025,24,950,1089,2225,107.85264178381,-105.4289869122637,0.7272727272727273,0.0587695133149678,0.5278720310227824,0.2727272727272727,0.5189873417721519,,,213.28162869607368,-105.4289869122637
XGBoost,fixed,C_b01_r05,C,0.01,5,time,-1,,2063,88,0,0,88,1975,0,440,21.328162869607368,0.0,0.0,0.0,0.0,1.0,0.0,20.0,0.0,21.328162869607368,0.0
XGBoost,fixed,C_b01_r10,C,0.01,10,time,-1,,2063,88,0,0,88,1975,0,880,42.656325739214736,0.0,0.0,0.0,0.0,1.0,0.0,20.0,0.0,42.656325739214736,0.0
XGBoost,fixed,C_b01_r20,C,0.01,20,time,-1,,2063,88,0,0,88,1975,0,1760,85.31265147842947,0.0,0.0,0.0,0.0,1.0,0.0,20.0,0.0,85.31265147842947,0.0
XGBoost,fixed,C_b01_r50,C,0.01,50,time,-1,,2063,88,0,0,88,1975,0,4400,213.28162869607368,0.0,0.0,0.0,0.0,1.0,0.0,20.0,0.0,213.28162869607368,0.0
XGBoost,fixed,C_b05_r05,C,0.05,5,time,-1,,2063,88,1,24,87,1951,25,459,22.24915172079496,0.9209888511875908,0.0113636363636363,0.04,0.0121182743577314,0.9886363636363636,0.0121518987341772,100.0,0.0,21.328162869607368,0.9209888511875909
XGBoost,fixed,C_b05_r10,C,0.05,10,time,-1,,2063,88,1,24,87,1951,25,894,43.334949103247695,0.6786233640329618,0.0113636363636363,0.04,0.0121182743577314,0.9886363636363636,0.0121518987341772,100.0,0.0,42.656325739214736,0.6786233640329618
XGBoost,fixed,C_b05_r20,C,0.05,20,time,-1,,2063,88,1,24,87,1951,25,1764,85.50654386815317,0.1938923897237033,0.0113636363636363,0.04,0.0121182743577314,0.9886363636363636,0.0121518987341772,100.0,0.0,85.31265147842947,0.19389238972370335
XGBoost,fixed,C_b05_r50,C,0.05,50,time,-1,,2063,88,1,24,87,1951,25,4374,212.0213281628696,-1.2603005332040718,0.0113636363636363,0.04,0.0121182743577314,0.9886363636363636,0.0121518987341772,100.0,0.0,213.28162869607368,-1.2603005332040718
XGBoost,fixed,C_b10_r05,C,0.1,5,time,-1,,2063,88,1,24,87,1951,25,459,22.24915172079496,0.9209888511875908,0.0113636363636363,0.04,0.0121182743577314,0.9886363636363636,0.0121518987341772,204.0,0.0,21.328162869607368,0.9209888511875909
XGBoost,fixed,C_b10_r10,C,0.1,10,time,-1,,2063,88,1,27,87,1948,28,897,43.48036839554048,0.8240426563257393,0.0113636363636363,0.0357142857142857,0.0135724672806592,0.9886363636363636,0.0136708860759493,204.0,0.0,42.656325739214736,0.8240426563257393
XGBoost,fixed,C_b10_r20,C,0.1,20,time,-1,,2063,88,4,60,84,1915,64,1740,84.34318952981096,-0.9694619486185168,0.0454545454545454,0.0625,0.0310227823557925,0.9545454545454546,0.030379746835443,204.0,2.0,85.31265147842947,-0.9694619486185168
XGBoost,fixed,C_b10_r50,C,0.1,50,time,-1,,2063,88,4,60,84,1915,64,4260,206.49539505574407,-6.786233640329617,0.0454545454545454,0.0625,0.0310227823557925,0.9545454545454546,0.030379746835443,204.0,2.0,213.28162869607368,-6.786233640329617
XGBoost,fixed,C_b20_r05,C,0.2,5,time,-1,,2063,88,2,32,86,1943,34,462,22.394571013087734,1.0664081434803685,0.0227272727272727,0.0588235294117647,0.0164808531265147,0.9772727272727272,0.0162025316455696,412.0,0.0,21.328162869607368,1.0664081434803685
XGBoost,fixed,C_b20_r10,C,0.2,10,time,-1,,2063,88,2,32,86,1943,34,892,43.238002908385845,0.58167716917111,0.0227272727272727,0.0588235294117647,0.0164808531265147,0.9772727272727272,0.0162025316455696,412.0,0.0,42.656325739214736,0.58167716917111
XGBoost,fixed,C_b20_r20,C,0.2,20,time,-1,,2063,88,5,65,83,1910,70,1725,83.61609306834707,-1.6965584100824045,0.0568181818181818,0.0714285714285714,0.033931168201648,0.9431818181818182,0.0329113924050632,412.0,0.0,85.31265147842947,-1.6965584100824043
XGBoost,fixed,C_b20_r50,C,0.2,50,time,-1,,2063,88,6,104,82,1871,110,4204,203.7809015996122,-9.500727096461464,0.0681818181818181,0.0545454545454545,0.0533204071740184,0.9318181818181818,0.0526582278481012,412.0,0.0,213.28162869607368,-9.500727096461464
XGBoost,fixed,TopK_b01,TopK,0.01,5,time,-1,,2063,88,0,20,88,1955,20,460,22.297624818225884,0.9694619486185168,0.0,0.0,0.0096946194861851,1.0,0.010126582278481,20.0,0.0,21.328162869607368,0.9694619486185168
XGBoost,fixed,TopK_b01,TopK,0.01,10,time,-1,,2063,88,0,20,88,1955,20,900,43.62578768783325,0.9694619486185168,0.0,0.0,0.0096946194861851,1.0,0.010126582278481,20.0,0.0,42.656325739214736,0.9694619486185168
XGBoost,fixed,TopK_b01,TopK,0.01,20,time,-1,,2063,88,0,20,88,1955,20,1780,86.28211342704799,0.9694619486185168,0.0,0.0,0.0096946194861851,1.0,0.010126582278481,20.0,0.0,85.31265147842947,0.9694619486185168
XGBoost,fixed,TopK_b01,TopK,0.01,50,time,-1,,2063,88,0,20,88,1955,20,4420,214.2510906446922,0.9694619486185168,0.0,0.0,0.0096946194861851,1.0,0.010126582278481,20.0,0.0,213.28162869607368,0.9694619486185168
XGBoost,fixed,TopK_b05,TopK,0.05,5,time,-1,,2063,88,7,93,81,1882,100,498,24.139602520601063,2.8114396509936985,0.0795454545454545,0.07,0.0484730974309258,0.9204545454545454,0.0470886075949367,100.0,0.0,21.328162869607368,2.8114396509936985
XGBoost,fixed,TopK_b05,TopK,0.05,10,time,-1,,2063,88,7,93,81,1882,100,903,43.77120698012603,1.1148812409112945,0.0795454545454545,0.07,0.0484730974309258,0.9204545454545454,0.0470886075949367,100.0,0.0,42.656325739214736,1.1148812409112943
XGBoost,fixed,TopK_b05,TopK,0.05,20,time,-1,,2063,88,7,93,81,1882,100,1713,83.03441589917595,-2.2782355792535145,0.0795454545454545,0.07,0.0484730974309258,0.9204545454545454,0.0470886075949367,100.0,0.0,85.31265147842947,-2.2782355792535145
XGBoost,fixed,TopK_b05,TopK,0.05,50,time,-1,,2063,88,7,93,81,1882,100,4143,200.82404265632573,-12.45758603974794,0.0795454545454545,0.07,0.0484730974309258,0.9204545454545454,0.0470886075949367,100.0,0.0,213.28162869607368,-12.45758603974794
XGBoost,fixed,TopK_b10,TopK,0.1,5,time,-1,,2063,88,14,190,74,1785,204,560,27.14493456131847,5.8167716917111,0.1590909090909091,0.0686274509803921,0.0988851187590887,0.8409090909090909,0.0962025316455696,204.0,0.0,21.328162869607368,5.8167716917111
XGBoost,fixed,TopK_b10,TopK,0.1,10,time,-1,,2063,88,14,190,74,1785,204,930,45.07998061076103,2.423654871546292,0.1590909090909091,0.0686274509803921,0.0988851187590887,0.8409090909090909,0.0962025316455696,204.0,0.0,42.656325739214736,2.423654871546292
XGBoost,fixed,TopK_b10,TopK,0.1,20,time,-1,,2063,88,14,190,74,1785,204,1670,80.95007270964615,-4.362578768783325,0.1590909090909091,0.0686274509803921,0.0988851187590887,0.8409090909090909,0.0962025316455696,204.0,0.0,85.31265147842947,-4.362578768783325
XGBoost,fixed,TopK_b10,TopK,0.1,50,time,-1,,2063,88,14,190,74,1785,204,3890,188.5603490063015,-24.721279689772174,0.1590909090909091,0.0686274509803921,0.0988851187590887,0.8409090909090909,0.0962025316455696,204.0,0.0,213.28162869607368,-24.721279689772178
XGBoost,fixed,TopK_b20,TopK,0.2,5,time,-1,,2063,88,31,380,57,1595,411,665,32.23460979156568,10.906446921958311,0.3522727272727273,0.0754257907542579,0.1992244304411052,0.6477272727272727,0.1924050632911392,412.0,0.0,21.328162869607368,10.906446921958313
XGBoost,fixed,TopK_b20,TopK,0.2,10,time,-1,,2063,88,31,380,57,1595,411,950,46.04944255937954,3.3931168201648085,0.3522727272727273,0.0754257907542579,0.1992244304411052,0.6477272727272727,0.1924050632911392,412.0,0.0,42.656325739214736,3.3931168201648085
XGBoost,fixed,TopK_b20,TopK,0.2,20,time,-1,,2063,88,31,380,57,1595,411,1520,73.67910809500727,-11.6335433834222,0.3522727272727273,0.0754257907542579,0.1992244304411052,0.6477272727272727,0.1924050632911392,412.0,0.0,85.31265147842947,-11.6335433834222
XGBoost,fixed,TopK_b20,TopK,0.2,50,time,-1,,2063,88,31,380,57,1595,411,3230,156.56810470189046,-56.71352399418323,0.3522727272727273,0.0754257907542579,0.1992244304411052,0.6477272727272727,0.1924050632911392,412.0,0.0,213.28162869607368,-56.71352399418323
XGBoost,refitted,none,none,,5,time,-1,,2063,88,0,0,88,1975,0,440,21.328162869607368,0.0,0.0,0.0,0.0,1.0,0.0,,,21.328162869607368,0.0
XGBoost,refitted,none,none,,10,time,-1,,2063,88,0,0,88,1975,0,880,42.656325739214736,0.0,0.0,0.0,0.0,1.0,0.0,,,42.656325739214736,0.0
XGBoost,refitted,none,none,,20,time,-1,,2063,88,0,0,88,1975,0,1760,85.31265147842947,0.0,0.0,0.0,0.0,1.0,0.0,,,85.31265147842947,0.0
XGBoost,refitted,none,none,,50,time,-1,,2063,88,0,0,88,1975,0,4400,213.28162869607368,0.0,0.0,0.0,0.0,1.0,0.0,,,213.28162869607368,0.0
XGBoost,refitted,A_b01,A,0.01,5,time,-1,,2063,88,0,44,88,1931,44,484,23.460979156568104,2.132816286960737,0.0,0.0,0.0213281628696073,1.0,0.0222784810126582,20.0,27.0,21.328162869607368,2.132816286960737
XGBoost,refitted,A_b01,A,0.01,10,time,-1,,2063,88,0,44,88,1931,44,924,44.78914202617548,2.132816286960737,0.0,0.0,0.0213281628696073,1.0,0.0222784810126582,20.0,27.0,42.656325739214736,2.132816286960737
XGBoost,refitted,A_b01,A,0.01,20,time,-1,,2063,88,0,44,88,1931,44,1804,87.4454677653902,2.132816286960737,0.0,0.0,0.0213281628696073,1.0,0.0222784810126582,20.0,27.0,85.31265147842947,2.132816286960737
XGBoost,refitted,A_b01,A,0.01,50,time,-1,,2063,88,0,44,88,1931,44,4444,215.41444498303443,2.132816286960737,0.0,0.0,0.0213281628696073,1.0,0.0222784810126582,20.0,27.0,213.28162869607368,2.132816286960737
XGBoost,refitted,A_b05,A,0.05,5,time,-1,,2063,88,7,130,81,1845,137,535,25.933107125545323,4.604944255937954,0.0795454545454545,0.0510948905109489,0.0664081434803684,0.9204545454545454,0.0658227848101265,100.0,57.0,21.328162869607368,4.604944255937954
XGBoost,refitted,A_b05,A,0.05,10,time,-1,,2063,88,7,130,81,1845,137,940,45.564711585070285,2.90838584585555,0.0795454545454545,0.0510948905109489,0.0664081434803684,0.9204545454545454,0.0658227848101265,100.0,57.0,42.656325739214736,2.90838584585555
XGBoost,refitted,A_b05,A,0.05,20,time,-1,,2063,88,7,130,81,1845,137,1750,84.82792050412021,-0.4847309743092584,0.0795454545454545,0.0510948905109489,0.0664081434803684,0.9204545454545454,0.0658227848101265,100.0,57.0,85.31265147842947,-0.4847309743092584
XGBoost,refitted,A_b05,A,0.05,50,time,-1,,2063,88,7,130,81,1845,137,4180,202.61754726127,-10.664081434803684,0.0795454545454545,0.0510948905109489,0.0664081434803684,0.9204545454545454,0.0658227848101265,100.0,57.0,213.28162869607368,-10.664081434803684
XGBoost,refitted,A_b10,A,0.1,5,time,-1,,2063,88,12,181,76,1794,193,561,27.193407658749397,5.865244789142026,0.1363636363636363,0.0621761658031088,0.0935530780416868,0.8636363636363636,0.0916455696202531,204.0,38.0,21.328162869607368,5.865244789142026
XGBoost,refitted,A_b10,A,0.1,10,time,-1,,2063,88,12,181,76,1794,193,941,45.61318468250121,2.956858943286476,0.1363636363636363,0.0621761658031088,0.0935530780416868,0.8636363636363636,0.0916455696202531,204.0,38.0,42.656325739214736,2.956858943286476
XGBoost,refitted,A_b10,A,0.1,20,time,-1,,2063,88,12,181,76,1794,193,1701,82.45273873000485,-2.8599127484246245,0.1363636363636363,0.0621761658031088,0.0935530780416868,0.8636363636363636,0.0916455696202531,204.0,38.0,85.31265147842947,-2.8599127484246245
XGBoost,refitted,A_b10,A,0.1,50,time,-1,,2063,88,12,181,76,1794,193,3981,192.97140087251572,-20.310227823557927,0.1363636363636363,0.0621761658031088,0.0935530780416868,0.8636363636363636,0.0916455696202531,204.0,38.0,213.28162869607368,-20.310227823557927
XGBoost,refitted,A_b20,A,0.2,5,time,-1,,2063,88,27,525,61,1450,552,830,40.232670867668446,18.904507998061074,0.3068181818181818,0.0489130434782608,0.2675714978187106,0.6931818181818182,0.2658227848101265,412.0,236.0,21.328162869607368,18.904507998061074
XGBoost,refitted,A_b20,A,0.2,10,time,-1,,2063,88,27,525,61,1450,552,1135,55.01696558410082,12.360639844886087,0.3068181818181818,0.0489130434782608,0.2675714978187106,0.6931818181818182,0.2658227848101265,412.0,236.0,42.656325739214736,12.360639844886089
XGBoost,refitted,A_b20,A,0.2,20,time,-1,,2063,88,27,525,61,1450,552,1745,84.58555501696559,-0.7270964614638875,0.3068181818181818,0.0489130434782608,0.2675714978187106,0.6931818181818182,0.2658227848101265,412.0,236.0,85.31265147842947,-0.7270964614638875
XGBoost,refitted,A_b20,A,0.2,50,time,-1,,2063,88,27,525,61,1450,552,3575,173.29132331555985,-39.99030538051382,0.3068181818181818,0.0489130434782608,0.2675714978187106,0.6931818181818182,0.2658227848101265,412.0,236.0,213.28162869607368,-39.99030538051382
XGBoost,refitted,B_r05,B,,5,time,-1,,2063,88,6,53,82,1922,59,463,22.443044110518663,1.1148812409112945,0.0681818181818181,0.1016949152542373,0.0285991274842462,0.9318181818181818,0.0268354430379746,,,21.328162869607368,1.1148812409112943
XGBoost,refitted,B_r10,B,,10,time,-1,,2063,88,37,498,51,1477,535,1008,48.86088221037324,6.204556471158507,0.4204545454545454,0.0691588785046729,0.2593310712554532,0.5795454545454546,0.2521518987341772,,,42.656325739214736,6.204556471158507
XGBoost,refitted,B_r20,B,,20,time,-1,,2063,88,51,851,37,1124,902,1591,77.120698012603,-8.191953465826467,0.5795454545454546,0.0565410199556541,0.437227338826951,0.4204545454545454,0.430886075949367,,,85.31265147842947,-8.191953465826467
XGBoost,refitted,B_r50,B,,50,time,-1,,2063,88,69,1194,19,781,1263,2144,103.926320891905,-109.35530780416867,0.7840909090909091,0.0546318289786223,0.6122152205525934,0.2159090909090909,0.6045569620253165,,,213.28162869607368,-109.35530780416869
XGBoost,refitted,C_b01_r05,C,0.01,5,time,-1,,2063,88,0,0,88,1975,0,440,21.328162869607368,0.0,0.0,0.0,0.0,1.0,0.0,20.0,0.0,21.328162869607368,0.0
XGBoost,refitted,C_b01_r10,C,0.01,10,time,-1,,2063,88,0,0,88,1975,0,880,42.656325739214736,0.0,0.0,0.0,0.0,1.0,0.0,20.0,0.0,42.656325739214736,0.0
XGBoost,refitted,C_b01_r20,C,0.01,20,time,-1,,2063,88,0,0,88,1975,0,1760,85.31265147842947,0.0,0.0,0.0,0.0,1.0,0.0,20.0,0.0,85.31265147842947,0.0
XGBoost,refitted,C_b01_r50,C,0.01,50,time,-1,,2063,88,0,0,88,1975,0,4400,213.28162869607368,0.0,0.0,0.0,0.0,1.0,0.0,20.0,0.0,213.28162869607368,0.0
XGBoost,refitted,C_b05_r05,C,0.05,5,time,-1,,2063,88,1,22,87,1953,23,457,22.152205525933105,0.8240426563257393,0.0113636363636363,0.0434782608695652,0.0111488124091129,0.9886363636363636,0.0111392405063291,100.0,0.0,21.328162869607368,0.8240426563257393
XGBoost,refitted,C_b05_r10,C,0.05,10,time,-1,,2063,88,1,22,87,1953,23,892,43.238002908385845,0.58167716917111,0.0113636363636363,0.0434782608695652,0.0111488124091129,0.9886363636363636,0.0111392405063291,100.0,0.0,42.656325739214736,0.58167716917111
XGBoost,refitted,C_b05_r20,C,0.05,20,time,-1,,2063,88,1,22,87,1953,23,1762,85.40959767329133,0.0969461948618516,0.0113636363636363,0.0434782608695652,0.0111488124091129,0.9886363636363636,0.0111392405063291,100.0,0.0,85.31265147842947,0.09694619486185167
XGBoost,refitted,C_b05_r50,C,0.05,50,time,-1,,2063,88,1,22,87,1953,23,4372,211.92438196800776,-1.3572467280659235,0.0113636363636363,0.0434782608695652,0.0111488124091129,0.9886363636363636,0.0111392405063291,100.0,0.0,213.28162869607368,-1.3572467280659235
XGBoost,refitted,C_b10_r05,C,0.1,5,time,-1,,2063,88,1,22,87,1953,23,457,22.152205525933105,0.8240426563257393,0.0113636363636363,0.0434782608695652,0.0111488124091129,0.9886363636363636,0.0111392405063291,204.0,0.0,21.328162869607368,0.8240426563257393
XGBoost,refitted,C_b10_r10,C,0.1,10,time,-1,,2063,88,1,23,87,1952,24,893,43.28647600581677,0.6301502666020359,0.0113636363636363,0.0416666666666666,0.0116335433834222,0.9886363636363636,0.0116455696202531,204.0,0.0,42.656325739214736,0.6301502666020359
XGBoost,refitted,C_b10_r20,C,0.1,20,time,-1,,2063,88,4,49,84,1926,53,1729,83.80998545807077,-1.502666020358701,0.0454545454545454,0.0754716981132075,0.0256907416383906,0.9545454545454546,0.0248101265822784,204.0,0.0,85.31265147842947,-1.502666020358701
XGBoost,refitted,C_b10_r50,C,0.1,50,time,-1,,2063,88,4,49,84,1926,53,4249,205.96219098400388,-7.319437712069801,0.0454545454545454,0.0754716981132075,0.0256907416383906,0.9545454545454546,0.0248101265822784,204.0,0.0,213.28162869607368,-7.319437712069801
XGBoost,refitted,C_b20_r05,C,0.2,5,time,-1,,2063,88,1,24,87,1951,25,459,22.24915172079496,0.9209888511875908,0.0113636363636363,0.04,0.0121182743577314,0.9886363636363636,0.0121518987341772,412.0,0.0,21.328162869607368,0.9209888511875909
XGBoost,refitted,C_b20_r10,C,0.2,10,time,-1,,2063,88,1,24,87,1951,25,894,43.334949103247695,0.6786233640329618,0.0113636363636363,0.04,0.0121182743577314,0.9886363636363636,0.0121518987341772,412.0,0.0,42.656325739214736,0.6786233640329618
XGBoost,refitted,C_b20_r20,C,0.2,20,time,-1,,2063,88,4,50,84,1925,54,1730,83.8584585555017,-1.454192922927775,0.0454545454545454,0.074074074074074,0.0261754726126999,0.9545454545454546,0.0253164556962025,412.0,0.0,85.31265147842947,-1.454192922927775
XGBoost,refitted,C_b20_r50,C,0.2,50,time,-1,,2063,88,6,87,82,1888,93,4187,202.95685894328648,-10.324769752787205,0.0681818181818181,0.064516129032258,0.045079980610761,0.9318181818181818,0.0440506329113924,412.0,0.0,213.28162869607368,-10.324769752787203
XGBoost,refitted,TopK_b01,TopK,0.01,5,time,-1,,2063,88,0,20,88,1955,20,460,22.297624818225884,0.9694619486185168,0.0,0.0,0.0096946194861851,1.0,0.010126582278481,20.0,0.0,21.328162869607368,0.9694619486185168
XGBoost,refitted,TopK_b01,TopK,0.01,10,time,-1,,2063,88,0,20,88,1955,20,900,43.62578768783325,0.9694619486185168,0.0,0.0,0.0096946194861851,1.0,0.010126582278481,20.0,0.0,42.656325739214736,0.9694619486185168
XGBoost,refitted,TopK_b01,TopK,0.01,20,time,-1,,2063,88,0,20,88,1955,20,1780,86.28211342704799,0.9694619486185168,0.0,0.0,0.0096946194861851,1.0,0.010126582278481,20.0,0.0,85.31265147842947,0.9694619486185168
XGBoost,refitted,TopK_b01,TopK,0.01,50,time,-1,,2063,88,0,20,88,1955,20,4420,214.2510906446922,0.9694619486185168,0.0,0.0,0.0096946194861851,1.0,0.010126582278481,20.0,0.0,213.28162869607368,0.9694619486185168
XGBoost,refitted,TopK_b05,TopK,0.05,5,time,-1,,2063,88,7,91,81,1884,98,496,24.042656325739216,2.714493456131847,0.0795454545454545,0.0714285714285714,0.0475036354823073,0.9204545454545454,0.0460759493670886,100.0,0.0,21.328162869607368,2.714493456131847
XGBoost,refitted,TopK_b05,TopK,0.05,10,time,-1,,2063,88,7,91,81,1884,98,901,43.67426078526418,1.0179350460494423,0.0795454545454545,0.0714285714285714,0.0475036354823073,0.9204545454545454,0.0460759493670886,100.0,0.0,42.656325739214736,1.0179350460494425
XGBoost,refitted,TopK_b05,TopK,0.05,20,time,-1,,2063,88,7,91,81,1884,98,1711,82.93746970431411,-2.375181774115366,0.0795454545454545,0.0714285714285714,0.0475036354823073,0.9204545454545454,0.0460759493670886,100.0,0.0,85.31265147842947,-2.375181774115366
XGBoost,refitted,TopK_b05,TopK,0.05,50,time,-1,,2063,88,7,91,81,1884,98,4141,200.7270964614639,-12.554532234609791,0.0795454545454545,0.0714285714285714,0.0475036354823073,0.9204545454545454,0.0460759493670886,100.0,0.0,213.28162869607368,-12.554532234609791
XGBoost,refitted,TopK_b10,TopK,0.1,5,time,-1,,2063,88,14,190,74,1785,204,560,27.14493456131847,5.8167716917111,0.1590909090909091,0.0686274509803921,0.0988851187590887,0.8409090909090909,0.0962025316455696,204.0,0.0,21.328162869607368,5.8167716917111
XGBoost,refitted,TopK_b10,TopK,0.1,10,time,-1,,2063,88,14,190,74,1785,204,930,45.07998061076103,2.423654871546292,0.1590909090909091,0.0686274509803921,0.0988851187590887,0.8409090909090909,0.0962025316455696,204.0,0.0,42.656325739214736,2.423654871546292
XGBoost,refitted,TopK_b10,TopK,0.1,20,time,-1,,2063,88,14,190,74,1785,204,1670,80.95007270964615,-4.362578768783325,0.1590909090909091,0.0686274509803921,0.0988851187590887,0.8409090909090909,0.0962025316455696,204.0,0.0,85.31265147842947,-4.362578768783325
XGBoost,refitted,TopK_b10,TopK,0.1,50,time,-1,,2063,88,14,190,74,1785,204,3890,188.5603490063015,-24.721279689772174,0.1590909090909091,0.0686274509803921,0.0988851187590887,0.8409090909090909,0.0962025316455696,204.0,0.0,213.28162869607368,-24.721279689772178
XGBoost,refitted,TopK_b20,TopK,0.2,5,time,-1,,2063,88,33,378,55,1597,411,653,31.65293262239457,10.324769752787205,0.375,0.0802919708029197,0.1992244304411052,0.625,0.1913924050632911,412.0,0.0,21.328162869607368,10.324769752787203
XGBoost,refitted,TopK_b20,TopK,0.2,10,time,-1,,2063,88,33,378,55,1597,411,928,44.983034415899176,2.32670867668444,0.375,0.0802919708029197,0.1992244304411052,0.625,0.1913924050632911,412.0,0.0,42.656325739214736,2.32670867668444
XGBoost,refitted,TopK_b20,TopK,0.2,20,time,-1,,2063,88,33,378,55,1597,411,1478,71.64323800290839,-13.669413475521086,0.375,0.0802919708029197,0.1992244304411052,0.625,0.1913924050632911,412.0,0.0,85.31265147842947,-13.669413475521086
XGBoost,refitted,TopK_b20,TopK,0.2,50,time,-1,,2063,88,33,378,55,1597,411,3128,151.62384876393602,-61.65777993213767,0.375,0.0802919708029197,0.1992244304411052,0.625,0.1913924050632911,412.0,0.0,213.28162869607368,-61.657779932137665
LR,fixed,none,none,,5,time,-1,,2063,88,0,0,88,1975,0,440,21.328162869607368,0.0,0.0,0.0,0.0,1.0,0.0,,,21.328162869607368,0.0
LR,fixed,none,none,,10,time,-1,,2063,88,0,0,88,1975,0,880,42.656325739214736,0.0,0.0,0.0,0.0,1.0,0.0,,,42.656325739214736,0.0
LR,fixed,none,none,,20,time,-1,,2063,88,0,0,88,1975,0,1760,85.31265147842947,0.0,0.0,0.0,0.0,1.0,0.0,,,85.31265147842947,0.0
LR,fixed,none,none,,50,time,-1,,2063,88,0,0,88,1975,0,4400,213.28162869607368,0.0,0.0,0.0,0.0,1.0,0.0,,,213.28162869607368,0.0
LR,fixed,A_b01,A,0.01,5,time,-1,,2063,88,2,40,86,1935,42,470,22.782355792535142,1.454192922927775,0.0227272727272727,0.0476190476190476,0.0203587009209888,0.9772727272727272,0.020253164556962,20.0,25.0,21.328162869607368,1.454192922927775
LR,fixed,A_b01,A,0.01,10,time,-1,,2063,88,2,40,86,1935,42,900,43.62578768783325,0.9694619486185168,0.0227272727272727,0.0476190476190476,0.0203587009209888,0.9772727272727272,0.020253164556962,20.0,25.0,42.656325739214736,0.9694619486185168
LR,fixed,A_b01,A,0.01,20,time,-1,,2063,88,2,40,86,1935,42,1760,85.31265147842947,0.0,0.0227272727272727,0.0476190476190476,0.0203587009209888,0.9772727272727272,0.020253164556962,20.0,25.0,85.31265147842947,0.0
LR,fixed,A_b01,A,0.01,50,time,-1,,2063,88,2,40,86,1935,42,4340,210.37324285021813,-2.90838584585555,0.0227272727272727,0.0476190476190476,0.0203587009209888,0.9772727272727272,0.020253164556962,20.0,25.0,213.28162869607368,-2.90838584585555
LR,fixed,A_b05,A,0.05,5,time,-1,,2063,88,9,194,79,1781,203,589,28.55065438681532,7.22249151720795,0.1022727272727272,0.0443349753694581,0.0984003877847794,0.8977272727272727,0.0982278481012658,100.0,121.0,21.328162869607368,7.22249151720795
LR,fixed,A_b05,A,0.05,10,time,-1,,2063,88,9,194,79,1781,203,984,47.697527872031024,5.041202132816287,0.1022727272727272,0.0443349753694581,0.0984003877847794,0.8977272727272727,0.0982278481012658,100.0,121.0,42.656325739214736,5.041202132816287
LR,fixed,A_b05,A,0.05,20,time,-1,,2063,88,9,194,79,1781,203,1774,85.99127484246243,0.6786233640329618,0.1022727272727272,0.0443349753694581,0.0984003877847794,0.8977272727272727,0.0982278481012658,100.0,121.0,85.31265147842947,0.6786233640329618
LR,fixed,A_b05,A,0.05,50,time,-1,,2063,88,9,194,79,1781,203,4144,200.87251575375663,-12.409112942317014,0.1022727272727272,0.0443349753694581,0.0984003877847794,0.8977272727272727,0.0982278481012658,100.0,121.0,213.28162869607368,-12.409112942317014
LR,fixed,A_b10,A,0.1,5,time,-1,,2063,88,15,315,73,1660,330,680,32.96170625302957,11.6335433834222,0.1704545454545454,0.0454545454545454,0.1599612215220552,0.8295454545454546,0.1594936708860759,204.0,166.0,21.328162869607368,11.6335433834222
LR,fixed,A_b10,A,0.1,10,time,-1,,2063,88,15,315,73,1660,330,1045,50.6543868153175,7.998061076102763,0.1704545454545454,0.0454545454545454,0.1599612215220552,0.8295454545454546,0.1594936708860759,204.0,166.0,42.656325739214736,7.998061076102763
LR,fixed,A_b10,A,0.1,20,time,-1,,2063,88,15,315,73,1660,330,1775,86.03974793989336,0.7270964614638875,0.1704545454545454,0.0454545454545454,0.1599612215220552,0.8295454545454546,0.1594936708860759,204.0,166.0,85.31265147842947,0.7270964614638875
LR,fixed,A_b10,A,0.1,50,time,-1,,2063,88,15,315,73,1660,330,3965,192.19583131362091,-21.08579738245274,0.1704545454545454,0.0454545454545454,0.1599612215220552,0.8295454545454546,0.1594936708860759,204.0,166.0,213.28162869607368,-21.08579738245274
LR,fixed,A_b20,A,0.2,5,time,-1,,2063,88,25,595,63,1380,620,910,44.11051866214251,22.782355792535142,0.2840909090909091,0.0403225806451612,0.3005332040717401,0.7159090909090909,0.3012658227848101,412.0,281.0,21.328162869607368,22.782355792535142
LR,fixed,A_b20,A,0.2,10,time,-1,,2063,88,25,595,63,1380,620,1225,59.37954435288415,16.723218613669413,0.2840909090909091,0.0403225806451612,0.3005332040717401,0.7159090909090909,0.3012658227848101,412.0,281.0,42.656325739214736,16.723218613669413
LR,fixed,A_b20,A,0.2,20,time,-1,,2063,88,25,595,63,1380,620,1855,89.91759573436742,4.604944255937954,0.2840909090909091,0.0403225806451612,0.3005332040717401,0.7159090909090909,0.3012658227848101,412.0,281.0,85.31265147842947,4.604944255937954
LR,fixed,A_b20,A,0.2,50,time,-1,,2063,88,25,595,63,1380,620,3745,181.5317498788173,-31.749878817256423,0.2840909090909091,0.0403225806451612,0.3005332040717401,0.7159090909090909,0.3012658227848101,412.0,281.0,213.28162869607368,-31.749878817256423
LR,fixed,B_r05,B,,5,time,-1,,2063,88,26,171,62,1804,197,481,23.315559864275325,1.9873969946679595,0.2954545454545454,0.1319796954314721,0.0954920019389239,0.7045454545454546,0.0865822784810126,,,21.328162869607368,1.9873969946679593
LR,fixed,B_r10,B,,10,time,-1,,2063,88,37,489,51,1486,526,999,48.42462433349491,5.768298594280174,0.4204545454545454,0.0703422053231939,0.2549684924866699,0.5795454545454546,0.2475949367088607,,,42.656325739214736,5.768298594280174
LR,fixed,B_r20,B,,20,time,-1,,2063,88,38,576,50,1399,614,1576,76.39360155113911,-8.919049927290354,0.4318181818181818,0.0618892508143322,0.2976248182258846,0.5681818181818182,0.2916455696202532,,,85.31265147842947,-8.919049927290354
LR,fixed,B_r50,B,,50,time,-1,,2063,88,73,1268,15,707,1341,2018,97.81871061560834,-115.46291808046534,0.8295454545454546,0.0544369873228933,0.6500242365487154,0.1704545454545454,0.6420253164556962,,,213.28162869607368,-115.46291808046534
LR,fixed,C_b01_r05,C,0.01,5,time,-1,,2063,88,1,5,87,1970,6,440,21.328162869607368,0.0,0.0113636363636363,0.1666666666666666,0.0029083858458555,0.9886363636363636,0.0025316455696202,20.0,0.0,21.328162869607368,0.0
LR,fixed,C_b01_r10,C,0.01,10,time,-1,,2063,88,1,5,87,1970,6,875,42.41396025206011,-0.2423654871546292,0.0113636363636363,0.1666666666666666,0.0029083858458555,0.9886363636363636,0.0025316455696202,20.0,0.0,42.656325739214736,-0.2423654871546292
LR,fixed,C_b01_r20,C,0.01,20,time,-1,,2063,88,1,5,87,1970,6,1745,84.58555501696559,-0.7270964614638875,0.0113636363636363,0.1666666666666666,0.0029083858458555,0.9886363636363636,0.0025316455696202,20.0,0.0,85.31265147842947,-0.7270964614638875
LR,fixed,C_b01_r50,C,0.01,50,time,-1,,2063,88,1,5,87,1970,6,4355,211.100339311682,-2.1812893843916625,0.0113636363636363,0.1666666666666666,0.0029083858458555,0.9886363636363636,0.0025316455696202,20.0,0.0,213.28162869607368,-2.1812893843916625
LR,fixed,C_b05_r05,C,0.05,5,time,-1,,2063,88,1,6,87,1969,7,441,21.376635967038293,0.0484730974309258,0.0113636363636363,0.1428571428571428,0.0033931168201648,0.9886363636363636,0.0030379746835443,100.0,0.0,21.328162869607368,0.048473097430925836
LR,fixed,C_b05_r10,C,0.05,10,time,-1,,2063,88,2,29,86,1946,31,889,43.092583616093066,0.4362578768783325,0.0227272727272727,0.064516129032258,0.015026660203587,0.9772727272727272,0.0146835443037974,100.0,3.0,42.656325739214736,0.4362578768783325
LR,fixed,C_b05_r20,C,0.05,20,time,-1,,2063,88,2,29,86,1946,31,1749,84.77944740668929,-0.5332040717401842,0.0227272727272727,0.064516129032258,0.015026660203587,0.9772727272727272,0.0146835443037974,100.0,3.0,85.31265147842947,-0.5332040717401842
LR,fixed,C_b05_r50,C,0.05,50,time,-1,,2063,88,2,29,86,1946,31,4329,209.84003877847795,-3.4415899175957345,0.0227272727272727,0.064516129032258,0.015026660203587,0.9772727272727272,0.0146835443037974,100.0,3.0,213.28162869607368,-3.4415899175957345
LR,fixed,C_b10_r05,C,0.1,5,time,-1,,2063,88,1,10,87,1965,11,445,21.570528356762,0.2423654871546292,0.0113636363636363,0.0909090909090909,0.0053320407174018,0.9886363636363636,0.0050632911392405,204.0,0.0,21.328162869607368,0.2423654871546292
LR,fixed,C_b10_r10,C,0.1,10,time,-1,,2063,88,2,33,86,1942,35,893,43.28647600581677,0.6301502666020359,0.0227272727272727,0.0571428571428571,0.016965584100824,0.9772727272727272,0.0167088607594936,204.0,0.0,42.656325739214736,0.6301502666020359
LR,fixed,C_b10_r20,C,0.1,20,time,-1,,2063,88,2,33,86,1942,35,1753,84.97333979641299,-0.3393116820164809,0.0227272727272727,0.0571428571428571,0.016965584100824,0.9772727272727272,0.0167088607594936,204.0,0.0,85.31265147842947,-0.3393116820164809
LR,fixed,C_b10_r50,C,0.1,50,time,-1,,2063,88,2,33,86,1942,35,4333,210.0339311682017,-3.247697527872031,0.0227272727272727,0.0571428571428571,0.016965584100824,0.9772727272727272,0.0167088607594936,204.0,0.0,213.28162869607368,-3.247697527872031
LR,fixed,C_b20_r05,C,0.2,5,time,-1,,2063,88,1,10,87,1965,11,445,21.570528356762,0.2423654871546292,0.0113636363636363,0.0909090909090909,0.0053320407174018,0.9886363636363636,0.0050632911392405,412.0,0.0,21.328162869607368,0.2423654871546292
LR,fixed,C_b20_r10,C,0.2,10,time,-1,,2063,88,3,55,85,1920,58,905,43.86815317498788,1.211827435773146,0.034090909090909,0.0517241379310344,0.0281143965099369,0.9659090909090908,0.0278481012658227,412.0,0.0,42.656325739214736,1.211827435773146
LR,fixed,C_b20_r20,C,0.2,20,time,-1,,2063,88,4,107,84,1868,111,1787,86.62142510906448,1.3087736306349975,0.0454545454545454,0.036036036036036,0.0538051381483276,0.9545454545454546,0.0541772151898734,412.0,0.0,85.31265147842947,1.3087736306349975
LR,fixed,C_b20_r50,C,0.2,50,time,-1,,2063,88,4,107,84,1868,111,4307,208.7736306349976,-4.507998061076103,0.0454545454545454,0.036036036036036,0.0538051381483276,0.9545454545454546,0.0541772151898734,412.0,0.0,213.28162869607368,-4.507998061076103
LR,fixed,TopK_b01,TopK,0.01,5,time,-1,,2063,88,1,19,87,1956,20,454,22.00678623364033,0.6786233640329618,0.0113636363636363,0.05,0.0096946194861851,0.9886363636363636,0.0096202531645569,20.0,0.0,21.328162869607368,0.6786233640329618
LR,fixed,TopK_b01,TopK,0.01,10,time,-1,,2063,88,1,19,87,1956,20,889,43.092583616093066,0.4362578768783325,0.0113636363636363,0.05,0.0096946194861851,0.9886363636363636,0.0096202531645569,20.0,0.0,42.656325739214736,0.4362578768783325
LR,fixed,TopK_b01,TopK,0.01,20,time,-1,,2063,88,1,19,87,1956,20,1759,85.26417838099854,-0.0484730974309258,0.0113636363636363,0.05,0.0096946194861851,0.9886363636363636,0.0096202531645569,20.0,0.0,85.31265147842947,-0.048473097430925836
LR,fixed,TopK_b01,TopK,0.01,50,time,-1,,2063,88,1,19,87,1956,20,4369,211.77896267571495,-1.502666020358701,0.0113636363636363,0.05,0.0096946194861851,0.9886363636363636,0.0096202531645569,20.0,0.0,213.28162869607368,-1.502666020358701
LR,fixed,TopK_b05,TopK,0.05,5,time,-1,,2063,88,3,97,85,1878,100,522,25.302956858943286,3.974793989335919,0.034090909090909,0.03,0.0484730974309258,0.9659090909090908,0.0491139240506329,100.0,0.0,21.328162869607368,3.9747939893359185
LR,fixed,TopK_b05,TopK,0.05,10,time,-1,,2063,88,3,97,85,1878,100,947,45.90402326708677,3.247697527872031,0.034090909090909,0.03,0.0484730974309258,0.9659090909090908,0.0491139240506329,100.0,0.0,42.656325739214736,3.247697527872031
LR,fixed,TopK_b05,TopK,0.05,20,time,-1,,2063,88,3,97,85,1878,100,1797,87.10615608337373,1.793504604944256,0.034090909090909,0.03,0.0484730974309258,0.9659090909090908,0.0491139240506329,100.0,0.0,85.31265147842947,1.793504604944256
LR,fixed,TopK_b05,TopK,0.05,50,time,-1,,2063,88,3,97,85,1878,100,4347,210.7125545322346,-2.569074163839069,0.034090909090909,0.03,0.0484730974309258,0.9659090909090908,0.0491139240506329,100.0,0.0,213.28162869607368,-2.5690741638390695
LR,fixed,TopK_b10,TopK,0.1,5,time,-1,,2063,88,13,191,75,1784,204,566,27.435773145904022,6.107610276296655,0.1477272727272727,0.0637254901960784,0.0988851187590887,0.8522727272727273,0.0967088607594936,204.0,0.0,21.328162869607368,6.107610276296655
LR,fixed,TopK_b10,TopK,0.1,10,time,-1,,2063,88,13,191,75,1784,204,941,45.61318468250121,2.956858943286476,0.1477272727272727,0.0637254901960784,0.0988851187590887,0.8522727272727273,0.0967088607594936,204.0,0.0,42.656325739214736,2.956858943286476
LR,fixed,TopK_b10,TopK,0.1,20,time,-1,,2063,88,13,191,75,1784,204,1691,81.9680077556956,-3.3446437227338826,0.1477272727272727,0.0637254901960784,0.0988851187590887,0.8522727272727273,0.0967088607594936,204.0,0.0,85.31265147842947,-3.3446437227338826
LR,fixed,TopK_b10,TopK,0.1,50,time,-1,,2063,88,13,191,75,1784,204,3941,191.0324769752787,-22.24915172079496,0.1477272727272727,0.0637254901960784,0.0988851187590887,0.8522727272727273,0.0967088607594936,204.0,0.0,213.28162869607368,-22.24915172079496
LR,fixed,TopK_b20,TopK,0.2,5,time,-1,,2063,88,28,384,60,1591,412,684,33.15559864275327,11.827435773145904,0.3181818181818182,0.0679611650485436,0.1997091614154144,0.6818181818181818,0.1944303797468354,412.0,0.0,21.328162869607368,11.827435773145904
LR,fixed,TopK_b20,TopK,0.2,10,time,-1,,2063,88,28,384,60,1591,412,984,47.697527872031024,5.041202132816287,0.3181818181818182,0.0679611650485436,0.1997091614154144,0.6818181818181818,0.1944303797468354,412.0,0.0,42.656325739214736,5.041202132816287
LR,fixed,TopK_b20,TopK,0.2,20,time,-1,,2063,88,28,384,60,1591,412,1584,76.78138633058653,-8.531265147842948,0.3181818181818182,0.0679611650485436,0.1997091614154144,0.6818181818181818,0.1944303797468354,412.0,0.0,85.31265147842947,-8.531265147842948
LR,fixed,TopK_b20,TopK,0.2,50,time,-1,,2063,88,28,384,60,1591,412,3384,164.03296170625302,-49.24866698982065,0.3181818181818182,0.0679611650485436,0.1997091614154144,0.6818181818181818,0.1944303797468354,412.0,0.0,213.28162869607368,-49.24866698982065
LR,refitted,none,none,,5,time,-1,,2063,88,0,0,88,1975,0,440,21.328162869607368,0.0,0.0,0.0,0.0,1.0,0.0,,,21.328162869607368,0.0
LR,refitted,none,none,,10,time,-1,,2063,88,0,0,88,1975,0,880,42.656325739214736,0.0,0.0,0.0,0.0,1.0,0.0,,,42.656325739214736,0.0
LR,refitted,none,none,,20,time,-1,,2063,88,0,0,88,1975,0,1760,85.31265147842947,0.0,0.0,0.0,0.0,1.0,0.0,,,85.31265147842947,0.0
LR,refitted,none,none,,50,time,-1,,2063,88,0,0,88,1975,0,4400,213.28162869607368,0.0,0.0,0.0,0.0,1.0,0.0,,,213.28162869607368,0.0
LR,refitted,A_b01,A,0.01,5,time,-1,,2063,88,2,49,86,1926,51,479,23.218613669413475,1.8904507998061075,0.0227272727272727,0.0392156862745098,0.0247212796897721,0.9772727272727272,0.0248101265822784,20.0,35.0,21.328162869607368,1.8904507998061075
LR,refitted,A_b01,A,0.01,10,time,-1,,2063,88,2,49,86,1926,51,909,44.06204556471158,1.4057198254968493,0.0227272727272727,0.0392156862745098,0.0247212796897721,0.9772727272727272,0.0248101265822784,20.0,35.0,42.656325739214736,1.4057198254968493
LR,refitted,A_b01,A,0.01,20,time,-1,,2063,88,2,49,86,1926,51,1769,85.7489093553078,0.4362578768783325,0.0227272727272727,0.0392156862745098,0.0247212796897721,0.9772727272727272,0.0248101265822784,20.0,35.0,85.31265147842947,0.4362578768783325
LR,refitted,A_b01,A,0.01,50,time,-1,,2063,88,2,49,86,1926,51,4349,210.8095007270965,-2.472127968977217,0.0227272727272727,0.0392156862745098,0.0247212796897721,0.9772727272727272,0.0248101265822784,20.0,35.0,213.28162869607368,-2.4721279689772175
LR,refitted,A_b05,A,0.05,5,time,-1,,2063,88,9,186,79,1789,195,581,28.16286960736791,6.834706737760543,0.1022727272727272,0.0461538461538461,0.0945225399903053,0.8977272727272727,0.0941772151898734,100.0,118.0,21.328162869607368,6.834706737760543
LR,refitted,A_b05,A,0.05,10,time,-1,,2063,88,9,186,79,1789,195,976,47.309743092583616,4.65341735336888,0.1022727272727272,0.0461538461538461,0.0945225399903053,0.8977272727272727,0.0941772151898734,100.0,118.0,42.656325739214736,4.65341735336888
LR,refitted,A_b05,A,0.05,20,time,-1,,2063,88,9,186,79,1789,195,1766,85.60349006301503,0.290838584585555,0.1022727272727272,0.0461538461538461,0.0945225399903053,0.8977272727272727,0.0941772151898734,100.0,118.0,85.31265147842947,0.290838584585555
LR,refitted,A_b05,A,0.05,50,time,-1,,2063,88,9,186,79,1789,195,4136,200.4847309743093,-12.79689772176442,0.1022727272727272,0.0461538461538461,0.0945225399903053,0.8977272727272727,0.0941772151898734,100.0,118.0,213.28162869607368,-12.79689772176442
LR,refitted,A_b10,A,0.1,5,time,-1,,2063,88,16,314,72,1661,330,674,32.67086766844401,11.342704798836646,0.1818181818181818,0.0484848484848484,0.1599612215220552,0.8181818181818182,0.1589873417721519,204.0,174.0,21.328162869607368,11.342704798836646
LR,refitted,A_b10,A,0.1,10,time,-1,,2063,88,16,314,72,1661,330,1034,50.12118274357732,7.464857004362579,0.1818181818181818,0.0484848484848484,0.1599612215220552,0.8181818181818182,0.1589873417721519,204.0,174.0,42.656325739214736,7.464857004362579
LR,refitted,A_b10,A,0.1,20,time,-1,,2063,88,16,314,72,1661,330,1754,85.02181289384392,-0.290838584585555,0.1818181818181818,0.0484848484848484,0.1599612215220552,0.8181818181818182,0.1589873417721519,204.0,174.0,85.31265147842947,-0.290838584585555
LR,refitted,A_b10,A,0.1,50,time,-1,,2063,88,16,314,72,1661,330,3914,189.72370334464367,-23.55792535142996,0.1818181818181818,0.0484848484848484,0.1599612215220552,0.8181818181818182,0.1589873417721519,204.0,174.0,213.28162869607368,-23.557925351429958
LR,refitted,A_b20,A,0.2,5,time,-1,,2063,88,25,592,63,1383,617,907,43.96509936984973,22.636936500242367,0.2840909090909091,0.0405186385737439,0.2990790111488124,0.7159090909090909,0.299746835443038,412.0,295.0,21.328162869607368,22.636936500242367
LR,refitted,A_b20,A,0.2,10,time,-1,,2063,88,25,592,63,1383,617,1222,59.234125060591374,16.577799321376634,0.2840909090909091,0.0405186385737439,0.2990790111488124,0.7159090909090909,0.299746835443038,412.0,295.0,42.656325739214736,16.577799321376634
LR,refitted,A_b20,A,0.2,20,time,-1,,2063,88,25,592,63,1383,617,1852,89.77217644207465,4.459524963645177,0.2840909090909091,0.0405186385737439,0.2990790111488124,0.7159090909090909,0.299746835443038,412.0,295.0,85.31265147842947,4.459524963645177
LR,refitted,A_b20,A,0.2,50,time,-1,,2063,88,25,592,63,1383,617,3742,181.38633058652448,-31.8952981095492,0.2840909090909091,0.0405186385737439,0.2990790111488124,0.7159090909090909,0.299746835443038,412.0,295.0,213.28162869607368,-31.8952981095492
LR,refitted,B_r05,B,,5,time,-1,,2063,88,30,169,58,1806,199,459,22.24915172079496,0.9209888511875908,0.3409090909090909,0.1507537688442211,0.0964614638875424,0.6590909090909091,0.0855696202531645,,,21.328162869607368,0.9209888511875909
LR,refitted,B_r10,B,,10,time,-1,,2063,88,38,508,50,1467,546,1008,48.86088221037324,6.204556471158507,0.4318181818181818,0.0695970695970696,0.2646631119728551,0.5681818181818182,0.2572151898734177,,,42.656325739214736,6.204556471158507
LR,refitted,B_r20,B,,20,time,-1,,2063,88,40,608,48,1367,648,1568,76.00581677169171,-9.30683470673776,0.4545454545454545,0.0617283950617283,0.3141056713523994,0.5454545454545454,0.3078481012658228,,,85.31265147842947,-9.30683470673776
LR,refitted,B_r50,B,,50,time,-1,,2063,88,75,1284,13,691,1359,1934,93.74697043141056,-119.53465826466312,0.8522727272727273,0.0551876379690949,0.6587493940862821,0.1477272727272727,0.650126582278481,,,213.28162869607368,-119.53465826466311
LR,refitted,C_b01_r05,C,0.01,5,time,-1,,2063,88,2,5,86,1970,7,435,21.08579738245274,-0.2423654871546292,0.0227272727272727,0.2857142857142857,0.0033931168201648,0.9772727272727272,0.0025316455696202,20.0,1.0,21.328162869607368,-0.2423654871546292
LR,refitted,C_b01_r10,C,0.01,10,time,-1,,2063,88,2,5,86,1970,7,865,41.92922927775085,-0.7270964614638875,0.0227272727272727,0.2857142857142857,0.0033931168201648,0.9772727272727272,0.0025316455696202,20.0,1.0,42.656325739214736,-0.7270964614638875
LR,refitted,C_b01_r20,C,0.01,20,time,-1,,2063,88,2,5,86,1970,7,1725,83.61609306834707,-1.6965584100824045,0.0227272727272727,0.2857142857142857,0.0033931168201648,0.9772727272727272,0.0025316455696202,20.0,1.0,85.31265147842947,-1.6965584100824043
LR,refitted,C_b01_r50,C,0.01,50,time,-1,,2063,88,2,5,86,1970,7,4305,208.6766844401357,-4.604944255937954,0.0227272727272727,0.2857142857142857,0.0033931168201648,0.9772727272727272,0.0025316455696202,20.0,1.0,213.28162869607368,-4.604944255937954
LR,refitted,C_b05_r05,C,0.05,5,time,-1,,2063,88,2,6,86,1969,8,436,21.134270479883664,-0.1938923897237033,0.0227272727272727,0.25,0.003877847794474,0.9772727272727272,0.0030379746835443,100.0,0.0,21.328162869607368,-0.19389238972370335
LR,refitted,C_b05_r10,C,0.05,10,time,-1,,2063,88,3,32,85,1943,35,882,42.75327193407659,0.0969461948618516,0.034090909090909,0.0857142857142857,0.016965584100824,0.9659090909090908,0.0162025316455696,100.0,8.0,42.656325739214736,0.09694619486185167
LR,refitted,C_b05_r20,C,0.05,20,time,-1,,2063,88,3,32,85,1943,35,1732,83.95540475036354,-1.3572467280659235,0.034090909090909,0.0857142857142857,0.016965584100824,0.9659090909090908,0.0162025316455696,100.0,8.0,85.31265147842947,-1.3572467280659235
LR,refitted,C_b05_r50,C,0.05,50,time,-1,,2063,88,3,32,85,1943,35,4282,207.56180319922444,-5.719825496849249,0.034090909090909,0.0857142857142857,0.016965584100824,0.9659090909090908,0.0162025316455696,100.0,8.0,213.28162869607368,-5.719825496849249
LR,refitted,C_b10_r05,C,0.1,5,time,-1,,2063,88,2,6,86,1969,8,436,21.134270479883664,-0.1938923897237033,0.0227272727272727,0.25,0.003877847794474,0.9772727272727272,0.0030379746835443,204.0,0.0,21.328162869607368,-0.19389238972370335
LR,refitted,C_b10_r10,C,0.1,10,time,-1,,2063,88,3,32,85,1943,35,882,42.75327193407659,0.0969461948618516,0.034090909090909,0.0857142857142857,0.016965584100824,0.9659090909090908,0.0162025316455696,204.0,0.0,42.656325739214736,0.09694619486185167
LR,refitted,C_b10_r20,C,0.1,20,time,-1,,2063,88,3,32,85,1943,35,1732,83.95540475036354,-1.3572467280659235,0.034090909090909,0.0857142857142857,0.016965584100824,0.9659090909090908,0.0162025316455696,204.0,0.0,85.31265147842947,-1.3572467280659235
LR,refitted,C_b10_r50,C,0.1,50,time,-1,,2063,88,3,32,85,1943,35,4282,207.56180319922444,-5.719825496849249,0.034090909090909,0.0857142857142857,0.016965584100824,0.9659090909090908,0.0162025316455696,204.0,0.0,213.28162869607368,-5.719825496849249
LR,refitted,C_b20_r05,C,0.2,5,time,-1,,2063,88,2,6,86,1969,8,436,21.134270479883664,-0.1938923897237033,0.0227272727272727,0.25,0.003877847794474,0.9772727272727272,0.0030379746835443,412.0,0.0,21.328162869607368,-0.19389238972370335
LR,refitted,C_b20_r10,C,0.2,10,time,-1,,2063,88,4,42,84,1933,46,882,42.75327193407659,0.0969461948618516,0.0454545454545454,0.0869565217391304,0.0222976248182258,0.9545454545454546,0.0212658227848101,412.0,0.0,42.656325739214736,0.09694619486185167
LR,refitted,C_b20_r20,C,0.2,20,time,-1,,2063,88,4,98,84,1877,102,1778,86.18516723218613,0.872515753756665,0.0454545454545454,0.0392156862745098,0.0494425593795443,0.9545454545454546,0.0496202531645569,412.0,0.0,85.31265147842947,0.872515753756665
LR,refitted,C_b20_r50,C,0.2,50,time,-1,,2063,88,4,98,84,1877,102,4298,208.33737275811924,-4.944255937954435,0.0454545454545454,0.0392156862745098,0.0494425593795443,0.9545454545454546,0.0496202531645569,412.0,0.0,213.28162869607368,-4.944255937954435
LR,refitted,TopK_b01,TopK,0.01,5,time,-1,,2063,88,1,19,87,1956,20,454,22.00678623364033,0.6786233640329618,0.0113636363636363,0.05,0.0096946194861851,0.9886363636363636,0.0096202531645569,20.0,0.0,21.328162869607368,0.6786233640329618
LR,refitted,TopK_b01,TopK,0.01,10,time,-1,,2063,88,1,19,87,1956,20,889,43.092583616093066,0.4362578768783325,0.0113636363636363,0.05,0.0096946194861851,0.9886363636363636,0.0096202531645569,20.0,0.0,42.656325739214736,0.4362578768783325
LR,refitted,TopK_b01,TopK,0.01,20,time,-1,,2063,88,1,19,87,1956,20,1759,85.26417838099854,-0.0484730974309258,0.0113636363636363,0.05,0.0096946194861851,0.9886363636363636,0.0096202531645569,20.0,0.0,85.31265147842947,-0.048473097430925836
LR,refitted,TopK_b01,TopK,0.01,50,time,-1,,2063,88,1,19,87,1956,20,4369,211.77896267571495,-1.502666020358701,0.0113636363636363,0.05,0.0096946194861851,0.9886363636363636,0.0096202531645569,20.0,0.0,213.28162869607368,-1.502666020358701
LR,refitted,TopK_b05,TopK,0.05,5,time,-1,,2063,88,9,91,79,1884,100,486,23.55792535142996,2.2297624818225885,0.1022727272727272,0.09,0.0484730974309258,0.8977272727272727,0.0460759493670886,100.0,0.0,21.328162869607368,2.2297624818225885
LR,refitted,TopK_b05,TopK,0.05,10,time,-1,,2063,88,9,91,79,1884,100,881,42.70479883664567,0.0484730974309258,0.1022727272727272,0.09,0.0484730974309258,0.8977272727272727,0.0460759493670886,100.0,0.0,42.656325739214736,0.048473097430925836
LR,refitted,TopK_b05,TopK,0.05,20,time,-1,,2063,88,9,91,79,1884,100,1671,80.99854580707708,-4.314105671352399,0.1022727272727272,0.09,0.0484730974309258,0.8977272727272727,0.0460759493670886,100.0,0.0,85.31265147842947,-4.314105671352399
LR,refitted,TopK_b05,TopK,0.05,50,time,-1,,2063,88,9,91,79,1884,100,4041,195.8797867183713,-17.401841977702375,0.1022727272727272,0.09,0.0484730974309258,0.8977272727272727,0.0460759493670886,100.0,0.0,213.28162869607368,-17.401841977702375
LR,refitted,TopK_b10,TopK,0.1,5,time,-1,,2063,88,16,188,72,1787,204,548,26.56325739214736,5.23509452253999,0.1818181818181818,0.0784313725490196,0.0988851187590887,0.8181818181818182,0.0951898734177215,204.0,0.0,21.328162869607368,5.23509452253999
LR,refitted,TopK_b10,TopK,0.1,10,time,-1,,2063,88,16,188,72,1787,204,908,44.01357246728066,1.3572467280659235,0.1818181818181818,0.0784313725490196,0.0988851187590887,0.8181818181818182,0.0951898734177215,204.0,0.0,42.656325739214736,1.3572467280659235
LR,refitted,TopK_b10,TopK,0.1,20,time,-1,,2063,88,16,188,72,1787,204,1628,78.91420261754726,-6.39844886088221,0.1818181818181818,0.0784313725490196,0.0988851187590887,0.8181818181818182,0.0951898734177215,204.0,0.0,85.31265147842947,-6.39844886088221
LR,refitted,TopK_b10,TopK,0.1,50,time,-1,,2063,88,16,188,72,1787,204,3788,183.61609306834703,-29.66553562772661,0.1818181818181818,0.0784313725490196,0.0988851187590887,0.8181818181818182,0.0951898734177215,204.0,0.0,213.28162869607368,-29.665535627726612
LR,refitted,TopK_b20,TopK,0.2,5,time,-1,,2063,88,27,385,61,1590,412,690,33.446437227338826,12.118274357731458,0.3068181818181818,0.0655339805825242,0.1997091614154144,0.6931818181818182,0.1949367088607595,412.0,0.0,21.328162869607368,12.118274357731458
LR,refitted,TopK_b20,TopK,0.2,10,time,-1,,2063,88,27,385,61,1590,412,995,48.2307319437712,5.574406204556471,0.3068181818181818,0.0655339805825242,0.1997091614154144,0.6931818181818182,0.1949367088607595,412.0,0.0,42.656325739214736,5.574406204556471
LR,refitted,TopK_b20,TopK,0.2,20,time,-1,,2063,88,27,385,61,1590,412,1605,77.79932137663597,-7.513330101793505,0.3068181818181818,0.0655339805825242,0.1997091614154144,0.6931818181818182,0.1949367088607595,412.0,0.0,85.31265147842947,-7.513330101793505
LR,refitted,TopK_b20,TopK,0.2,50,time,-1,,2063,88,27,385,61,1590,412,3435,166.50508967523024,-46.77653902084343,0.3068181818181818,0.0655339805825242,0.1997091614154144,0.6931818181818182,0.1949367088607595,412.0,0.0,213.28162869607368,-46.77653902084343
CART,fixed,none,none,,5,time,-1,,2063,88,0,0,88,1975,0,440,21.328162869607368,0.0,0.0,0.0,0.0,1.0,0.0,,,21.328162869607368,0.0
CART,fixed,none,none,,10,time,-1,,2063,88,0,0,88,1975,0,880,42.656325739214736,0.0,0.0,0.0,0.0,1.0,0.0,,,42.656325739214736,0.0
CART,fixed,none,none,,20,time,-1,,2063,88,0,0,88,1975,0,1760,85.31265147842947,0.0,0.0,0.0,0.0,1.0,0.0,,,85.31265147842947,0.0
CART,fixed,none,none,,50,time,-1,,2063,88,0,0,88,1975,0,4400,213.28162869607368,0.0,0.0,0.0,0.0,1.0,0.0,,,213.28162869607368,0.0
CART,fixed,A_b01,A,0.01,5,time,-1,,2063,88,2,25,86,1950,27,455,22.05525933107125,0.7270964614638875,0.0227272727272727,0.074074074074074,0.0130877363063499,0.9772727272727272,0.0126582278481012,20.0,11.0,21.328162869607368,0.7270964614638875
CART,fixed,A_b01,A,0.01,10,time,-1,,2063,88,2,25,86,1950,27,885,42.898691226369365,0.2423654871546292,0.0227272727272727,0.074074074074074,0.0130877363063499,0.9772727272727272,0.0126582278481012,20.0,11.0,42.656325739214736,0.2423654871546292
CART,fixed,A_b01,A,0.01,20,time,-1,,2063,88,2,25,86,1950,27,1745,84.58555501696559,-0.7270964614638875,0.0227272727272727,0.074074074074074,0.0130877363063499,0.9772727272727272,0.0126582278481012,20.0,11.0,85.31265147842947,-0.7270964614638875
CART,fixed,A_b01,A,0.01,50,time,-1,,2063,88,2,25,86,1950,27,4325,209.64614638875423,-3.6354823073194376,0.0227272727272727,0.074074074074074,0.0130877363063499,0.9772727272727272,0.0126582278481012,20.0,11.0,213.28162869607368,-3.6354823073194376
CART,fixed,A_b05,A,0.05,5,time,-1,,2063,88,5,109,83,1866,114,524,25.399903053805136,4.07174018419777,0.0568181818181818,0.043859649122807,0.0552593310712554,0.9431818181818182,0.0551898734177215,100.0,34.0,21.328162869607368,4.07174018419777
CART,fixed,A_b05,A,0.05,10,time,-1,,2063,88,5,109,83,1866,114,939,45.51623848763936,2.8599127484246245,0.0568181818181818,0.043859649122807,0.0552593310712554,0.9431818181818182,0.0551898734177215,100.0,34.0,42.656325739214736,2.8599127484246245
CART,fixed,A_b05,A,0.05,20,time,-1,,2063,88,5,109,83,1866,114,1769,85.7489093553078,0.4362578768783325,0.0568181818181818,0.043859649122807,0.0552593310712554,0.9431818181818182,0.0551898734177215,100.0,34.0,85.31265147842947,0.4362578768783325
CART,fixed,A_b05,A,0.05,50,time,-1,,2063,88,5,109,83,1866,114,4259,206.44692195831317,-6.834706737760543,0.0568181818181818,0.043859649122807,0.0552593310712554,0.9431818181818182,0.0551898734177215,100.0,34.0,213.28162869607368,-6.834706737760543
CART,fixed,A_b10,A,0.1,5,time,-1,,2063,88,13,221,75,1754,234,596,28.8899660688318,7.56180319922443,0.1477272727272727,0.0555555555555555,0.1134270479883664,0.8522727272727273,0.1118987341772151,204.0,70.0,21.328162869607368,7.56180319922443
CART,fixed,A_b10,A,0.1,10,time,-1,,2063,88,13,221,75,1754,234,971,47.06737760542899,4.411051866214251,0.1477272727272727,0.0555555555555555,0.1134270479883664,0.8522727272727273,0.1118987341772151,204.0,70.0,42.656325739214736,4.411051866214251
CART,fixed,A_b10,A,0.1,20,time,-1,,2063,88,13,221,75,1754,234,1721,83.42220067862337,-1.8904507998061075,0.1477272727272727,0.0555555555555555,0.1134270479883664,0.8522727272727273,0.1118987341772151,204.0,70.0,85.31265147842947,-1.8904507998061075
CART,fixed,A_b10,A,0.1,50,time,-1,,2063,88,13,221,75,1754,234,3971,192.4866698982065,-20.794958797867185,0.1477272727272727,0.0555555555555555,0.1134270479883664,0.8522727272727273,0.1118987341772151,204.0,70.0,213.28162869607368,-20.794958797867185
CART,fixed,A_b20,A,0.2,5,time,-1,,2063,88,23,469,65,1506,492,794,38.48763936015512,17.159476490547746,0.2613636363636363,0.0467479674796747,0.2384876393601551,0.7386363636363636,0.2374683544303797,412.0,157.0,21.328162869607368,17.159476490547746
CART,fixed,A_b20,A,0.2,10,time,-1,,2063,88,23,469,65,1506,492,1119,54.24139602520601,11.585070285991277,0.2613636363636363,0.0467479674796747,0.2384876393601551,0.7386363636363636,0.2374683544303797,412.0,157.0,42.656325739214736,11.585070285991275
CART,fixed,A_b20,A,0.2,20,time,-1,,2063,88,23,469,65,1506,492,1769,85.7489093553078,0.4362578768783325,0.2613636363636363,0.0467479674796747,0.2384876393601551,0.7386363636363636,0.2374683544303797,412.0,157.0,85.31265147842947,0.4362578768783325
CART,fixed,A_b20,A,0.2,50,time,-1,,2063,88,23,469,65,1506,492,3719,180.2714493456132,-33.0101793504605,0.2613636363636363,0.0467479674796747,0.2384876393601551,0.7386363636363636,0.2374683544303797,412.0,157.0,213.28162869607368,-33.0101793504605
CART,fixed,B_r05,B,,5,time,-1,,2063,88,22,143,66,1832,165,473,22.92777508482792,1.5996122152205523,0.25,0.1333333333333333,0.0799806107610276,0.75,0.0724050632911392,,,21.328162869607368,1.5996122152205525
CART,fixed,B_r10,B,,10,time,-1,,2063,88,38,529,50,1446,567,1029,49.878817256422685,7.22249151720795,0.4318181818181818,0.0670194003527336,0.2748424624333495,0.5681818181818182,0.2678481012658227,,,42.656325739214736,7.22249151720795
CART,fixed,B_r20,B,,20,time,-1,,2063,88,54,793,34,1182,847,1473,71.40087251575376,-13.911778962675715,0.6136363636363636,0.063754427390791,0.4105671352399418,0.3863636363636363,0.4015189873417721,,,85.31265147842947,-13.911778962675715
CART,fixed,B_r50,B,,50,time,-1,,2063,88,62,1103,26,872,1165,2403,116.4808531265148,-96.8007755695589,0.7045454545454546,0.0532188841201716,0.564711585070286,0.2954545454545454,0.5584810126582278,,,213.28162869607368,-96.8007755695589
CART,fixed,C_b01_r05,C,0.01,5,time,-1,,2063,88,0,0,88,1975,0,440,21.328162869607368,0.0,0.0,0.0,0.0,1.0,0.0,20.0,0.0,21.328162869607368,0.0
CART,fixed,C_b01_r10,C,0.01,10,time,-1,,2063,88,0,0,88,1975,0,880,42.656325739214736,0.0,0.0,0.0,0.0,1.0,0.0,20.0,0.0,42.656325739214736,0.0
CART,fixed,C_b01_r20,C,0.01,20,time,-1,,2063,88,0,0,88,1975,0,1760,85.31265147842947,0.0,0.0,0.0,0.0,1.0,0.0,20.0,0.0,85.31265147842947,0.0
CART,fixed,C_b01_r50,C,0.01,50,time,-1,,2063,88,0,0,88,1975,0,4400,213.28162869607368,0.0,0.0,0.0,0.0,1.0,0.0,20.0,0.0,213.28162869607368,0.0
CART,fixed,C_b05_r05,C,0.05,5,time,-1,,2063,88,0,1,88,1974,1,441,21.376635967038293,0.0484730974309258,0.0,0.0,0.0004847309743092,1.0,0.000506329113924,100.0,0.0,21.328162869607368,0.048473097430925836
CART,fixed,C_b05_r10,C,0.05,10,time,-1,,2063,88,1,29,87,1946,30,899,43.57731459040232,0.9209888511875908,0.0113636363636363,0.0333333333333333,0.0145419292292777,0.9886363636363636,0.0146835443037974,100.0,4.0,42.656325739214736,0.9209888511875909
CART,fixed,C_b05_r20,C,0.05,20,time,-1,,2063,88,1,29,87,1946,30,1769,85.7489093553078,0.4362578768783325,0.0113636363636363,0.0333333333333333,0.0145419292292777,0.9886363636363636,0.0146835443037974,100.0,4.0,85.31265147842947,0.4362578768783325
CART,fixed,C_b05_r50,C,0.05,50,time,-1,,2063,88,1,29,87,1946,30,4379,212.26369365002424,-1.0179350460494423,0.0113636363636363,0.0333333333333333,0.0145419292292777,0.9886363636363636,0.0146835443037974,100.0,4.0,213.28162869607368,-1.0179350460494425
CART,fixed,C_b10_r05,C,0.1,5,time,-1,,2063,88,0,1,88,1974,1,441,21.376635967038293,0.0484730974309258,0.0,0.0,0.0004847309743092,1.0,0.000506329113924,204.0,0.0,21.328162869607368,0.048473097430925836
CART,fixed,C_b10_r10,C,0.1,10,time,-1,,2063,88,4,58,84,1917,62,898,43.5288414929714,0.872515753756665,0.0454545454545454,0.064516129032258,0.030053320407174,0.9545454545454546,0.0293670886075949,204.0,0.0,42.656325739214736,0.872515753756665
CART,fixed,C_b10_r20,C,0.1,20,time,-1,,2063,88,4,58,84,1917,62,1738,84.2462433349491,-1.0664081434803685,0.0454545454545454,0.064516129032258,0.030053320407174,0.9545454545454546,0.0293670886075949,204.0,0.0,85.31265147842947,-1.0664081434803685
CART,fixed,C_b10_r50,C,0.1,50,time,-1,,2063,88,8,109,80,1866,117,4109,199.17595734367427,-14.10567135239942,0.0909090909090909,0.0683760683760683,0.0567135239941832,0.9090909090909092,0.0551898734177215,204.0,4.0,213.28162869607368,-14.105671352399419
CART,fixed,C_b20_r05,C,0.2,5,time,-1,,2063,88,2,24,86,1951,26,454,22.00678623364033,0.6786233640329618,0.0227272727272727,0.0769230769230769,0.0126030053320407,0.9772727272727272,0.0121518987341772,412.0,0.0,21.328162869607368,0.6786233640329618
CART,fixed,C_b20_r10,C,0.2,10,time,-1,,2063,88,4,73,84,1902,77,913,44.25593795443529,1.5996122152205523,0.0454545454545454,0.0519480519480519,0.0373242850218128,0.9545454545454546,0.0369620253164557,412.0,0.0,42.656325739214736,1.5996122152205525
CART,fixed,C_b20_r20,C,0.2,20,time,-1,,2063,88,8,110,80,1865,118,1710,82.88899660688318,-2.423654871546292,0.0909090909090909,0.0677966101694915,0.0571982549684924,0.9090909090909092,0.0556962025316455,412.0,0.0,85.31265147842947,-2.423654871546292
CART,fixed,C_b20_r50,C,0.2,50,time,-1,,2063,88,12,161,76,1814,173,3961,192.00193892389723,-21.279689772176443,0.1363636363636363,0.0693641618497109,0.0838584585555017,0.8636363636363636,0.0815189873417721,412.0,0.0,213.28162869607368,-21.279689772176443
CART,fixed,TopK_b01,TopK,0.01,5,time,-1,,2063,88,2,18,86,1957,20,448,21.715947649054776,0.3877847794474067,0.0227272727272727,0.1,0.0096946194861851,0.9772727272727272,0.0091139240506329,20.0,0.0,21.328162869607368,0.3877847794474067
CART,fixed,TopK_b01,TopK,0.01,10,time,-1,,2063,88,2,18,86,1957,20,878,42.559379544352886,-0.0969461948618516,0.0227272727272727,0.1,0.0096946194861851,0.9772727272727272,0.0091139240506329,20.0,0.0,42.656325739214736,-0.09694619486185167
CART,fixed,TopK_b01,TopK,0.01,20,time,-1,,2063,88,2,18,86,1957,20,1738,84.2462433349491,-1.0664081434803685,0.0227272727272727,0.1,0.0096946194861851,0.9772727272727272,0.0091139240506329,20.0,0.0,85.31265147842947,-1.0664081434803685
CART,fixed,TopK_b01,TopK,0.01,50,time,-1,,2063,88,2,18,86,1957,20,4318,209.30683470673776,-3.974793989335919,0.0227272727272727,0.1,0.0096946194861851,0.9772727272727272,0.0091139240506329,20.0,0.0,213.28162869607368,-3.9747939893359185
CART,fixed,TopK_b05,TopK,0.05,5,time,-1,,2063,88,5,95,83,1880,100,510,24.721279689772174,3.3931168201648085,0.0568181818181818,0.05,0.0484730974309258,0.9431818181818182,0.0481012658227848,100.0,0.0,21.328162869607368,3.3931168201648085
CART,fixed,TopK_b05,TopK,0.05,10,time,-1,,2063,88,5,95,83,1880,100,925,44.8376151236064,2.1812893843916625,0.0568181818181818,0.05,0.0484730974309258,0.9431818181818182,0.0481012658227848,100.0,0.0,42.656325739214736,2.1812893843916625
CART,fixed,TopK_b05,TopK,0.05,20,time,-1,,2063,88,5,95,83,1880,100,1755,85.07028599127484,-0.2423654871546292,0.0568181818181818,0.05,0.0484730974309258,0.9431818181818182,0.0481012658227848,100.0,0.0,85.31265147842947,-0.2423654871546292
CART,fixed,TopK_b05,TopK,0.05,50,time,-1,,2063,88,5,95,83,1880,100,4245,205.76829859428017,-7.513330101793505,0.0568181818181818,0.05,0.0484730974309258,0.9431818181818182,0.0481012658227848,100.0,0.0,213.28162869607368,-7.513330101793505
CART,fixed,TopK_b10,TopK,0.1,5,time,-1,,2063,88,10,194,78,1781,204,584,28.30828889966069,6.98012603005332,0.1136363636363636,0.0490196078431372,0.0988851187590887,0.8863636363636364,0.0982278481012658,204.0,0.0,21.328162869607368,6.98012603005332
CART,fixed,TopK_b10,TopK,0.1,10,time,-1,,2063,88,10,194,78,1781,204,974,47.212796897721766,4.556471158507029,0.1136363636363636,0.0490196078431372,0.0988851187590887,0.8863636363636364,0.0982278481012658,204.0,0.0,42.656325739214736,4.556471158507029
CART,fixed,TopK_b10,TopK,0.1,20,time,-1,,2063,88,10,194,78,1781,204,1754,85.02181289384392,-0.290838584585555,0.1136363636363636,0.0490196078431372,0.0988851187590887,0.8863636363636364,0.0982278481012658,204.0,0.0,85.31265147842947,-0.290838584585555
CART,fixed,TopK_b10,TopK,0.1,50,time,-1,,2063,88,10,194,78,1781,204,4094,198.4488608822104,-14.832767813863306,0.1136363636363636,0.0490196078431372,0.0988851187590887,0.8863636363636364,0.0982278481012658,204.0,0.0,213.28162869607368,-14.832767813863306
CART,fixed,TopK_b20,TopK,0.2,5,time,-1,,2063,88,27,385,61,1590,412,690,33.446437227338826,12.118274357731458,0.3068181818181818,0.0655339805825242,0.1997091614154144,0.6931818181818182,0.1949367088607595,412.0,0.0,21.328162869607368,12.118274357731458
CART,fixed,TopK_b20,TopK,0.2,10,time,-1,,2063,88,27,385,61,1590,412,995,48.2307319437712,5.574406204556471,0.3068181818181818,0.0655339805825242,0.1997091614154144,0.6931818181818182,0.1949367088607595,412.0,0.0,42.656325739214736,5.574406204556471
CART,fixed,TopK_b20,TopK,0.2,20,time,-1,,2063,88,27,385,61,1590,412,1605,77.79932137663597,-7.513330101793505,0.3068181818181818,0.0655339805825242,0.1997091614154144,0.6931818181818182,0.1949367088607595,412.0,0.0,85.31265147842947,-7.513330101793505
CART,fixed,TopK_b20,TopK,0.2,50,time,-1,,2063,88,27,385,61,1590,412,3435,166.50508967523024,-46.77653902084343,0.3068181818181818,0.0655339805825242,0.1997091614154144,0.6931818181818182,0.1949367088607595,412.0,0.0,213.28162869607368,-46.77653902084343
CART,refitted,none,none,,5,time,-1,,2063,88,0,0,88,1975,0,440,21.328162869607368,0.0,0.0,0.0,0.0,1.0,0.0,,,21.328162869607368,0.0
CART,refitted,none,none,,10,time,-1,,2063,88,0,0,88,1975,0,880,42.656325739214736,0.0,0.0,0.0,0.0,1.0,0.0,,,42.656325739214736,0.0
CART,refitted,none,none,,20,time,-1,,2063,88,0,0,88,1975,0,1760,85.31265147842947,0.0,0.0,0.0,0.0,1.0,0.0,,,85.31265147842947,0.0
CART,refitted,none,none,,50,time,-1,,2063,88,0,0,88,1975,0,4400,213.28162869607368,0.0,0.0,0.0,0.0,1.0,0.0,,,213.28162869607368,0.0
CART,refitted,A_b01,A,0.01,5,time,-1,,2063,88,2,25,86,1950,27,455,22.05525933107125,0.7270964614638875,0.0227272727272727,0.074074074074074,0.0130877363063499,0.9772727272727272,0.0126582278481012,20.0,15.0,21.328162869607368,0.7270964614638875
CART,refitted,A_b01,A,0.01,10,time,-1,,2063,88,2,25,86,1950,27,885,42.898691226369365,0.2423654871546292,0.0227272727272727,0.074074074074074,0.0130877363063499,0.9772727272727272,0.0126582278481012,20.0,15.0,42.656325739214736,0.2423654871546292
CART,refitted,A_b01,A,0.01,20,time,-1,,2063,88,2,25,86,1950,27,1745,84.58555501696559,-0.7270964614638875,0.0227272727272727,0.074074074074074,0.0130877363063499,0.9772727272727272,0.0126582278481012,20.0,15.0,85.31265147842947,-0.7270964614638875
CART,refitted,A_b01,A,0.01,50,time,-1,,2063,88,2,25,86,1950,27,4325,209.64614638875423,-3.6354823073194376,0.0227272727272727,0.074074074074074,0.0130877363063499,0.9772727272727272,0.0126582278481012,20.0,15.0,213.28162869607368,-3.6354823073194376
CART,refitted,A_b05,A,0.05,5,time,-1,,2063,88,3,75,85,1900,78,500,24.23654871546292,2.90838584585555,0.034090909090909,0.0384615384615384,0.0378090159961221,0.9659090909090908,0.0379746835443038,100.0,13.0,21.328162869607368,2.90838584585555
CART,refitted,A_b05,A,0.05,10,time,-1,,2063,88,3,75,85,1900,78,925,44.8376151236064,2.1812893843916625,0.034090909090909,0.0384615384615384,0.0378090159961221,0.9659090909090908,0.0379746835443038,100.0,13.0,42.656325739214736,2.1812893843916625
CART,refitted,A_b05,A,0.05,20,time,-1,,2063,88,3,75,85,1900,78,1775,86.03974793989336,0.7270964614638875,0.034090909090909,0.0384615384615384,0.0378090159961221,0.9659090909090908,0.0379746835443038,100.0,13.0,85.31265147842947,0.7270964614638875
CART,refitted,A_b05,A,0.05,50,time,-1,,2063,88,3,75,85,1900,78,4325,209.64614638875423,-3.6354823073194376,0.034090909090909,0.0384615384615384,0.0378090159961221,0.9659090909090908,0.0379746835443038,100.0,13.0,213.28162869607368,-3.6354823073194376
CART,refitted,A_b10,A,0.1,5,time,-1,,2063,88,8,143,80,1832,151,543,26.320891904992727,4.992729035385361,0.0909090909090909,0.0529801324503311,0.073194377120698,0.9090909090909092,0.0724050632911392,204.0,8.0,21.328162869607368,4.992729035385361
CART,refitted,A_b10,A,0.1,10,time,-1,,2063,88,8,143,80,1832,151,943,45.71013087736306,3.0538051381483275,0.0909090909090909,0.0529801324503311,0.073194377120698,0.9090909090909092,0.0724050632911392,204.0,8.0,42.656325739214736,3.0538051381483275
CART,refitted,A_b10,A,0.1,20,time,-1,,2063,88,8,143,80,1832,151,1743,84.48860882210373,-0.8240426563257393,0.0909090909090909,0.0529801324503311,0.073194377120698,0.9090909090909092,0.0724050632911392,204.0,8.0,85.31265147842947,-0.8240426563257393
CART,refitted,A_b10,A,0.1,50,time,-1,,2063,88,8,143,80,1832,151,4143,200.82404265632573,-12.45758603974794,0.0909090909090909,0.0529801324503311,0.073194377120698,0.9090909090909092,0.0724050632911392,204.0,8.0,213.28162869607368,-12.45758603974794
CART,refitted,A_b20,A,0.2,5,time,-1,,2063,88,19,376,69,1599,395,721,34.94910324769753,13.62094037809016,0.2159090909090909,0.0481012658227848,0.191468734852157,0.7840909090909091,0.190379746835443,412.0,89.0,21.328162869607368,13.62094037809016
CART,refitted,A_b20,A,0.2,10,time,-1,,2063,88,19,376,69,1599,395,1066,51.67232186136694,9.015996122152206,0.2159090909090909,0.0481012658227848,0.191468734852157,0.7840909090909091,0.190379746835443,412.0,89.0,42.656325739214736,9.015996122152206
CART,refitted,A_b20,A,0.2,20,time,-1,,2063,88,19,376,69,1599,395,1756,85.11875908870577,-0.1938923897237033,0.2159090909090909,0.0481012658227848,0.191468734852157,0.7840909090909091,0.190379746835443,412.0,89.0,85.31265147842947,-0.19389238972370335
CART,refitted,A_b20,A,0.2,50,time,-1,,2063,88,19,376,69,1599,395,3826,185.45807077072223,-27.82355792535143,0.2159090909090909,0.0481012658227848,0.191468734852157,0.7840909090909091,0.190379746835443,412.0,89.0,213.28162869607368,-27.82355792535143
CART,refitted,B_r05,B,,5,time,-1,,2063,88,17,108,71,1867,125,463,22.443044110518663,1.1148812409112945,0.1931818181818181,0.136,0.0605913717886573,0.8068181818181818,0.0546835443037974,,,21.328162869607368,1.1148812409112943
CART,refitted,B_r10,B,,10,time,-1,,2063,88,39,518,49,1457,557,1008,48.86088221037324,6.204556471158507,0.4431818181818182,0.0700179533213644,0.2699951526902569,0.5568181818181818,0.2622784810126582,,,42.656325739214736,6.204556471158507
CART,refitted,B_r20,B,,20,time,-1,,2063,88,53,752,35,1223,805,1452,70.38293746970432,-14.929714008725158,0.6022727272727273,0.0658385093167701,0.3902084343189529,0.3977272727272727,0.3807594936708861,,,85.31265147842947,-14.929714008725158
CART,refitted,B_r50,B,,50,time,-1,,2063,88,63,1092,25,883,1155,2342,113.52399418322833,-99.75763451284536,0.7159090909090909,0.0545454545454545,0.5598642753271934,0.2840909090909091,0.5529113924050633,,,213.28162869607368,-99.75763451284537
CART,refitted,C_b01_r05,C,0.01,5,time,-1,,2063,88,0,0,88,1975,0,440,21.328162869607368,0.0,0.0,0.0,0.0,1.0,0.0,20.0,0.0,21.328162869607368,0.0
CART,refitted,C_b01_r10,C,0.01,10,time,-1,,2063,88,0,0,88,1975,0,880,42.656325739214736,0.0,0.0,0.0,0.0,1.0,0.0,20.0,0.0,42.656325739214736,0.0
CART,refitted,C_b01_r20,C,0.01,20,time,-1,,2063,88,0,0,88,1975,0,1760,85.31265147842947,0.0,0.0,0.0,0.0,1.0,0.0,20.0,0.0,85.31265147842947,0.0
CART,refitted,C_b01_r50,C,0.01,50,time,-1,,2063,88,0,0,88,1975,0,4400,213.28162869607368,0.0,0.0,0.0,0.0,1.0,0.0,20.0,0.0,213.28162869607368,0.0
CART,refitted,C_b05_r05,C,0.05,5,time,-1,,2063,88,0,1,88,1974,1,441,21.376635967038293,0.0484730974309258,0.0,0.0,0.0004847309743092,1.0,0.000506329113924,100.0,0.0,21.328162869607368,0.048473097430925836
CART,refitted,C_b05_r10,C,0.05,10,time,-1,,2063,88,3,31,85,1944,34,881,42.70479883664567,0.0484730974309258,0.034090909090909,0.088235294117647,0.0164808531265147,0.9659090909090908,0.0156962025316455,100.0,8.0,42.656325739214736,0.048473097430925836
CART,refitted,C_b05_r20,C,0.05,20,time,-1,,2063,88,3,31,85,1944,34,1731,83.90693165293263,-1.4057198254968493,0.034090909090909,0.088235294117647,0.0164808531265147,0.9659090909090908,0.0156962025316455,100.0,8.0,85.31265147842947,-1.4057198254968493
CART,refitted,C_b05_r50,C,0.05,50,time,-1,,2063,88,3,31,85,1944,34,4281,207.5133301017935,-5.768298594280174,0.034090909090909,0.088235294117647,0.0164808531265147,0.9659090909090908,0.0156962025316455,100.0,8.0,213.28162869607368,-5.768298594280174
CART,refitted,C_b10_r05,C,0.1,5,time,-1,,2063,88,0,1,88,1974,1,441,21.376635967038293,0.0484730974309258,0.0,0.0,0.0004847309743092,1.0,0.000506329113924,204.0,0.0,21.328162869607368,0.048473097430925836
CART,refitted,C_b10_r10,C,0.1,10,time,-1,,2063,88,3,39,85,1936,42,889,43.092583616093066,0.4362578768783325,0.034090909090909,0.0714285714285714,0.0203587009209888,0.9659090909090908,0.0197468354430379,204.0,0.0,42.656325739214736,0.4362578768783325
CART,refitted,C_b10_r20,C,0.1,20,time,-1,,2063,88,3,39,85,1936,42,1739,84.29471643238003,-1.0179350460494423,0.034090909090909,0.0714285714285714,0.0203587009209888,0.9659090909090908,0.0197468354430379,204.0,0.0,85.31265147842947,-1.0179350460494425
CART,refitted,C_b10_r50,C,0.1,50,time,-1,,2063,88,5,68,83,1907,73,4218,204.4595249636452,-8.822103732428502,0.0568181818181818,0.0684931506849315,0.0353853611245758,0.9431818181818182,0.0344303797468354,204.0,0.0,213.28162869607368,-8.822103732428502
CART,refitted,C_b20_r05,C,0.2,5,time,-1,,2063,88,0,4,88,1971,4,444,21.522055259331072,0.1938923897237033,0.0,0.0,0.001938923897237,1.0,0.0020253164556962,412.0,0.0,21.328162869607368,0.19389238972370335
CART,refitted,C_b20_r10,C,0.2,10,time,-1,,2063,88,3,42,85,1933,45,892,43.238002908385845,0.58167716917111,0.034090909090909,0.0666666666666666,0.0218128938439166,0.9659090909090908,0.0212658227848101,412.0,0.0,42.656325739214736,0.58167716917111
CART,refitted,C_b20_r20,C,0.2,20,time,-1,,2063,88,6,75,82,1900,81,1715,83.13136209403781,-2.1812893843916625,0.0681818181818181,0.074074074074074,0.0392632089190499,0.9318181818181818,0.0379746835443038,412.0,0.0,85.31265147842947,-2.1812893843916625
CART,refitted,C_b20_r50,C,0.2,50,time,-1,,2063,88,8,104,80,1871,112,4104,198.93359185651963,-14.348036839554048,0.0909090909090909,0.0714285714285714,0.0542898691226369,0.9090909090909092,0.0526582278481012,412.0,0.0,213.28162869607368,-14.348036839554048
CART,refitted,TopK_b01,TopK,0.01,5,time,-1,,2063,88,1,19,87,1956,20,454,22.00678623364033,0.6786233640329618,0.0113636363636363,0.05,0.0096946194861851,0.9886363636363636,0.0096202531645569,20.0,0.0,21.328162869607368,0.6786233640329618
CART,refitted,TopK_b01,TopK,0.01,10,time,-1,,2063,88,1,19,87,1956,20,889,43.092583616093066,0.4362578768783325,0.0113636363636363,0.05,0.0096946194861851,0.9886363636363636,0.0096202531645569,20.0,0.0,42.656325739214736,0.4362578768783325
CART,refitted,TopK_b01,TopK,0.01,20,time,-1,,2063,88,1,19,87,1956,20,1759,85.26417838099854,-0.0484730974309258,0.0113636363636363,0.05,0.0096946194861851,0.9886363636363636,0.0096202531645569,20.0,0.0,85.31265147842947,-0.048473097430925836
CART,refitted,TopK_b01,TopK,0.01,50,time,-1,,2063,88,1,19,87,1956,20,4369,211.77896267571495,-1.502666020358701,0.0113636363636363,0.05,0.0096946194861851,0.9886363636363636,0.0096202531645569,20.0,0.0,213.28162869607368,-1.502666020358701
CART,refitted,TopK_b05,TopK,0.05,5,time,-1,,2063,88,6,94,82,1881,100,504,24.43044110518662,3.102278235579253,0.0681818181818181,0.06,0.0484730974309258,0.9318181818181818,0.0475949367088607,100.0,0.0,21.328162869607368,3.1022782355792535
CART,refitted,TopK_b05,TopK,0.05,10,time,-1,,2063,88,6,94,82,1881,100,914,44.30441105186621,1.6480853126514785,0.0681818181818181,0.06,0.0484730974309258,0.9318181818181818,0.0475949367088607,100.0,0.0,42.656325739214736,1.6480853126514785
CART,refitted,TopK_b05,TopK,0.05,20,time,-1,,2063,88,6,94,82,1881,100,1734,84.0523509452254,-1.2603005332040718,0.0681818181818181,0.06,0.0484730974309258,0.9318181818181818,0.0475949367088607,100.0,0.0,85.31265147842947,-1.2603005332040718
CART,refitted,TopK_b05,TopK,0.05,50,time,-1,,2063,88,6,94,82,1881,100,4194,203.29617062530292,-9.985458070770722,0.0681818181818181,0.06,0.0484730974309258,0.9318181818181818,0.0475949367088607,100.0,0.0,213.28162869607368,-9.985458070770722
CART,refitted,TopK_b10,TopK,0.1,5,time,-1,,2063,88,12,192,76,1783,204,572,27.72661173048958,6.39844886088221,0.1363636363636363,0.0588235294117647,0.0988851187590887,0.8636363636363636,0.0972151898734177,204.0,0.0,21.328162869607368,6.39844886088221
CART,refitted,TopK_b10,TopK,0.1,10,time,-1,,2063,88,12,192,76,1783,204,952,46.14638875424139,3.49006301502666,0.1363636363636363,0.0588235294117647,0.0988851187590887,0.8636363636363636,0.0972151898734177,204.0,0.0,42.656325739214736,3.49006301502666
CART,refitted,TopK_b10,TopK,0.1,20,time,-1,,2063,88,12,192,76,1783,204,1712,82.98594280174503,-2.32670867668444,0.1363636363636363,0.0588235294117647,0.0988851187590887,0.8636363636363636,0.0972151898734177,204.0,0.0,85.31265147842947,-2.32670867668444
CART,refitted,TopK_b10,TopK,0.1,50,time,-1,,2063,88,12,192,76,1783,204,3992,193.50460494425596,-19.77702375181774,0.1363636363636363,0.0588235294117647,0.0988851187590887,0.8636363636363636,0.0972151898734177,204.0,0.0,213.28162869607368,-19.77702375181774
CART,refitted,TopK_b20,TopK,0.2,5,time,-1,,2063,88,29,383,59,1592,412,678,32.86476005816772,11.536597188560348,0.3295454545454545,0.0703883495145631,0.1997091614154144,0.6704545454545454,0.1939240506329114,412.0,0.0,21.328162869607368,11.536597188560348
CART,refitted,TopK_b20,TopK,0.2,10,time,-1,,2063,88,29,383,59,1592,412,973,47.16432380029084,4.507998061076103,0.3295454545454545,0.0703883495145631,0.1997091614154144,0.6704545454545454,0.1939240506329114,412.0,0.0,42.656325739214736,4.507998061076103
CART,refitted,TopK_b20,TopK,0.2,20,time,-1,,2063,88,29,383,59,1592,412,1563,75.76345128453708,-9.54920019389239,0.3295454545454545,0.0703883495145631,0.1997091614154144,0.6704545454545454,0.1939240506329114,412.0,0.0,85.31265147842947,-9.54920019389239
CART,refitted,TopK_b20,TopK,0.2,50,time,-1,,2063,88,29,383,59,1592,412,3333,161.5608337372758,-51.72079495879787,0.3295454545454545,0.0703883495145631,0.1997091614154144,0.6704545454545454,0.1939240506329114,412.0,0.0,213.28162869607368,-51.72079495879787
