model,scheme,fold,workflow,rule,mechanism,budget,n,positives,tp,fp,fn,tn,alerts,cohort,selection_cost,break_even_cost,boundary_status
XGBoost,time,0,fixed,A_b01,A,0.01,516,36,0,8,36,472,8,phase_or_holdout,,,never_improves
XGBoost,time,0,fixed,A_b05,A,0.05,516,36,0,10,36,470,10,phase_or_holdout,,,never_improves
XGBoost,time,0,fixed,A_b10,A,0.1,516,36,0,11,36,469,11,phase_or_holdout,,,never_improves
XGBoost,time,0,fixed,A_b20,A,0.2,516,36,2,19,34,461,21,phase_or_holdout,,9.5,finite
XGBoost,time,0,fixed,B_r05,B,,516,36,8,57,28,423,65,phase_or_holdout,5.0,7.125,finite
XGBoost,time,0,fixed,B_r10,B,,516,36,34,363,2,117,397,phase_or_holdout,10.0,10.676470588235293,finite
XGBoost,time,0,fixed,B_r20,B,,516,36,34,363,2,117,397,phase_or_holdout,20.0,10.676470588235293,finite
XGBoost,time,0,fixed,B_r50,B,,516,36,34,363,2,117,397,phase_or_holdout,50.0,10.676470588235293,finite
XGBoost,time,0,fixed,C_b01_r05,C,0.01,516,36,0,0,36,480,0,phase_or_holdout,5.0,,no_alarm_equivalent
XGBoost,time,0,fixed,C_b01_r10,C,0.01,516,36,0,0,36,480,0,phase_or_holdout,10.0,,no_alarm_equivalent
XGBoost,time,0,fixed,C_b01_r20,C,0.01,516,36,0,0,36,480,0,phase_or_holdout,20.0,,no_alarm_equivalent
XGBoost,time,0,fixed,C_b01_r50,C,0.01,516,36,0,0,36,480,0,phase_or_holdout,50.0,,no_alarm_equivalent
XGBoost,time,0,fixed,C_b05_r05,C,0.05,516,36,0,8,36,472,8,phase_or_holdout,5.0,,never_improves
XGBoost,time,0,fixed,C_b05_r10,C,0.05,516,36,0,8,36,472,8,phase_or_holdout,10.0,,never_improves
XGBoost,time,0,fixed,C_b05_r20,C,0.05,516,36,0,8,36,472,8,phase_or_holdout,20.0,,never_improves
XGBoost,time,0,fixed,C_b05_r50,C,0.05,516,36,0,8,36,472,8,phase_or_holdout,50.0,,never_improves
XGBoost,time,0,fixed,C_b10_r05,C,0.1,516,36,0,8,36,472,8,phase_or_holdout,5.0,,never_improves
XGBoost,time,0,fixed,C_b10_r10,C,0.1,516,36,0,11,36,469,11,phase_or_holdout,10.0,,never_improves
XGBoost,time,0,fixed,C_b10_r20,C,0.1,516,36,0,11,36,469,11,phase_or_holdout,20.0,,never_improves
XGBoost,time,0,fixed,C_b10_r50,C,0.1,516,36,0,11,36,469,11,phase_or_holdout,50.0,,never_improves
XGBoost,time,0,fixed,C_b20_r05,C,0.2,516,36,1,16,35,464,17,phase_or_holdout,5.0,16.0,finite
XGBoost,time,0,fixed,C_b20_r10,C,0.2,516,36,1,16,35,464,17,phase_or_holdout,10.0,16.0,finite
XGBoost,time,0,fixed,C_b20_r20,C,0.2,516,36,1,16,35,464,17,phase_or_holdout,20.0,16.0,finite
XGBoost,time,0,fixed,C_b20_r50,C,0.2,516,36,1,16,35,464,17,phase_or_holdout,50.0,16.0,finite
XGBoost,time,0,refitted,A_b01,A,0.01,516,36,0,4,36,476,4,phase_or_holdout,,,never_improves
XGBoost,time,0,refitted,A_b05,A,0.05,516,36,0,5,36,475,5,phase_or_holdout,,,never_improves
XGBoost,time,0,refitted,A_b10,A,0.1,516,36,0,5,36,475,5,phase_or_holdout,,,never_improves
XGBoost,time,0,refitted,A_b20,A,0.2,516,36,0,7,36,473,7,phase_or_holdout,,,never_improves
XGBoost,time,0,refitted,B_r05,B,,516,36,5,35,31,445,40,phase_or_holdout,5.0,7.0,finite
XGBoost,time,0,refitted,B_r10,B,,516,36,36,480,0,0,516,phase_or_holdout,10.0,13.333333333333334,finite
XGBoost,time,0,refitted,B_r20,B,,516,36,36,480,0,0,516,phase_or_holdout,20.0,13.333333333333334,finite
XGBoost,time,0,refitted,B_r50,B,,516,36,36,480,0,0,516,phase_or_holdout,50.0,13.333333333333334,finite
XGBoost,time,0,refitted,C_b01_r05,C,0.01,516,36,0,0,36,480,0,phase_or_holdout,5.0,,no_alarm_equivalent
XGBoost,time,0,refitted,C_b01_r10,C,0.01,516,36,0,0,36,480,0,phase_or_holdout,10.0,,no_alarm_equivalent
XGBoost,time,0,refitted,C_b01_r20,C,0.01,516,36,0,0,36,480,0,phase_or_holdout,20.0,,no_alarm_equivalent
XGBoost,time,0,refitted,C_b01_r50,C,0.01,516,36,0,0,36,480,0,phase_or_holdout,50.0,,no_alarm_equivalent
XGBoost,time,0,refitted,C_b05_r05,C,0.05,516,36,0,4,36,476,4,phase_or_holdout,5.0,,never_improves
XGBoost,time,0,refitted,C_b05_r10,C,0.05,516,36,0,4,36,476,4,phase_or_holdout,10.0,,never_improves
XGBoost,time,0,refitted,C_b05_r20,C,0.05,516,36,0,4,36,476,4,phase_or_holdout,20.0,,never_improves
XGBoost,time,0,refitted,C_b05_r50,C,0.05,516,36,0,4,36,476,4,phase_or_holdout,50.0,,never_improves
XGBoost,time,0,refitted,C_b10_r05,C,0.1,516,36,0,4,36,476,4,phase_or_holdout,5.0,,never_improves
XGBoost,time,0,refitted,C_b10_r10,C,0.1,516,36,0,5,36,475,5,phase_or_holdout,10.0,,never_improves
XGBoost,time,0,refitted,C_b10_r20,C,0.1,516,36,0,5,36,475,5,phase_or_holdout,20.0,,never_improves
XGBoost,time,0,refitted,C_b10_r50,C,0.1,516,36,0,5,36,475,5,phase_or_holdout,50.0,,never_improves
XGBoost,time,0,refitted,C_b20_r05,C,0.2,516,36,0,6,36,474,6,phase_or_holdout,5.0,,never_improves
XGBoost,time,0,refitted,C_b20_r10,C,0.2,516,36,0,6,36,474,6,phase_or_holdout,10.0,,never_improves
XGBoost,time,0,refitted,C_b20_r20,C,0.2,516,36,0,6,36,474,6,phase_or_holdout,20.0,,never_improves
XGBoost,time,0,refitted,C_b20_r50,C,0.2,516,36,0,6,36,474,6,phase_or_holdout,50.0,,never_improves
XGBoost,time,1,fixed,A_b01,A,0.01,515,10,0,37,10,468,37,phase_or_holdout,,,never_improves
XGBoost,time,1,fixed,A_b05,A,0.05,515,10,0,67,10,438,67,phase_or_holdout,,,never_improves
XGBoost,time,1,fixed,A_b10,A,0.1,515,10,3,110,7,395,113,phase_or_holdout,,36.666666666666664,finite
XGBoost,time,1,fixed,A_b20,A,0.2,515,10,6,248,4,257,254,phase_or_holdout,,41.333333333333336,finite
XGBoost,time,1,fixed,B_r05,B,,515,10,0,0,10,505,0,phase_or_holdout,5.0,,no_alarm_equivalent
XGBoost,time,1,fixed,B_r10,B,,515,10,0,0,10,505,0,phase_or_holdout,10.0,,no_alarm_equivalent
XGBoost,time,1,fixed,B_r20,B,,515,10,0,0,10,505,0,phase_or_holdout,20.0,,no_alarm_equivalent
XGBoost,time,1,fixed,B_r50,B,,515,10,0,0,10,505,0,phase_or_holdout,50.0,,no_alarm_equivalent
XGBoost,time,1,fixed,C_b01_r05,C,0.01,515,10,0,0,10,505,0,phase_or_holdout,5.0,,no_alarm_equivalent
XGBoost,time,1,fixed,C_b01_r10,C,0.01,515,10,0,0,10,505,0,phase_or_holdout,10.0,,no_alarm_equivalent
XGBoost,time,1,fixed,C_b01_r20,C,0.01,515,10,0,0,10,505,0,phase_or_holdout,20.0,,no_alarm_equivalent
XGBoost,time,1,fixed,C_b01_r50,C,0.01,515,10,0,0,10,505,0,phase_or_holdout,50.0,,no_alarm_equivalent
XGBoost,time,1,fixed,C_b05_r05,C,0.05,515,10,0,0,10,505,0,phase_or_holdout,5.0,,no_alarm_equivalent
XGBoost,time,1,fixed,C_b05_r10,C,0.05,515,10,0,0,10,505,0,phase_or_holdout,10.0,,no_alarm_equivalent
XGBoost,time,1,fixed,C_b05_r20,C,0.05,515,10,0,0,10,505,0,phase_or_holdout,20.0,,no_alarm_equivalent
XGBoost,time,1,fixed,C_b05_r50,C,0.05,515,10,0,0,10,505,0,phase_or_holdout,50.0,,no_alarm_equivalent
XGBoost,time,1,fixed,C_b10_r05,C,0.1,515,10,0,0,10,505,0,phase_or_holdout,5.0,,no_alarm_equivalent
XGBoost,time,1,fixed,C_b10_r10,C,0.1,515,10,0,0,10,505,0,phase_or_holdout,10.0,,no_alarm_equivalent
XGBoost,time,1,fixed,C_b10_r20,C,0.1,515,10,0,0,10,505,0,phase_or_holdout,20.0,,no_alarm_equivalent
XGBoost,time,1,fixed,C_b10_r50,C,0.1,515,10,0,0,10,505,0,phase_or_holdout,50.0,,no_alarm_equivalent
XGBoost,time,1,fixed,C_b20_r05,C,0.2,515,10,0,0,10,505,0,phase_or_holdout,5.0,,no_alarm_equivalent
XGBoost,time,1,fixed,C_b20_r10,C,0.2,515,10,0,0,10,505,0,phase_or_holdout,10.0,,no_alarm_equivalent
XGBoost,time,1,fixed,C_b20_r20,C,0.2,515,10,0,0,10,505,0,phase_or_holdout,20.0,,no_alarm_equivalent
XGBoost,time,1,fixed,C_b20_r50,C,0.2,515,10,0,0,10,505,0,phase_or_holdout,50.0,,no_alarm_equivalent
XGBoost,time,1,refitted,A_b01,A,0.01,515,10,0,31,10,474,31,phase_or_holdout,,,never_improves
XGBoost,time,1,refitted,A_b05,A,0.05,515,10,0,52,10,453,52,phase_or_holdout,,,never_improves
XGBoost,time,1,refitted,A_b10,A,0.1,515,10,1,71,9,434,72,phase_or_holdout,,71.0,finite
XGBoost,time,1,refitted,A_b20,A,0.2,515,10,6,151,4,354,157,phase_or_holdout,,25.166666666666668,finite
XGBoost,time,1,refitted,B_r05,B,,515,10,0,0,10,505,0,phase_or_holdout,5.0,,no_alarm_equivalent
XGBoost,time,1,refitted,B_r10,B,,515,10,0,0,10,505,0,phase_or_holdout,10.0,,no_alarm_equivalent
XGBoost,time,1,refitted,B_r20,B,,515,10,0,0,10,505,0,phase_or_holdout,20.0,,no_alarm_equivalent
XGBoost,time,1,refitted,B_r50,B,,515,10,0,0,10,505,0,phase_or_holdout,50.0,,no_alarm_equivalent
XGBoost,time,1,refitted,C_b01_r05,C,0.01,515,10,0,0,10,505,0,phase_or_holdout,5.0,,no_alarm_equivalent
XGBoost,time,1,refitted,C_b01_r10,C,0.01,515,10,0,0,10,505,0,phase_or_holdout,10.0,,no_alarm_equivalent
XGBoost,time,1,refitted,C_b01_r20,C,0.01,515,10,0,0,10,505,0,phase_or_holdout,20.0,,no_alarm_equivalent
XGBoost,time,1,refitted,C_b01_r50,C,0.01,515,10,0,0,10,505,0,phase_or_holdout,50.0,,no_alarm_equivalent
XGBoost,time,1,refitted,C_b05_r05,C,0.05,515,10,0,0,10,505,0,phase_or_holdout,5.0,,no_alarm_equivalent
XGBoost,time,1,refitted,C_b05_r10,C,0.05,515,10,0,0,10,505,0,phase_or_holdout,10.0,,no_alarm_equivalent
XGBoost,time,1,refitted,C_b05_r20,C,0.05,515,10,0,0,10,505,0,phase_or_holdout,20.0,,no_alarm_equivalent
XGBoost,time,1,refitted,C_b05_r50,C,0.05,515,10,0,0,10,505,0,phase_or_holdout,50.0,,no_alarm_equivalent
XGBoost,time,1,refitted,C_b10_r05,C,0.1,515,10,0,0,10,505,0,phase_or_holdout,5.0,,no_alarm_equivalent
XGBoost,time,1,refitted,C_b10_r10,C,0.1,515,10,0,0,10,505,0,phase_or_holdout,10.0,,no_alarm_equivalent
XGBoost,time,1,refitted,C_b10_r20,C,0.1,515,10,0,0,10,505,0,phase_or_holdout,20.0,,no_alarm_equivalent
XGBoost,time,1,refitted,C_b10_r50,C,0.1,515,10,0,0,10,505,0,phase_or_holdout,50.0,,no_alarm_equivalent
XGBoost,time,1,refitted,C_b20_r05,C,0.2,515,10,0,0,10,505,0,phase_or_holdout,5.0,,no_alarm_equivalent
XGBoost,time,1,refitted,C_b20_r10,C,0.2,515,10,0,0,10,505,0,phase_or_holdout,10.0,,no_alarm_equivalent
XGBoost,time,1,refitted,C_b20_r20,C,0.2,515,10,0,0,10,505,0,phase_or_holdout,20.0,,no_alarm_equivalent
XGBoost,time,1,refitted,C_b20_r50,C,0.2,515,10,0,0,10,505,0,phase_or_holdout,50.0,,no_alarm_equivalent
XGBoost,time,2,fixed,A_b01,A,0.01,516,24,0,8,24,484,8,phase_or_holdout,,,never_improves
XGBoost,time,2,fixed,A_b05,A,0.05,516,24,6,49,18,443,55,phase_or_holdout,,8.166666666666666,finite
XGBoost,time,2,fixed,A_b10,A,0.1,516,24,7,64,17,428,71,phase_or_holdout,,9.142857142857142,finite
XGBoost,time,2,fixed,A_b20,A,0.2,516,24,10,160,14,332,170,phase_or_holdout,,16.0,finite
XGBoost,time,2,fixed,B_r05,B,,516,24,0,0,24,492,0,phase_or_holdout,5.0,,no_alarm_equivalent
XGBoost,time,2,fixed,B_r10,B,,516,24,0,0,24,492,0,phase_or_holdout,10.0,,no_alarm_equivalent
XGBoost,time,2,fixed,B_r20,B,,516,24,0,0,24,492,0,phase_or_holdout,20.0,,no_alarm_equivalent
XGBoost,time,2,fixed,B_r50,B,,516,24,14,234,10,258,248,phase_or_holdout,50.0,16.714285714285715,finite
XGBoost,time,2,fixed,C_b01_r05,C,0.01,516,24,0,0,24,492,0,phase_or_holdout,5.0,,no_alarm_equivalent
XGBoost,time,2,fixed,C_b01_r10,C,0.01,516,24,0,0,24,492,0,phase_or_holdout,10.0,,no_alarm_equivalent
XGBoost,time,2,fixed,C_b01_r20,C,0.01,516,24,0,0,24,492,0,phase_or_holdout,20.0,,no_alarm_equivalent
XGBoost,time,2,fixed,C_b01_r50,C,0.01,516,24,0,0,24,492,0,phase_or_holdout,50.0,,no_alarm_equivalent
XGBoost,time,2,fixed,C_b05_r05,C,0.05,516,24,0,0,24,492,0,phase_or_holdout,5.0,,no_alarm_equivalent
XGBoost,time,2,fixed,C_b05_r10,C,0.05,516,24,0,0,24,492,0,phase_or_holdout,10.0,,no_alarm_equivalent
XGBoost,time,2,fixed,C_b05_r20,C,0.05,516,24,0,0,24,492,0,phase_or_holdout,20.0,,no_alarm_equivalent
XGBoost,time,2,fixed,C_b05_r50,C,0.05,516,24,0,0,24,492,0,phase_or_holdout,50.0,,no_alarm_equivalent
XGBoost,time,2,fixed,C_b10_r05,C,0.1,516,24,0,0,24,492,0,phase_or_holdout,5.0,,no_alarm_equivalent
XGBoost,time,2,fixed,C_b10_r10,C,0.1,516,24,0,0,24,492,0,phase_or_holdout,10.0,,no_alarm_equivalent
XGBoost,time,2,fixed,C_b10_r20,C,0.1,516,24,0,0,24,492,0,phase_or_holdout,20.0,,no_alarm_equivalent
XGBoost,time,2,fixed,C_b10_r50,C,0.1,516,24,0,0,24,492,0,phase_or_holdout,50.0,,no_alarm_equivalent
XGBoost,time,2,fixed,C_b20_r05,C,0.2,516,24,0,0,24,492,0,phase_or_holdout,5.0,,no_alarm_equivalent
XGBoost,time,2,fixed,C_b20_r10,C,0.2,516,24,0,0,24,492,0,phase_or_holdout,10.0,,no_alarm_equivalent
XGBoost,time,2,fixed,C_b20_r20,C,0.2,516,24,0,0,24,492,0,phase_or_holdout,20.0,,no_alarm_equivalent
XGBoost,time,2,fixed,C_b20_r50,C,0.2,516,24,0,0,24,492,0,phase_or_holdout,50.0,,no_alarm_equivalent
XGBoost,time,2,refitted,A_b01,A,0.01,516,24,0,3,24,489,3,phase_or_holdout,,,never_improves
XGBoost,time,2,refitted,A_b05,A,0.05,516,24,4,43,20,449,47,phase_or_holdout,,10.75,finite
XGBoost,time,2,refitted,A_b10,A,0.1,516,24,7,61,17,431,68,phase_or_holdout,,8.714285714285714,finite
XGBoost,time,2,refitted,A_b20,A,0.2,516,24,13,239,11,253,252,phase_or_holdout,,18.384615384615383,finite
XGBoost,time,2,refitted,B_r05,B,,516,24,0,0,24,492,0,phase_or_holdout,5.0,,no_alarm_equivalent
XGBoost,time,2,refitted,B_r10,B,,516,24,0,0,24,492,0,phase_or_holdout,10.0,,no_alarm_equivalent
XGBoost,time,2,refitted,B_r20,B,,516,24,0,0,24,492,0,phase_or_holdout,20.0,,no_alarm_equivalent
XGBoost,time,2,refitted,B_r50,B,,516,24,17,293,7,199,310,phase_or_holdout,50.0,17.235294117647058,finite
XGBoost,time,2,refitted,C_b01_r05,C,0.01,516,24,0,0,24,492,0,phase_or_holdout,5.0,,no_alarm_equivalent
XGBoost,time,2,refitted,C_b01_r10,C,0.01,516,24,0,0,24,492,0,phase_or_holdout,10.0,,no_alarm_equivalent
XGBoost,time,2,refitted,C_b01_r20,C,0.01,516,24,0,0,24,492,0,phase_or_holdout,20.0,,no_alarm_equivalent
XGBoost,time,2,refitted,C_b01_r50,C,0.01,516,24,0,0,24,492,0,phase_or_holdout,50.0,,no_alarm_equivalent
XGBoost,time,2,refitted,C_b05_r05,C,0.05,516,24,0,0,24,492,0,phase_or_holdout,5.0,,no_alarm_equivalent
XGBoost,time,2,refitted,C_b05_r10,C,0.05,516,24,0,0,24,492,0,phase_or_holdout,10.0,,no_alarm_equivalent
XGBoost,time,2,refitted,C_b05_r20,C,0.05,516,24,0,0,24,492,0,phase_or_holdout,20.0,,no_alarm_equivalent
XGBoost,time,2,refitted,C_b05_r50,C,0.05,516,24,0,0,24,492,0,phase_or_holdout,50.0,,no_alarm_equivalent
XGBoost,time,2,refitted,C_b10_r05,C,0.1,516,24,0,0,24,492,0,phase_or_holdout,5.0,,no_alarm_equivalent
XGBoost,time,2,refitted,C_b10_r10,C,0.1,516,24,0,0,24,492,0,phase_or_holdout,10.0,,no_alarm_equivalent
XGBoost,time,2,refitted,C_b10_r20,C,0.1,516,24,0,0,24,492,0,phase_or_holdout,20.0,,no_alarm_equivalent
XGBoost,time,2,refitted,C_b10_r50,C,0.1,516,24,0,0,24,492,0,phase_or_holdout,50.0,,no_alarm_equivalent
XGBoost,time,2,refitted,C_b20_r05,C,0.2,516,24,0,0,24,492,0,phase_or_holdout,5.0,,no_alarm_equivalent
XGBoost,time,2,refitted,C_b20_r10,C,0.2,516,24,0,0,24,492,0,phase_or_holdout,10.0,,no_alarm_equivalent
XGBoost,time,2,refitted,C_b20_r20,C,0.2,516,24,0,0,24,492,0,phase_or_holdout,20.0,,no_alarm_equivalent
XGBoost,time,2,refitted,C_b20_r50,C,0.2,516,24,0,0,24,492,0,phase_or_holdout,50.0,,no_alarm_equivalent
XGBoost,time,3,fixed,A_b01,A,0.01,516,18,0,6,18,492,6,phase_or_holdout,,,never_improves
XGBoost,time,3,fixed,A_b05,A,0.05,516,18,3,31,15,467,34,phase_or_holdout,,10.333333333333334,finite
XGBoost,time,3,fixed,A_b10,A,0.1,516,18,4,49,14,449,53,phase_or_holdout,,12.25,finite
XGBoost,time,3,fixed,A_b20,A,0.2,516,18,7,105,11,393,112,phase_or_holdout,,15.0,finite
XGBoost,time,3,fixed,B_r05,B,,516,18,1,16,17,482,17,phase_or_holdout,5.0,16.0,finite
XGBoost,time,3,fixed,B_r10,B,,516,18,1,16,17,482,17,phase_or_holdout,10.0,16.0,finite
XGBoost,time,3,fixed,B_r20,B,,516,18,12,308,6,190,320,phase_or_holdout,20.0,25.666666666666668,finite
XGBoost,time,3,fixed,B_r50,B,,516,18,16,428,2,70,444,phase_or_holdout,50.0,26.75,finite
XGBoost,time,3,fixed,C_b01_r05,C,0.01,516,18,0,0,18,498,0,phase_or_holdout,5.0,,no_alarm_equivalent
XGBoost,time,3,fixed,C_b01_r10,C,0.01,516,18,0,0,18,498,0,phase_or_holdout,10.0,,no_alarm_equivalent
XGBoost,time,3,fixed,C_b01_r20,C,0.01,516,18,0,0,18,498,0,phase_or_holdout,20.0,,no_alarm_equivalent
XGBoost,time,3,fixed,C_b01_r50,C,0.01,516,18,0,0,18,498,0,phase_or_holdout,50.0,,no_alarm_equivalent
XGBoost,time,3,fixed,C_b05_r05,C,0.05,516,18,1,16,17,482,17,phase_or_holdout,5.0,16.0,finite
XGBoost,time,3,fixed,C_b05_r10,C,0.05,516,18,1,16,17,482,17,phase_or_holdout,10.0,16.0,finite
XGBoost,time,3,fixed,C_b05_r20,C,0.05,516,18,1,16,17,482,17,phase_or_holdout,20.0,16.0,finite
XGBoost,time,3,fixed,C_b05_r50,C,0.05,516,18,1,16,17,482,17,phase_or_holdout,50.0,16.0,finite
XGBoost,time,3,fixed,C_b10_r05,C,0.1,516,18,1,16,17,482,17,phase_or_holdout,5.0,16.0,finite
XGBoost,time,3,fixed,C_b10_r10,C,0.1,516,18,1,16,17,482,17,phase_or_holdout,10.0,16.0,finite
XGBoost,time,3,fixed,C_b10_r20,C,0.1,516,18,4,49,14,449,53,phase_or_holdout,20.0,12.25,finite
XGBoost,time,3,fixed,C_b10_r50,C,0.1,516,18,4,49,14,449,53,phase_or_holdout,50.0,12.25,finite
XGBoost,time,3,fixed,C_b20_r05,C,0.2,516,18,1,16,17,482,17,phase_or_holdout,5.0,16.0,finite
XGBoost,time,3,fixed,C_b20_r10,C,0.2,516,18,1,16,17,482,17,phase_or_holdout,10.0,16.0,finite
XGBoost,time,3,fixed,C_b20_r20,C,0.2,516,18,4,49,14,449,53,phase_or_holdout,20.0,12.25,finite
XGBoost,time,3,fixed,C_b20_r50,C,0.2,516,18,5,88,13,410,93,phase_or_holdout,50.0,17.6,finite
XGBoost,time,3,refitted,A_b01,A,0.01,516,18,0,6,18,492,6,phase_or_holdout,,,never_improves
XGBoost,time,3,refitted,A_b05,A,0.05,516,18,3,30,15,468,33,phase_or_holdout,,10.0,finite
XGBoost,time,3,refitted,A_b10,A,0.1,516,18,4,44,14,454,48,phase_or_holdout,,11.0,finite
XGBoost,time,3,refitted,A_b20,A,0.2,516,18,8,128,10,370,136,phase_or_holdout,,16.0,finite
XGBoost,time,3,refitted,B_r05,B,,516,18,1,18,17,480,19,phase_or_holdout,5.0,18.0,finite
XGBoost,time,3,refitted,B_r10,B,,516,18,1,18,17,480,19,phase_or_holdout,10.0,18.0,finite
XGBoost,time,3,refitted,B_r20,B,,516,18,15,371,3,127,386,phase_or_holdout,20.0,24.733333333333334,finite
XGBoost,time,3,refitted,B_r50,B,,516,18,16,421,2,77,437,phase_or_holdout,50.0,26.3125,finite
XGBoost,time,3,refitted,C_b01_r05,C,0.01,516,18,0,0,18,498,0,phase_or_holdout,5.0,,no_alarm_equivalent
XGBoost,time,3,refitted,C_b01_r10,C,0.01,516,18,0,0,18,498,0,phase_or_holdout,10.0,,no_alarm_equivalent
XGBoost,time,3,refitted,C_b01_r20,C,0.01,516,18,0,0,18,498,0,phase_or_holdout,20.0,,no_alarm_equivalent
XGBoost,time,3,refitted,C_b01_r50,C,0.01,516,18,0,0,18,498,0,phase_or_holdout,50.0,,no_alarm_equivalent
XGBoost,time,3,refitted,C_b05_r05,C,0.05,516,18,1,18,17,480,19,phase_or_holdout,5.0,18.0,finite
XGBoost,time,3,refitted,C_b05_r10,C,0.05,516,18,1,18,17,480,19,phase_or_holdout,10.0,18.0,finite
XGBoost,time,3,refitted,C_b05_r20,C,0.05,516,18,1,18,17,480,19,phase_or_holdout,20.0,18.0,finite
XGBoost,time,3,refitted,C_b05_r50,C,0.05,516,18,1,18,17,480,19,phase_or_holdout,50.0,18.0,finite
XGBoost,time,3,refitted,C_b10_r05,C,0.1,516,18,1,18,17,480,19,phase_or_holdout,5.0,18.0,finite
XGBoost,time,3,refitted,C_b10_r10,C,0.1,516,18,1,18,17,480,19,phase_or_holdout,10.0,18.0,finite
XGBoost,time,3,refitted,C_b10_r20,C,0.1,516,18,4,44,14,454,48,phase_or_holdout,20.0,11.0,finite
XGBoost,time,3,refitted,C_b10_r50,C,0.1,516,18,4,44,14,454,48,phase_or_holdout,50.0,11.0,finite
XGBoost,time,3,refitted,C_b20_r05,C,0.2,516,18,1,18,17,480,19,phase_or_holdout,5.0,18.0,finite
XGBoost,time,3,refitted,C_b20_r10,C,0.2,516,18,1,18,17,480,19,phase_or_holdout,10.0,18.0,finite
XGBoost,time,3,refitted,C_b20_r20,C,0.2,516,18,4,44,14,454,48,phase_or_holdout,20.0,11.0,finite
XGBoost,time,3,refitted,C_b20_r50,C,0.2,516,18,6,81,12,417,87,phase_or_holdout,50.0,13.5,finite
XGBoost,holdout,0,fixed,A_b01,A,0.01,774,26,1,0,25,748,1,phase_or_holdout,,0.0,finite
XGBoost,holdout,0,fixed,A_b05,A,0.05,774,26,2,12,24,736,14,phase_or_holdout,,6.0,finite
XGBoost,holdout,0,fixed,A_b10,A,0.1,774,26,2,33,24,715,35,phase_or_holdout,,16.5,finite
XGBoost,holdout,0,fixed,A_b20,A,0.2,774,26,7,78,19,670,85,phase_or_holdout,,11.142857142857142,finite
XGBoost,holdout,0,fixed,B_r05,B,,774,26,0,0,26,748,0,phase_or_holdout,5.0,,no_alarm_equivalent
XGBoost,holdout,0,fixed,B_r10,B,,774,26,6,57,20,691,63,phase_or_holdout,10.0,9.5,finite
XGBoost,holdout,0,fixed,B_r20,B,,774,26,21,551,5,197,572,phase_or_holdout,20.0,26.238095238095237,finite
XGBoost,holdout,0,fixed,B_r50,B,,774,26,26,733,0,15,759,phase_or_holdout,50.0,28.192307692307693,finite
XGBoost,holdout,0,fixed,C_b01_r05,C,0.01,774,26,0,0,26,748,0,phase_or_holdout,5.0,,no_alarm_equivalent
XGBoost,holdout,0,fixed,C_b01_r10,C,0.01,774,26,0,0,26,748,0,phase_or_holdout,10.0,,no_alarm_equivalent
XGBoost,holdout,0,fixed,C_b01_r20,C,0.01,774,26,0,0,26,748,0,phase_or_holdout,20.0,,no_alarm_equivalent
XGBoost,holdout,0,fixed,C_b01_r50,C,0.01,774,26,0,0,26,748,0,phase_or_holdout,50.0,,no_alarm_equivalent
XGBoost,holdout,0,fixed,C_b05_r05,C,0.05,774,26,0,0,26,748,0,phase_or_holdout,5.0,,no_alarm_equivalent
XGBoost,holdout,0,fixed,C_b05_r10,C,0.05,774,26,0,0,26,748,0,phase_or_holdout,10.0,,no_alarm_equivalent
XGBoost,holdout,0,fixed,C_b05_r20,C,0.05,774,26,0,0,26,748,0,phase_or_holdout,20.0,,no_alarm_equivalent
XGBoost,holdout,0,fixed,C_b05_r50,C,0.05,774,26,0,0,26,748,0,phase_or_holdout,50.0,,no_alarm_equivalent
XGBoost,holdout,0,fixed,C_b10_r05,C,0.1,774,26,0,0,26,748,0,phase_or_holdout,5.0,,no_alarm_equivalent
XGBoost,holdout,0,fixed,C_b10_r10,C,0.1,774,26,0,0,26,748,0,phase_or_holdout,10.0,,no_alarm_equivalent
XGBoost,holdout,0,fixed,C_b10_r20,C,0.1,774,26,2,29,24,719,31,phase_or_holdout,20.0,14.5,finite
XGBoost,holdout,0,fixed,C_b10_r50,C,0.1,774,26,2,29,24,719,31,phase_or_holdout,50.0,14.5,finite
XGBoost,holdout,0,fixed,C_b20_r05,C,0.2,774,26,0,0,26,748,0,phase_or_holdout,5.0,,no_alarm_equivalent
XGBoost,holdout,0,fixed,C_b20_r10,C,0.2,774,26,6,57,20,691,63,phase_or_holdout,10.0,9.5,finite
XGBoost,holdout,0,fixed,C_b20_r20,C,0.2,774,26,6,57,20,691,63,phase_or_holdout,20.0,9.5,finite
XGBoost,holdout,0,fixed,C_b20_r50,C,0.2,774,26,6,57,20,691,63,phase_or_holdout,50.0,9.5,finite
XGBoost,holdout,0,refitted,A_b01,A,0.01,774,26,0,0,26,748,0,phase_or_holdout,,,no_alarm_equivalent
XGBoost,holdout,0,refitted,A_b05,A,0.05,774,26,0,6,26,742,6,phase_or_holdout,,,never_improves
XGBoost,holdout,0,refitted,A_b10,A,0.1,774,26,3,27,23,721,30,phase_or_holdout,,9.0,finite
XGBoost,holdout,0,refitted,A_b20,A,0.2,774,26,6,78,20,670,84,phase_or_holdout,,13.0,finite
XGBoost,holdout,0,refitted,B_r05,B,,774,26,0,0,26,748,0,phase_or_holdout,5.0,,no_alarm_equivalent
XGBoost,holdout,0,refitted,B_r10,B,,774,26,4,44,22,704,48,phase_or_holdout,10.0,11.0,finite
XGBoost,holdout,0,refitted,B_r20,B,,774,26,24,621,2,127,645,phase_or_holdout,20.0,25.875,finite
XGBoost,holdout,0,refitted,B_r50,B,,774,26,26,735,0,13,761,phase_or_holdout,50.0,28.26923076923077,finite
XGBoost,holdout,0,refitted,C_b01_r05,C,0.01,774,26,0,0,26,748,0,phase_or_holdout,5.0,,no_alarm_equivalent
XGBoost,holdout,0,refitted,C_b01_r10,C,0.01,774,26,0,0,26,748,0,phase_or_holdout,10.0,,no_alarm_equivalent
XGBoost,holdout,0,refitted,C_b01_r20,C,0.01,774,26,0,0,26,748,0,phase_or_holdout,20.0,,no_alarm_equivalent
XGBoost,holdout,0,refitted,C_b01_r50,C,0.01,774,26,0,0,26,748,0,phase_or_holdout,50.0,,no_alarm_equivalent
XGBoost,holdout,0,refitted,C_b05_r05,C,0.05,774,26,0,0,26,748,0,phase_or_holdout,5.0,,no_alarm_equivalent
XGBoost,holdout,0,refitted,C_b05_r10,C,0.05,774,26,0,0,26,748,0,phase_or_holdout,10.0,,no_alarm_equivalent
XGBoost,holdout,0,refitted,C_b05_r20,C,0.05,774,26,0,0,26,748,0,phase_or_holdout,20.0,,no_alarm_equivalent
XGBoost,holdout,0,refitted,C_b05_r50,C,0.05,774,26,0,0,26,748,0,phase_or_holdout,50.0,,no_alarm_equivalent
XGBoost,holdout,0,refitted,C_b10_r05,C,0.1,774,26,0,0,26,748,0,phase_or_holdout,5.0,,no_alarm_equivalent
XGBoost,holdout,0,refitted,C_b10_r10,C,0.1,774,26,0,0,26,748,0,phase_or_holdout,10.0,,no_alarm_equivalent
XGBoost,holdout,0,refitted,C_b10_r20,C,0.1,774,26,3,26,23,722,29,phase_or_holdout,20.0,8.666666666666666,finite
XGBoost,holdout,0,refitted,C_b10_r50,C,0.1,774,26,3,26,23,722,29,phase_or_holdout,50.0,8.666666666666666,finite
XGBoost,holdout,0,refitted,C_b20_r05,C,0.2,774,26,0,0,26,748,0,phase_or_holdout,5.0,,no_alarm_equivalent
XGBoost,holdout,0,refitted,C_b20_r10,C,0.2,774,26,4,44,22,704,48,phase_or_holdout,10.0,11.0,finite
XGBoost,holdout,0,refitted,C_b20_r20,C,0.2,774,26,4,44,22,704,48,phase_or_holdout,20.0,11.0,finite
XGBoost,holdout,0,refitted,C_b20_r50,C,0.2,774,26,4,44,22,704,48,phase_or_holdout,50.0,11.0,finite
LR,time,0,fixed,A_b01,A,0.01,516,36,0,2,36,478,2,phase_or_holdout,,,never_improves
LR,time,0,fixed,A_b05,A,0.05,516,36,0,7,36,473,7,phase_or_holdout,,,never_improves
LR,time,0,fixed,A_b10,A,0.1,516,36,0,11,36,469,11,phase_or_holdout,,,never_improves
LR,time,0,fixed,A_b20,A,0.2,516,36,1,29,35,451,30,phase_or_holdout,,29.0,finite
LR,time,0,fixed,B_r05,B,,516,36,25,168,11,312,193,phase_or_holdout,5.0,6.72,finite
LR,time,0,fixed,B_r10,B,,516,36,35,463,1,17,498,phase_or_holdout,10.0,13.228571428571428,finite
LR,time,0,fixed,B_r20,B,,516,36,35,463,1,17,498,phase_or_holdout,20.0,13.228571428571428,finite
LR,time,0,fixed,B_r50,B,,516,36,35,463,1,17,498,phase_or_holdout,50.0,13.228571428571428,finite
LR,time,0,fixed,C_b01_r05,C,0.01,516,36,0,2,36,478,2,phase_or_holdout,5.0,,never_improves
LR,time,0,fixed,C_b01_r10,C,0.01,516,36,0,2,36,478,2,phase_or_holdout,10.0,,never_improves
LR,time,0,fixed,C_b01_r20,C,0.01,516,36,0,2,36,478,2,phase_or_holdout,20.0,,never_improves
LR,time,0,fixed,C_b01_r50,C,0.01,516,36,0,2,36,478,2,phase_or_holdout,50.0,,never_improves
LR,time,0,fixed,C_b05_r05,C,0.05,516,36,0,3,36,477,3,phase_or_holdout,5.0,,never_improves
LR,time,0,fixed,C_b05_r10,C,0.05,516,36,0,3,36,477,3,phase_or_holdout,10.0,,never_improves
LR,time,0,fixed,C_b05_r20,C,0.05,516,36,0,3,36,477,3,phase_or_holdout,20.0,,never_improves
LR,time,0,fixed,C_b05_r50,C,0.05,516,36,0,3,36,477,3,phase_or_holdout,50.0,,never_improves
LR,time,0,fixed,C_b10_r05,C,0.1,516,36,0,7,36,473,7,phase_or_holdout,5.0,,never_improves
LR,time,0,fixed,C_b10_r10,C,0.1,516,36,0,7,36,473,7,phase_or_holdout,10.0,,never_improves
LR,time,0,fixed,C_b10_r20,C,0.1,516,36,0,7,36,473,7,phase_or_holdout,20.0,,never_improves
LR,time,0,fixed,C_b10_r50,C,0.1,516,36,0,7,36,473,7,phase_or_holdout,50.0,,never_improves
LR,time,0,fixed,C_b20_r05,C,0.2,516,36,0,7,36,473,7,phase_or_holdout,5.0,,never_improves
LR,time,0,fixed,C_b20_r10,C,0.2,516,36,1,29,35,451,30,phase_or_holdout,10.0,29.0,finite
LR,time,0,fixed,C_b20_r20,C,0.2,516,36,1,29,35,451,30,phase_or_holdout,20.0,29.0,finite
LR,time,0,fixed,C_b20_r50,C,0.2,516,36,1,29,35,451,30,phase_or_holdout,50.0,29.0,finite
LR,time,0,refitted,A_b01,A,0.01,516,36,0,1,36,479,1,phase_or_holdout,,,never_improves
LR,time,0,refitted,A_b05,A,0.05,516,36,0,2,36,478,2,phase_or_holdout,,,never_improves
LR,time,0,refitted,A_b10,A,0.1,516,36,0,3,36,477,3,phase_or_holdout,,,never_improves
LR,time,0,refitted,A_b20,A,0.2,516,36,1,12,35,468,13,phase_or_holdout,,12.0,finite
LR,time,0,refitted,B_r05,B,,516,36,28,165,8,315,193,phase_or_holdout,5.0,5.892857142857143,finite
LR,time,0,refitted,B_r10,B,,516,36,35,478,1,2,513,phase_or_holdout,10.0,13.657142857142857,finite
LR,time,0,refitted,B_r20,B,,516,36,35,478,1,2,513,phase_or_holdout,20.0,13.657142857142857,finite
LR,time,0,refitted,B_r50,B,,516,36,35,478,1,2,513,phase_or_holdout,50.0,13.657142857142857,finite
LR,time,0,refitted,C_b01_r05,C,0.01,516,36,0,1,36,479,1,phase_or_holdout,5.0,,never_improves
LR,time,0,refitted,C_b01_r10,C,0.01,516,36,0,1,36,479,1,phase_or_holdout,10.0,,never_improves
LR,time,0,refitted,C_b01_r20,C,0.01,516,36,0,1,36,479,1,phase_or_holdout,20.0,,never_improves
LR,time,0,refitted,C_b01_r50,C,0.01,516,36,0,1,36,479,1,phase_or_holdout,50.0,,never_improves
LR,time,0,refitted,C_b05_r05,C,0.05,516,36,0,2,36,478,2,phase_or_holdout,5.0,,never_improves
LR,time,0,refitted,C_b05_r10,C,0.05,516,36,0,2,36,478,2,phase_or_holdout,10.0,,never_improves
LR,time,0,refitted,C_b05_r20,C,0.05,516,36,0,2,36,478,2,phase_or_holdout,20.0,,never_improves
LR,time,0,refitted,C_b05_r50,C,0.05,516,36,0,2,36,478,2,phase_or_holdout,50.0,,never_improves
LR,time,0,refitted,C_b10_r05,C,0.1,516,36,0,2,36,478,2,phase_or_holdout,5.0,,never_improves
LR,time,0,refitted,C_b10_r10,C,0.1,516,36,0,2,36,478,2,phase_or_holdout,10.0,,never_improves
LR,time,0,refitted,C_b10_r20,C,0.1,516,36,0,2,36,478,2,phase_or_holdout,20.0,,never_improves
LR,time,0,refitted,C_b10_r50,C,0.1,516,36,0,2,36,478,2,phase_or_holdout,50.0,,never_improves
LR,time,0,refitted,C_b20_r05,C,0.2,516,36,0,2,36,478,2,phase_or_holdout,5.0,,never_improves
LR,time,0,refitted,C_b20_r10,C,0.2,516,36,1,12,35,468,13,phase_or_holdout,10.0,12.0,finite
LR,time,0,refitted,C_b20_r20,C,0.2,516,36,1,12,35,468,13,phase_or_holdout,20.0,12.0,finite
LR,time,0,refitted,C_b20_r50,C,0.2,516,36,1,12,35,468,13,phase_or_holdout,50.0,12.0,finite
LR,time,1,fixed,A_b01,A,0.01,515,10,0,26,10,479,26,phase_or_holdout,,,never_improves
LR,time,1,fixed,A_b05,A,0.05,515,10,1,101,9,404,102,phase_or_holdout,,101.0,finite
LR,time,1,fixed,A_b10,A,0.1,515,10,2,133,8,372,135,phase_or_holdout,,66.5,finite
LR,time,1,fixed,A_b20,A,0.2,515,10,8,284,2,221,292,phase_or_holdout,,35.5,finite
LR,time,1,fixed,B_r05,B,,515,10,0,0,10,505,0,phase_or_holdout,5.0,,no_alarm_equivalent
LR,time,1,fixed,B_r10,B,,515,10,0,0,10,505,0,phase_or_holdout,10.0,,no_alarm_equivalent
LR,time,1,fixed,B_r20,B,,515,10,0,0,10,505,0,phase_or_holdout,20.0,,no_alarm_equivalent
LR,time,1,fixed,B_r50,B,,515,10,0,0,10,505,0,phase_or_holdout,50.0,,no_alarm_equivalent
LR,time,1,fixed,C_b01_r05,C,0.01,515,10,0,0,10,505,0,phase_or_holdout,5.0,,no_alarm_equivalent
LR,time,1,fixed,C_b01_r10,C,0.01,515,10,0,0,10,505,0,phase_or_holdout,10.0,,no_alarm_equivalent
LR,time,1,fixed,C_b01_r20,C,0.01,515,10,0,0,10,505,0,phase_or_holdout,20.0,,no_alarm_equivalent
LR,time,1,fixed,C_b01_r50,C,0.01,515,10,0,0,10,505,0,phase_or_holdout,50.0,,no_alarm_equivalent
LR,time,1,fixed,C_b05_r05,C,0.05,515,10,0,0,10,505,0,phase_or_holdout,5.0,,no_alarm_equivalent
LR,time,1,fixed,C_b05_r10,C,0.05,515,10,0,0,10,505,0,phase_or_holdout,10.0,,no_alarm_equivalent
LR,time,1,fixed,C_b05_r20,C,0.05,515,10,0,0,10,505,0,phase_or_holdout,20.0,,no_alarm_equivalent
LR,time,1,fixed,C_b05_r50,C,0.05,515,10,0,0,10,505,0,phase_or_holdout,50.0,,no_alarm_equivalent
LR,time,1,fixed,C_b10_r05,C,0.1,515,10,0,0,10,505,0,phase_or_holdout,5.0,,no_alarm_equivalent
LR,time,1,fixed,C_b10_r10,C,0.1,515,10,0,0,10,505,0,phase_or_holdout,10.0,,no_alarm_equivalent
LR,time,1,fixed,C_b10_r20,C,0.1,515,10,0,0,10,505,0,phase_or_holdout,20.0,,no_alarm_equivalent
LR,time,1,fixed,C_b10_r50,C,0.1,515,10,0,0,10,505,0,phase_or_holdout,50.0,,no_alarm_equivalent
LR,time,1,fixed,C_b20_r05,C,0.2,515,10,0,0,10,505,0,phase_or_holdout,5.0,,no_alarm_equivalent
LR,time,1,fixed,C_b20_r10,C,0.2,515,10,0,0,10,505,0,phase_or_holdout,10.0,,no_alarm_equivalent
LR,time,1,fixed,C_b20_r20,C,0.2,515,10,0,0,10,505,0,phase_or_holdout,20.0,,no_alarm_equivalent
LR,time,1,fixed,C_b20_r50,C,0.2,515,10,0,0,10,505,0,phase_or_holdout,50.0,,no_alarm_equivalent
LR,time,1,refitted,A_b01,A,0.01,515,10,0,35,10,470,35,phase_or_holdout,,,never_improves
LR,time,1,refitted,A_b05,A,0.05,515,10,0,90,10,415,90,phase_or_holdout,,,never_improves
LR,time,1,refitted,A_b10,A,0.1,515,10,2,129,8,376,131,phase_or_holdout,,64.5,finite
LR,time,1,refitted,A_b20,A,0.2,515,10,5,258,5,247,263,phase_or_holdout,,51.6,finite
LR,time,1,refitted,B_r05,B,,515,10,0,0,10,505,0,phase_or_holdout,5.0,,no_alarm_equivalent
LR,time,1,refitted,B_r10,B,,515,10,0,0,10,505,0,phase_or_holdout,10.0,,no_alarm_equivalent
LR,time,1,refitted,B_r20,B,,515,10,0,0,10,505,0,phase_or_holdout,20.0,,no_alarm_equivalent
LR,time,1,refitted,B_r50,B,,515,10,0,0,10,505,0,phase_or_holdout,50.0,,no_alarm_equivalent
LR,time,1,refitted,C_b01_r05,C,0.01,515,10,0,0,10,505,0,phase_or_holdout,5.0,,no_alarm_equivalent
LR,time,1,refitted,C_b01_r10,C,0.01,515,10,0,0,10,505,0,phase_or_holdout,10.0,,no_alarm_equivalent
LR,time,1,refitted,C_b01_r20,C,0.01,515,10,0,0,10,505,0,phase_or_holdout,20.0,,no_alarm_equivalent
LR,time,1,refitted,C_b01_r50,C,0.01,515,10,0,0,10,505,0,phase_or_holdout,50.0,,no_alarm_equivalent
LR,time,1,refitted,C_b05_r05,C,0.05,515,10,0,0,10,505,0,phase_or_holdout,5.0,,no_alarm_equivalent
LR,time,1,refitted,C_b05_r10,C,0.05,515,10,0,0,10,505,0,phase_or_holdout,10.0,,no_alarm_equivalent
LR,time,1,refitted,C_b05_r20,C,0.05,515,10,0,0,10,505,0,phase_or_holdout,20.0,,no_alarm_equivalent
LR,time,1,refitted,C_b05_r50,C,0.05,515,10,0,0,10,505,0,phase_or_holdout,50.0,,no_alarm_equivalent
LR,time,1,refitted,C_b10_r05,C,0.1,515,10,0,0,10,505,0,phase_or_holdout,5.0,,no_alarm_equivalent
LR,time,1,refitted,C_b10_r10,C,0.1,515,10,0,0,10,505,0,phase_or_holdout,10.0,,no_alarm_equivalent
LR,time,1,refitted,C_b10_r20,C,0.1,515,10,0,0,10,505,0,phase_or_holdout,20.0,,no_alarm_equivalent
LR,time,1,refitted,C_b10_r50,C,0.1,515,10,0,0,10,505,0,phase_or_holdout,50.0,,no_alarm_equivalent
LR,time,1,refitted,C_b20_r05,C,0.2,515,10,0,0,10,505,0,phase_or_holdout,5.0,,no_alarm_equivalent
LR,time,1,refitted,C_b20_r10,C,0.2,515,10,0,0,10,505,0,phase_or_holdout,10.0,,no_alarm_equivalent
LR,time,1,refitted,C_b20_r20,C,0.2,515,10,0,0,10,505,0,phase_or_holdout,20.0,,no_alarm_equivalent
LR,time,1,refitted,C_b20_r50,C,0.2,515,10,0,0,10,505,0,phase_or_holdout,50.0,,no_alarm_equivalent
LR,time,2,fixed,A_b01,A,0.01,516,24,0,6,24,486,6,phase_or_holdout,,,never_improves
LR,time,2,fixed,A_b05,A,0.05,516,24,6,58,18,434,64,phase_or_holdout,,9.666666666666666,finite
LR,time,2,fixed,A_b10,A,0.1,516,24,10,114,14,378,124,phase_or_holdout,,11.4,finite
LR,time,2,fixed,A_b20,A,0.2,516,24,13,173,11,319,186,phase_or_holdout,,13.307692307692308,finite
LR,time,2,fixed,B_r05,B,,516,24,0,0,24,492,0,phase_or_holdout,5.0,,no_alarm_equivalent
LR,time,2,fixed,B_r10,B,,516,24,0,0,24,492,0,phase_or_holdout,10.0,,no_alarm_equivalent
LR,time,2,fixed,B_r20,B,,516,24,0,0,24,492,0,phase_or_holdout,20.0,,no_alarm_equivalent
LR,time,2,fixed,B_r50,B,,516,24,24,428,0,64,452,phase_or_holdout,50.0,17.833333333333332,finite
LR,time,2,fixed,C_b01_r05,C,0.01,516,24,0,0,24,492,0,phase_or_holdout,5.0,,no_alarm_equivalent
LR,time,2,fixed,C_b01_r10,C,0.01,516,24,0,0,24,492,0,phase_or_holdout,10.0,,no_alarm_equivalent
LR,time,2,fixed,C_b01_r20,C,0.01,516,24,0,0,24,492,0,phase_or_holdout,20.0,,no_alarm_equivalent
LR,time,2,fixed,C_b01_r50,C,0.01,516,24,0,0,24,492,0,phase_or_holdout,50.0,,no_alarm_equivalent
LR,time,2,fixed,C_b05_r05,C,0.05,516,24,0,0,24,492,0,phase_or_holdout,5.0,,no_alarm_equivalent
LR,time,2,fixed,C_b05_r10,C,0.05,516,24,0,0,24,492,0,phase_or_holdout,10.0,,no_alarm_equivalent
LR,time,2,fixed,C_b05_r20,C,0.05,516,24,0,0,24,492,0,phase_or_holdout,20.0,,no_alarm_equivalent
LR,time,2,fixed,C_b05_r50,C,0.05,516,24,0,0,24,492,0,phase_or_holdout,50.0,,no_alarm_equivalent
LR,time,2,fixed,C_b10_r05,C,0.1,516,24,0,0,24,492,0,phase_or_holdout,5.0,,no_alarm_equivalent
LR,time,2,fixed,C_b10_r10,C,0.1,516,24,0,0,24,492,0,phase_or_holdout,10.0,,no_alarm_equivalent
LR,time,2,fixed,C_b10_r20,C,0.1,516,24,0,0,24,492,0,phase_or_holdout,20.0,,no_alarm_equivalent
LR,time,2,fixed,C_b10_r50,C,0.1,516,24,0,0,24,492,0,phase_or_holdout,50.0,,no_alarm_equivalent
LR,time,2,fixed,C_b20_r05,C,0.2,516,24,0,0,24,492,0,phase_or_holdout,5.0,,no_alarm_equivalent
LR,time,2,fixed,C_b20_r10,C,0.2,516,24,0,0,24,492,0,phase_or_holdout,10.0,,no_alarm_equivalent
LR,time,2,fixed,C_b20_r20,C,0.2,516,24,0,0,24,492,0,phase_or_holdout,20.0,,no_alarm_equivalent
LR,time,2,fixed,C_b20_r50,C,0.2,516,24,0,0,24,492,0,phase_or_holdout,50.0,,no_alarm_equivalent
LR,time,2,refitted,A_b01,A,0.01,516,24,0,5,24,487,5,phase_or_holdout,,,never_improves
LR,time,2,refitted,A_b05,A,0.05,516,24,6,61,18,431,67,phase_or_holdout,,10.166666666666666,finite
LR,time,2,refitted,A_b10,A,0.1,516,24,11,113,13,379,124,phase_or_holdout,,10.272727272727273,finite
LR,time,2,refitted,A_b20,A,0.2,516,24,14,199,10,293,213,phase_or_holdout,,14.214285714285714,finite
LR,time,2,refitted,B_r05,B,,516,24,0,0,24,492,0,phase_or_holdout,5.0,,no_alarm_equivalent
LR,time,2,refitted,B_r10,B,,516,24,0,0,24,492,0,phase_or_holdout,10.0,,no_alarm_equivalent
LR,time,2,refitted,B_r20,B,,516,24,0,0,24,492,0,phase_or_holdout,20.0,,no_alarm_equivalent
LR,time,2,refitted,B_r50,B,,516,24,24,451,0,41,475,phase_or_holdout,50.0,18.791666666666668,finite
LR,time,2,refitted,C_b01_r05,C,0.01,516,24,0,0,24,492,0,phase_or_holdout,5.0,,no_alarm_equivalent
LR,time,2,refitted,C_b01_r10,C,0.01,516,24,0,0,24,492,0,phase_or_holdout,10.0,,no_alarm_equivalent
LR,time,2,refitted,C_b01_r20,C,0.01,516,24,0,0,24,492,0,phase_or_holdout,20.0,,no_alarm_equivalent
LR,time,2,refitted,C_b01_r50,C,0.01,516,24,0,0,24,492,0,phase_or_holdout,50.0,,no_alarm_equivalent
LR,time,2,refitted,C_b05_r05,C,0.05,516,24,0,0,24,492,0,phase_or_holdout,5.0,,no_alarm_equivalent
LR,time,2,refitted,C_b05_r10,C,0.05,516,24,0,0,24,492,0,phase_or_holdout,10.0,,no_alarm_equivalent
LR,time,2,refitted,C_b05_r20,C,0.05,516,24,0,0,24,492,0,phase_or_holdout,20.0,,no_alarm_equivalent
LR,time,2,refitted,C_b05_r50,C,0.05,516,24,0,0,24,492,0,phase_or_holdout,50.0,,no_alarm_equivalent
LR,time,2,refitted,C_b10_r05,C,0.1,516,24,0,0,24,492,0,phase_or_holdout,5.0,,no_alarm_equivalent
LR,time,2,refitted,C_b10_r10,C,0.1,516,24,0,0,24,492,0,phase_or_holdout,10.0,,no_alarm_equivalent
LR,time,2,refitted,C_b10_r20,C,0.1,516,24,0,0,24,492,0,phase_or_holdout,20.0,,no_alarm_equivalent
LR,time,2,refitted,C_b10_r50,C,0.1,516,24,0,0,24,492,0,phase_or_holdout,50.0,,no_alarm_equivalent
LR,time,2,refitted,C_b20_r05,C,0.2,516,24,0,0,24,492,0,phase_or_holdout,5.0,,no_alarm_equivalent
LR,time,2,refitted,C_b20_r10,C,0.2,516,24,0,0,24,492,0,phase_or_holdout,10.0,,no_alarm_equivalent
LR,time,2,refitted,C_b20_r20,C,0.2,516,24,0,0,24,492,0,phase_or_holdout,20.0,,no_alarm_equivalent
LR,time,2,refitted,C_b20_r50,C,0.2,516,24,0,0,24,492,0,phase_or_holdout,50.0,,no_alarm_equivalent
LR,time,3,fixed,A_b01,A,0.01,516,18,2,6,16,492,8,phase_or_holdout,,3.0,finite
LR,time,3,fixed,A_b05,A,0.05,516,18,2,28,16,470,30,phase_or_holdout,,14.0,finite
LR,time,3,fixed,A_b10,A,0.1,516,18,3,57,15,441,60,phase_or_holdout,,19.0,finite
LR,time,3,fixed,A_b20,A,0.2,516,18,3,109,15,389,112,phase_or_holdout,,36.333333333333336,finite
LR,time,3,fixed,B_r05,B,,516,18,1,3,17,495,4,phase_or_holdout,5.0,3.0,finite
LR,time,3,fixed,B_r10,B,,516,18,2,26,16,472,28,phase_or_holdout,10.0,13.0,finite
LR,time,3,fixed,B_r20,B,,516,18,3,113,15,385,116,phase_or_holdout,20.0,37.666666666666664,finite
LR,time,3,fixed,B_r50,B,,516,18,14,377,4,121,391,phase_or_holdout,50.0,26.928571428571427,finite
LR,time,3,fixed,C_b01_r05,C,0.01,516,18,1,3,17,495,4,phase_or_holdout,5.0,3.0,finite
LR,time,3,fixed,C_b01_r10,C,0.01,516,18,1,3,17,495,4,phase_or_holdout,10.0,3.0,finite
LR,time,3,fixed,C_b01_r20,C,0.01,516,18,1,3,17,495,4,phase_or_holdout,20.0,3.0,finite
LR,time,3,fixed,C_b01_r50,C,0.01,516,18,1,3,17,495,4,phase_or_holdout,50.0,3.0,finite
LR,time,3,fixed,C_b05_r05,C,0.05,516,18,1,3,17,495,4,phase_or_holdout,5.0,3.0,finite
LR,time,3,fixed,C_b05_r10,C,0.05,516,18,2,26,16,472,28,phase_or_holdout,10.0,13.0,finite
LR,time,3,fixed,C_b05_r20,C,0.05,516,18,2,26,16,472,28,phase_or_holdout,20.0,13.0,finite
LR,time,3,fixed,C_b05_r50,C,0.05,516,18,2,26,16,472,28,phase_or_holdout,50.0,13.0,finite
LR,time,3,fixed,C_b10_r05,C,0.1,516,18,1,3,17,495,4,phase_or_holdout,5.0,3.0,finite
LR,time,3,fixed,C_b10_r10,C,0.1,516,18,2,26,16,472,28,phase_or_holdout,10.0,13.0,finite
LR,time,3,fixed,C_b10_r20,C,0.1,516,18,2,26,16,472,28,phase_or_holdout,20.0,13.0,finite
LR,time,3,fixed,C_b10_r50,C,0.1,516,18,2,26,16,472,28,phase_or_holdout,50.0,13.0,finite
LR,time,3,fixed,C_b20_r05,C,0.2,516,18,1,3,17,495,4,phase_or_holdout,5.0,3.0,finite
LR,time,3,fixed,C_b20_r10,C,0.2,516,18,2,26,16,472,28,phase_or_holdout,10.0,13.0,finite
LR,time,3,fixed,C_b20_r20,C,0.2,516,18,3,78,15,420,81,phase_or_holdout,20.0,26.0,finite
LR,time,3,fixed,C_b20_r50,C,0.2,516,18,3,78,15,420,81,phase_or_holdout,50.0,26.0,finite
LR,time,3,refitted,A_b01,A,0.01,516,18,2,8,16,490,10,phase_or_holdout,,4.0,finite
LR,time,3,refitted,A_b05,A,0.05,516,18,3,33,15,465,36,phase_or_holdout,,11.0,finite
LR,time,3,refitted,A_b10,A,0.1,516,18,3,69,15,429,72,phase_or_holdout,,23.0,finite
LR,time,3,refitted,A_b20,A,0.2,516,18,5,123,13,375,128,phase_or_holdout,,24.6,finite
LR,time,3,refitted,B_r05,B,,516,18,2,4,16,494,6,phase_or_holdout,5.0,2.0,finite
LR,time,3,refitted,B_r10,B,,516,18,3,30,15,468,33,phase_or_holdout,10.0,10.0,finite
LR,time,3,refitted,B_r20,B,,516,18,5,130,13,368,135,phase_or_holdout,20.0,26.0,finite
LR,time,3,refitted,B_r50,B,,516,18,16,355,2,143,371,phase_or_holdout,50.0,22.1875,finite
LR,time,3,refitted,C_b01_r05,C,0.01,516,18,2,4,16,494,6,phase_or_holdout,5.0,2.0,finite
LR,time,3,refitted,C_b01_r10,C,0.01,516,18,2,4,16,494,6,phase_or_holdout,10.0,2.0,finite
LR,time,3,refitted,C_b01_r20,C,0.01,516,18,2,4,16,494,6,phase_or_holdout,20.0,2.0,finite
LR,time,3,refitted,C_b01_r50,C,0.01,516,18,2,4,16,494,6,phase_or_holdout,50.0,2.0,finite
LR,time,3,refitted,C_b05_r05,C,0.05,516,18,2,4,16,494,6,phase_or_holdout,5.0,2.0,finite
LR,time,3,refitted,C_b05_r10,C,0.05,516,18,3,30,15,468,33,phase_or_holdout,10.0,10.0,finite
LR,time,3,refitted,C_b05_r20,C,0.05,516,18,3,30,15,468,33,phase_or_holdout,20.0,10.0,finite
LR,time,3,refitted,C_b05_r50,C,0.05,516,18,3,30,15,468,33,phase_or_holdout,50.0,10.0,finite
LR,time,3,refitted,C_b10_r05,C,0.1,516,18,2,4,16,494,6,phase_or_holdout,5.0,2.0,finite
LR,time,3,refitted,C_b10_r10,C,0.1,516,18,3,30,15,468,33,phase_or_holdout,10.0,10.0,finite
LR,time,3,refitted,C_b10_r20,C,0.1,516,18,3,30,15,468,33,phase_or_holdout,20.0,10.0,finite
LR,time,3,refitted,C_b10_r50,C,0.1,516,18,3,30,15,468,33,phase_or_holdout,50.0,10.0,finite
LR,time,3,refitted,C_b20_r05,C,0.2,516,18,2,4,16,494,6,phase_or_holdout,5.0,2.0,finite
LR,time,3,refitted,C_b20_r10,C,0.2,516,18,3,30,15,468,33,phase_or_holdout,10.0,10.0,finite
LR,time,3,refitted,C_b20_r20,C,0.2,516,18,3,86,15,412,89,phase_or_holdout,20.0,28.666666666666668,finite
LR,time,3,refitted,C_b20_r50,C,0.2,516,18,3,86,15,412,89,phase_or_holdout,50.0,28.666666666666668,finite
LR,holdout,0,fixed,A_b01,A,0.01,774,26,1,0,25,748,1,phase_or_holdout,,0.0,finite
LR,holdout,0,fixed,A_b05,A,0.05,774,26,3,11,23,737,14,phase_or_holdout,,3.6666666666666665,finite
LR,holdout,0,fixed,A_b10,A,0.1,774,26,3,25,23,723,28,phase_or_holdout,,8.333333333333334,finite
LR,holdout,0,fixed,A_b20,A,0.2,774,26,5,62,21,686,67,phase_or_holdout,,12.4,finite
LR,holdout,0,fixed,B_r05,B,,774,26,0,0,26,748,0,phase_or_holdout,5.0,,no_alarm_equivalent
LR,holdout,0,fixed,B_r10,B,,774,26,0,0,26,748,0,phase_or_holdout,10.0,,no_alarm_equivalent
LR,holdout,0,fixed,B_r20,B,,774,26,18,522,8,226,540,phase_or_holdout,20.0,29.0,finite
LR,holdout,0,fixed,B_r50,B,,774,26,25,662,1,86,687,phase_or_holdout,50.0,26.48,finite
LR,holdout,0,fixed,C_b01_r05,C,0.01,774,26,0,0,26,748,0,phase_or_holdout,5.0,,no_alarm_equivalent
LR,holdout,0,fixed,C_b01_r10,C,0.01,774,26,0,0,26,748,0,phase_or_holdout,10.0,,no_alarm_equivalent
LR,holdout,0,fixed,C_b01_r20,C,0.01,774,26,0,0,26,748,0,phase_or_holdout,20.0,,no_alarm_equivalent
LR,holdout,0,fixed,C_b01_r50,C,0.01,774,26,0,0,26,748,0,phase_or_holdout,50.0,,no_alarm_equivalent
LR,holdout,0,fixed,C_b05_r05,C,0.05,774,26,0,0,26,748,0,phase_or_holdout,5.0,,no_alarm_equivalent
LR,holdout,0,fixed,C_b05_r10,C,0.05,774,26,0,0,26,748,0,phase_or_holdout,10.0,,no_alarm_equivalent
LR,holdout,0,fixed,C_b05_r20,C,0.05,774,26,0,0,26,748,0,phase_or_holdout,20.0,,no_alarm_equivalent
LR,holdout,0,fixed,C_b05_r50,C,0.05,774,26,0,0,26,748,0,phase_or_holdout,50.0,,no_alarm_equivalent
LR,holdout,0,fixed,C_b10_r05,C,0.1,774,26,0,0,26,748,0,phase_or_holdout,5.0,,no_alarm_equivalent
LR,holdout,0,fixed,C_b10_r10,C,0.1,774,26,0,0,26,748,0,phase_or_holdout,10.0,,no_alarm_equivalent
LR,holdout,0,fixed,C_b10_r20,C,0.1,774,26,0,0,26,748,0,phase_or_holdout,20.0,,no_alarm_equivalent
LR,holdout,0,fixed,C_b10_r50,C,0.1,774,26,3,21,23,727,24,phase_or_holdout,50.0,7.0,finite
LR,holdout,0,fixed,C_b20_r05,C,0.2,774,26,0,0,26,748,0,phase_or_holdout,5.0,,no_alarm_equivalent
LR,holdout,0,fixed,C_b20_r10,C,0.2,774,26,0,0,26,748,0,phase_or_holdout,10.0,,no_alarm_equivalent
LR,holdout,0,fixed,C_b20_r20,C,0.2,774,26,5,50,21,698,55,phase_or_holdout,20.0,10.0,finite
LR,holdout,0,fixed,C_b20_r50,C,0.2,774,26,5,50,21,698,55,phase_or_holdout,50.0,10.0,finite
LR,holdout,0,refitted,A_b01,A,0.01,774,26,1,0,25,748,1,phase_or_holdout,,0.0,finite
LR,holdout,0,refitted,A_b05,A,0.05,774,26,1,4,25,744,5,phase_or_holdout,,4.0,finite
LR,holdout,0,refitted,A_b10,A,0.1,774,26,2,11,24,737,13,phase_or_holdout,,5.5,finite
LR,holdout,0,refitted,A_b20,A,0.2,774,26,3,47,23,701,50,phase_or_holdout,,15.666666666666666,finite
LR,holdout,0,refitted,B_r05,B,,774,26,0,0,26,748,0,phase_or_holdout,5.0,,no_alarm_equivalent
LR,holdout,0,refitted,B_r10,B,,774,26,0,0,26,748,0,phase_or_holdout,10.0,,no_alarm_equivalent
LR,holdout,0,refitted,B_r20,B,,774,26,24,565,2,183,589,phase_or_holdout,20.0,23.541666666666668,finite
LR,holdout,0,refitted,B_r50,B,,774,26,25,682,1,66,707,phase_or_holdout,50.0,27.28,finite
LR,holdout,0,refitted,C_b01_r05,C,0.01,774,26,0,0,26,748,0,phase_or_holdout,5.0,,no_alarm_equivalent
LR,holdout,0,refitted,C_b01_r10,C,0.01,774,26,0,0,26,748,0,phase_or_holdout,10.0,,no_alarm_equivalent
LR,holdout,0,refitted,C_b01_r20,C,0.01,774,26,0,0,26,748,0,phase_or_holdout,20.0,,no_alarm_equivalent
LR,holdout,0,refitted,C_b01_r50,C,0.01,774,26,0,0,26,748,0,phase_or_holdout,50.0,,no_alarm_equivalent
LR,holdout,0,refitted,C_b05_r05,C,0.05,774,26,0,0,26,748,0,phase_or_holdout,5.0,,no_alarm_equivalent
LR,holdout,0,refitted,C_b05_r10,C,0.05,774,26,0,0,26,748,0,phase_or_holdout,10.0,,no_alarm_equivalent
LR,holdout,0,refitted,C_b05_r20,C,0.05,774,26,0,0,26,748,0,phase_or_holdout,20.0,,no_alarm_equivalent
LR,holdout,0,refitted,C_b05_r50,C,0.05,774,26,0,0,26,748,0,phase_or_holdout,50.0,,no_alarm_equivalent
LR,holdout,0,refitted,C_b10_r05,C,0.1,774,26,0,0,26,748,0,phase_or_holdout,5.0,,no_alarm_equivalent
LR,holdout,0,refitted,C_b10_r10,C,0.1,774,26,0,0,26,748,0,phase_or_holdout,10.0,,no_alarm_equivalent
LR,holdout,0,refitted,C_b10_r20,C,0.1,774,26,0,0,26,748,0,phase_or_holdout,20.0,,no_alarm_equivalent
LR,holdout,0,refitted,C_b10_r50,C,0.1,774,26,2,5,24,743,7,phase_or_holdout,50.0,2.5,finite
LR,holdout,0,refitted,C_b20_r05,C,0.2,774,26,0,0,26,748,0,phase_or_holdout,5.0,,no_alarm_equivalent
LR,holdout,0,refitted,C_b20_r10,C,0.2,774,26,0,0,26,748,0,phase_or_holdout,10.0,,no_alarm_equivalent
LR,holdout,0,refitted,C_b20_r20,C,0.2,774,26,3,32,23,716,35,phase_or_holdout,20.0,10.666666666666666,finite
LR,holdout,0,refitted,C_b20_r50,C,0.2,774,26,3,32,23,716,35,phase_or_holdout,50.0,10.666666666666666,finite
CART,time,0,fixed,A_b01,A,0.01,516,36,0,1,36,479,1,phase_or_holdout,,,never_improves
CART,time,0,fixed,A_b05,A,0.05,516,36,1,4,35,476,5,phase_or_holdout,,4.0,finite
CART,time,0,fixed,A_b10,A,0.1,516,36,2,9,34,471,11,phase_or_holdout,,4.5,finite
CART,time,0,fixed,A_b20,A,0.2,516,36,2,24,34,456,26,phase_or_holdout,,12.0,finite
CART,time,0,fixed,B_r05,B,,516,36,22,143,14,337,165,phase_or_holdout,5.0,6.5,finite
CART,time,0,fixed,B_r10,B,,516,36,36,480,0,0,516,phase_or_holdout,10.0,13.333333333333334,finite
CART,time,0,fixed,B_r20,B,,516,36,36,480,0,0,516,phase_or_holdout,20.0,13.333333333333334,finite
CART,time,0,fixed,B_r50,B,,516,36,36,480,0,0,516,phase_or_holdout,50.0,13.333333333333334,finite
CART,time,0,fixed,C_b01_r05,C,0.01,516,36,0,0,36,480,0,phase_or_holdout,5.0,,no_alarm_equivalent
CART,time,0,fixed,C_b01_r10,C,0.01,516,36,0,0,36,480,0,phase_or_holdout,10.0,,no_alarm_equivalent
CART,time,0,fixed,C_b01_r20,C,0.01,516,36,0,0,36,480,0,phase_or_holdout,20.0,,no_alarm_equivalent
CART,time,0,fixed,C_b01_r50,C,0.01,516,36,0,0,36,480,0,phase_or_holdout,50.0,,no_alarm_equivalent
CART,time,0,fixed,C_b05_r05,C,0.05,516,36,0,1,36,479,1,phase_or_holdout,5.0,,never_improves
CART,time,0,fixed,C_b05_r10,C,0.05,516,36,0,1,36,479,1,phase_or_holdout,10.0,,never_improves
CART,time,0,fixed,C_b05_r20,C,0.05,516,36,0,1,36,479,1,phase_or_holdout,20.0,,never_improves
CART,time,0,fixed,C_b05_r50,C,0.05,516,36,0,1,36,479,1,phase_or_holdout,50.0,,never_improves
CART,time,0,fixed,C_b10_r05,C,0.1,516,36,0,1,36,479,1,phase_or_holdout,5.0,,never_improves
CART,time,0,fixed,C_b10_r10,C,0.1,516,36,2,9,34,471,11,phase_or_holdout,10.0,4.5,finite
CART,time,0,fixed,C_b10_r20,C,0.1,516,36,2,9,34,471,11,phase_or_holdout,20.0,4.5,finite
CART,time,0,fixed,C_b10_r50,C,0.1,516,36,2,9,34,471,11,phase_or_holdout,50.0,4.5,finite
CART,time,0,fixed,C_b20_r05,C,0.2,516,36,2,24,34,456,26,phase_or_holdout,5.0,12.0,finite
CART,time,0,fixed,C_b20_r10,C,0.2,516,36,2,24,34,456,26,phase_or_holdout,10.0,12.0,finite
CART,time,0,fixed,C_b20_r20,C,0.2,516,36,2,24,34,456,26,phase_or_holdout,20.0,12.0,finite
CART,time,0,fixed,C_b20_r50,C,0.2,516,36,2,24,34,456,26,phase_or_holdout,50.0,12.0,finite
CART,time,0,refitted,A_b01,A,0.01,516,36,0,1,36,479,1,phase_or_holdout,,,never_improves
CART,time,0,refitted,A_b05,A,0.05,516,36,0,1,36,479,1,phase_or_holdout,,,never_improves
CART,time,0,refitted,A_b10,A,0.1,516,36,0,2,36,478,2,phase_or_holdout,,,never_improves
CART,time,0,refitted,A_b20,A,0.2,516,36,0,4,36,476,4,phase_or_holdout,,,never_improves
CART,time,0,refitted,B_r05,B,,516,36,17,108,19,372,125,phase_or_holdout,5.0,6.352941176470588,finite
CART,time,0,refitted,B_r10,B,,516,36,36,480,0,0,516,phase_or_holdout,10.0,13.333333333333334,finite
CART,time,0,refitted,B_r20,B,,516,36,36,480,0,0,516,phase_or_holdout,20.0,13.333333333333334,finite
CART,time,0,refitted,B_r50,B,,516,36,36,480,0,0,516,phase_or_holdout,50.0,13.333333333333334,finite
CART,time,0,refitted,C_b01_r05,C,0.01,516,36,0,0,36,480,0,phase_or_holdout,5.0,,no_alarm_equivalent
CART,time,0,refitted,C_b01_r10,C,0.01,516,36,0,0,36,480,0,phase_or_holdout,10.0,,no_alarm_equivalent
CART,time,0,refitted,C_b01_r20,C,0.01,516,36,0,0,36,480,0,phase_or_holdout,20.0,,no_alarm_equivalent
CART,time,0,refitted,C_b01_r50,C,0.01,516,36,0,0,36,480,0,phase_or_holdout,50.0,,no_alarm_equivalent
CART,time,0,refitted,C_b05_r05,C,0.05,516,36,0,1,36,479,1,phase_or_holdout,5.0,,never_improves
CART,time,0,refitted,C_b05_r10,C,0.05,516,36,0,1,36,479,1,phase_or_holdout,10.0,,never_improves
CART,time,0,refitted,C_b05_r20,C,0.05,516,36,0,1,36,479,1,phase_or_holdout,20.0,,never_improves
CART,time,0,refitted,C_b05_r50,C,0.05,516,36,0,1,36,479,1,phase_or_holdout,50.0,,never_improves
CART,time,0,refitted,C_b10_r05,C,0.1,516,36,0,1,36,479,1,phase_or_holdout,5.0,,never_improves
CART,time,0,refitted,C_b10_r10,C,0.1,516,36,0,1,36,479,1,phase_or_holdout,10.0,,never_improves
CART,time,0,refitted,C_b10_r20,C,0.1,516,36,0,1,36,479,1,phase_or_holdout,20.0,,never_improves
CART,time,0,refitted,C_b10_r50,C,0.1,516,36,0,1,36,479,1,phase_or_holdout,50.0,,never_improves
CART,time,0,refitted,C_b20_r05,C,0.2,516,36,0,4,36,476,4,phase_or_holdout,5.0,,never_improves
CART,time,0,refitted,C_b20_r10,C,0.2,516,36,0,4,36,476,4,phase_or_holdout,10.0,,never_improves
CART,time,0,refitted,C_b20_r20,C,0.2,516,36,0,4,36,476,4,phase_or_holdout,20.0,,never_improves
CART,time,0,refitted,C_b20_r50,C,0.2,516,36,0,4,36,476,4,phase_or_holdout,50.0,,never_improves
CART,time,1,fixed,A_b01,A,0.01,515,10,0,5,10,500,5,phase_or_holdout,,,never_improves
CART,time,1,fixed,A_b05,A,0.05,515,10,0,40,10,465,40,phase_or_holdout,,,never_improves
CART,time,1,fixed,A_b10,A,0.1,515,10,2,94,8,411,96,phase_or_holdout,,47.0,finite
CART,time,1,fixed,A_b20,A,0.2,515,10,6,221,4,284,227,phase_or_holdout,,36.833333333333336,finite
CART,time,1,fixed,B_r05,B,,515,10,0,0,10,505,0,phase_or_holdout,5.0,,no_alarm_equivalent
CART,time,1,fixed,B_r10,B,,515,10,0,0,10,505,0,phase_or_holdout,10.0,,no_alarm_equivalent
CART,time,1,fixed,B_r20,B,,515,10,0,0,10,505,0,phase_or_holdout,20.0,,no_alarm_equivalent
CART,time,1,fixed,B_r50,B,,515,10,0,0,10,505,0,phase_or_holdout,50.0,,no_alarm_equivalent
CART,time,1,fixed,C_b01_r05,C,0.01,515,10,0,0,10,505,0,phase_or_holdout,5.0,,no_alarm_equivalent
CART,time,1,fixed,C_b01_r10,C,0.01,515,10,0,0,10,505,0,phase_or_holdout,10.0,,no_alarm_equivalent
CART,time,1,fixed,C_b01_r20,C,0.01,515,10,0,0,10,505,0,phase_or_holdout,20.0,,no_alarm_equivalent
CART,time,1,fixed,C_b01_r50,C,0.01,515,10,0,0,10,505,0,phase_or_holdout,50.0,,no_alarm_equivalent
CART,time,1,fixed,C_b05_r05,C,0.05,515,10,0,0,10,505,0,phase_or_holdout,5.0,,no_alarm_equivalent
CART,time,1,fixed,C_b05_r10,C,0.05,515,10,0,0,10,505,0,phase_or_holdout,10.0,,no_alarm_equivalent
CART,time,1,fixed,C_b05_r20,C,0.05,515,10,0,0,10,505,0,phase_or_holdout,20.0,,no_alarm_equivalent
CART,time,1,fixed,C_b05_r50,C,0.05,515,10,0,0,10,505,0,phase_or_holdout,50.0,,no_alarm_equivalent
CART,time,1,fixed,C_b10_r05,C,0.1,515,10,0,0,10,505,0,phase_or_holdout,5.0,,no_alarm_equivalent
CART,time,1,fixed,C_b10_r10,C,0.1,515,10,0,0,10,505,0,phase_or_holdout,10.0,,no_alarm_equivalent
CART,time,1,fixed,C_b10_r20,C,0.1,515,10,0,0,10,505,0,phase_or_holdout,20.0,,no_alarm_equivalent
CART,time,1,fixed,C_b10_r50,C,0.1,515,10,0,0,10,505,0,phase_or_holdout,50.0,,no_alarm_equivalent
CART,time,1,fixed,C_b20_r05,C,0.2,515,10,0,0,10,505,0,phase_or_holdout,5.0,,no_alarm_equivalent
CART,time,1,fixed,C_b20_r10,C,0.2,515,10,0,0,10,505,0,phase_or_holdout,10.0,,no_alarm_equivalent
CART,time,1,fixed,C_b20_r20,C,0.2,515,10,0,0,10,505,0,phase_or_holdout,20.0,,no_alarm_equivalent
CART,time,1,fixed,C_b20_r50,C,0.2,515,10,0,0,10,505,0,phase_or_holdout,50.0,,no_alarm_equivalent
CART,time,1,refitted,A_b01,A,0.01,515,10,0,5,10,500,5,phase_or_holdout,,,never_improves
CART,time,1,refitted,A_b05,A,0.05,515,10,0,29,10,476,29,phase_or_holdout,,,never_improves
CART,time,1,refitted,A_b10,A,0.1,515,10,1,58,9,447,59,phase_or_holdout,,58.0,finite
CART,time,1,refitted,A_b20,A,0.2,515,10,5,176,5,329,181,phase_or_holdout,,35.2,finite
CART,time,1,refitted,B_r05,B,,515,10,0,0,10,505,0,phase_or_holdout,5.0,,no_alarm_equivalent
CART,time,1,refitted,B_r10,B,,515,10,0,0,10,505,0,phase_or_holdout,10.0,,no_alarm_equivalent
CART,time,1,refitted,B_r20,B,,515,10,0,0,10,505,0,phase_or_holdout,20.0,,no_alarm_equivalent
CART,time,1,refitted,B_r50,B,,515,10,0,0,10,505,0,phase_or_holdout,50.0,,no_alarm_equivalent
CART,time,1,refitted,C_b01_r05,C,0.01,515,10,0,0,10,505,0,phase_or_holdout,5.0,,no_alarm_equivalent
CART,time,1,refitted,C_b01_r10,C,0.01,515,10,0,0,10,505,0,phase_or_holdout,10.0,,no_alarm_equivalent
CART,time,1,refitted,C_b01_r20,C,0.01,515,10,0,0,10,505,0,phase_or_holdout,20.0,,no_alarm_equivalent
CART,time,1,refitted,C_b01_r50,C,0.01,515,10,0,0,10,505,0,phase_or_holdout,50.0,,no_alarm_equivalent
CART,time,1,refitted,C_b05_r05,C,0.05,515,10,0,0,10,505,0,phase_or_holdout,5.0,,no_alarm_equivalent
CART,time,1,refitted,C_b05_r10,C,0.05,515,10,0,0,10,505,0,phase_or_holdout,10.0,,no_alarm_equivalent
CART,time,1,refitted,C_b05_r20,C,0.05,515,10,0,0,10,505,0,phase_or_holdout,20.0,,no_alarm_equivalent
CART,time,1,refitted,C_b05_r50,C,0.05,515,10,0,0,10,505,0,phase_or_holdout,50.0,,no_alarm_equivalent
CART,time,1,refitted,C_b10_r05,C,0.1,515,10,0,0,10,505,0,phase_or_holdout,5.0,,no_alarm_equivalent
CART,time,1,refitted,C_b10_r10,C,0.1,515,10,0,0,10,505,0,phase_or_holdout,10.0,,no_alarm_equivalent
CART,time,1,refitted,C_b10_r20,C,0.1,515,10,0,0,10,505,0,phase_or_holdout,20.0,,no_alarm_equivalent
CART,time,1,refitted,C_b10_r50,C,0.1,515,10,0,0,10,505,0,phase_or_holdout,50.0,,no_alarm_equivalent
CART,time,1,refitted,C_b20_r05,C,0.2,515,10,0,0,10,505,0,phase_or_holdout,5.0,,no_alarm_equivalent
CART,time,1,refitted,C_b20_r10,C,0.2,515,10,0,0,10,505,0,phase_or_holdout,10.0,,no_alarm_equivalent
CART,time,1,refitted,C_b20_r20,C,0.2,515,10,0,0,10,505,0,phase_or_holdout,20.0,,no_alarm_equivalent
CART,time,1,refitted,C_b20_r50,C,0.2,515,10,0,0,10,505,0,phase_or_holdout,50.0,,no_alarm_equivalent
CART,time,2,fixed,A_b01,A,0.01,516,24,1,6,23,486,7,phase_or_holdout,,6.0,finite
CART,time,2,fixed,A_b05,A,0.05,516,24,3,34,21,458,37,phase_or_holdout,,11.333333333333334,finite
CART,time,2,fixed,A_b10,A,0.1,516,24,6,56,18,436,62,phase_or_holdout,,9.333333333333334,finite
CART,time,2,fixed,A_b20,A,0.2,516,24,9,122,15,370,131,phase_or_holdout,,13.555555555555555,finite
CART,time,2,fixed,B_r05,B,,516,24,0,0,24,492,0,phase_or_holdout,5.0,,no_alarm_equivalent
CART,time,2,fixed,B_r10,B,,516,24,0,0,24,492,0,phase_or_holdout,10.0,,no_alarm_equivalent
CART,time,2,fixed,B_r20,B,,516,24,12,227,12,265,239,phase_or_holdout,20.0,18.916666666666668,finite
CART,time,2,fixed,B_r50,B,,516,24,12,227,12,265,239,phase_or_holdout,50.0,18.916666666666668,finite
CART,time,2,fixed,C_b01_r05,C,0.01,516,24,0,0,24,492,0,phase_or_holdout,5.0,,no_alarm_equivalent
CART,time,2,fixed,C_b01_r10,C,0.01,516,24,0,0,24,492,0,phase_or_holdout,10.0,,no_alarm_equivalent
CART,time,2,fixed,C_b01_r20,C,0.01,516,24,0,0,24,492,0,phase_or_holdout,20.0,,no_alarm_equivalent
CART,time,2,fixed,C_b01_r50,C,0.01,516,24,0,0,24,492,0,phase_or_holdout,50.0,,no_alarm_equivalent
CART,time,2,fixed,C_b05_r05,C,0.05,516,24,0,0,24,492,0,phase_or_holdout,5.0,,no_alarm_equivalent
CART,time,2,fixed,C_b05_r10,C,0.05,516,24,0,0,24,492,0,phase_or_holdout,10.0,,no_alarm_equivalent
CART,time,2,fixed,C_b05_r20,C,0.05,516,24,0,0,24,492,0,phase_or_holdout,20.0,,no_alarm_equivalent
CART,time,2,fixed,C_b05_r50,C,0.05,516,24,0,0,24,492,0,phase_or_holdout,50.0,,no_alarm_equivalent
CART,time,2,fixed,C_b10_r05,C,0.1,516,24,0,0,24,492,0,phase_or_holdout,5.0,,no_alarm_equivalent
CART,time,2,fixed,C_b10_r10,C,0.1,516,24,0,0,24,492,0,phase_or_holdout,10.0,,no_alarm_equivalent
CART,time,2,fixed,C_b10_r20,C,0.1,516,24,0,0,24,492,0,phase_or_holdout,20.0,,no_alarm_equivalent
CART,time,2,fixed,C_b10_r50,C,0.1,516,24,4,51,20,441,55,phase_or_holdout,50.0,12.75,finite
CART,time,2,fixed,C_b20_r05,C,0.2,516,24,0,0,24,492,0,phase_or_holdout,5.0,,no_alarm_equivalent
CART,time,2,fixed,C_b20_r10,C,0.2,516,24,0,0,24,492,0,phase_or_holdout,10.0,,no_alarm_equivalent
CART,time,2,fixed,C_b20_r20,C,0.2,516,24,0,0,24,492,0,phase_or_holdout,20.0,,no_alarm_equivalent
CART,time,2,fixed,C_b20_r50,C,0.2,516,24,4,51,20,441,55,phase_or_holdout,50.0,12.75,finite
CART,time,2,refitted,A_b01,A,0.01,516,24,0,1,24,491,1,phase_or_holdout,,,never_improves
CART,time,2,refitted,A_b05,A,0.05,516,24,0,14,24,478,14,phase_or_holdout,,,never_improves
CART,time,2,refitted,A_b10,A,0.1,516,24,3,38,21,454,41,phase_or_holdout,,12.666666666666666,finite
CART,time,2,refitted,A_b20,A,0.2,516,24,7,107,17,385,114,phase_or_holdout,,15.285714285714286,finite
CART,time,2,refitted,B_r05,B,,516,24,0,0,24,492,0,phase_or_holdout,5.0,,no_alarm_equivalent
CART,time,2,refitted,B_r10,B,,516,24,0,0,24,492,0,phase_or_holdout,10.0,,no_alarm_equivalent
CART,time,2,refitted,B_r20,B,,516,24,11,201,13,291,212,phase_or_holdout,20.0,18.272727272727273,finite
CART,time,2,refitted,B_r50,B,,516,24,11,201,13,291,212,phase_or_holdout,50.0,18.272727272727273,finite
CART,time,2,refitted,C_b01_r05,C,0.01,516,24,0,0,24,492,0,phase_or_holdout,5.0,,no_alarm_equivalent
CART,time,2,refitted,C_b01_r10,C,0.01,516,24,0,0,24,492,0,phase_or_holdout,10.0,,no_alarm_equivalent
CART,time,2,refitted,C_b01_r20,C,0.01,516,24,0,0,24,492,0,phase_or_holdout,20.0,,no_alarm_equivalent
CART,time,2,refitted,C_b01_r50,C,0.01,516,24,0,0,24,492,0,phase_or_holdout,50.0,,no_alarm_equivalent
CART,time,2,refitted,C_b05_r05,C,0.05,516,24,0,0,24,492,0,phase_or_holdout,5.0,,no_alarm_equivalent
CART,time,2,refitted,C_b05_r10,C,0.05,516,24,0,0,24,492,0,phase_or_holdout,10.0,,no_alarm_equivalent
CART,time,2,refitted,C_b05_r20,C,0.05,516,24,0,0,24,492,0,phase_or_holdout,20.0,,no_alarm_equivalent
CART,time,2,refitted,C_b05_r50,C,0.05,516,24,0,0,24,492,0,phase_or_holdout,50.0,,no_alarm_equivalent
CART,time,2,refitted,C_b10_r05,C,0.1,516,24,0,0,24,492,0,phase_or_holdout,5.0,,no_alarm_equivalent
CART,time,2,refitted,C_b10_r10,C,0.1,516,24,0,0,24,492,0,phase_or_holdout,10.0,,no_alarm_equivalent
CART,time,2,refitted,C_b10_r20,C,0.1,516,24,0,0,24,492,0,phase_or_holdout,20.0,,no_alarm_equivalent
CART,time,2,refitted,C_b10_r50,C,0.1,516,24,2,29,22,463,31,phase_or_holdout,50.0,14.5,finite
CART,time,2,refitted,C_b20_r05,C,0.2,516,24,0,0,24,492,0,phase_or_holdout,5.0,,no_alarm_equivalent
CART,time,2,refitted,C_b20_r10,C,0.2,516,24,0,0,24,492,0,phase_or_holdout,10.0,,no_alarm_equivalent
CART,time,2,refitted,C_b20_r20,C,0.2,516,24,0,0,24,492,0,phase_or_holdout,20.0,,no_alarm_equivalent
CART,time,2,refitted,C_b20_r50,C,0.2,516,24,2,29,22,463,31,phase_or_holdout,50.0,14.5,finite
CART,time,3,fixed,A_b01,A,0.01,516,18,1,13,17,485,14,phase_or_holdout,,13.0,finite
CART,time,3,fixed,A_b05,A,0.05,516,18,1,31,17,467,32,phase_or_holdout,,31.0,finite
CART,time,3,fixed,A_b10,A,0.1,516,18,3,62,15,436,65,phase_or_holdout,,20.666666666666668,finite
CART,time,3,fixed,A_b20,A,0.2,516,18,6,102,12,396,108,phase_or_holdout,,17.0,finite
CART,time,3,fixed,B_r05,B,,516,18,0,0,18,498,0,phase_or_holdout,5.0,,no_alarm_equivalent
CART,time,3,fixed,B_r10,B,,516,18,2,49,16,449,51,phase_or_holdout,10.0,24.5,finite
CART,time,3,fixed,B_r20,B,,516,18,6,86,12,412,92,phase_or_holdout,20.0,14.333333333333334,finite
CART,time,3,fixed,B_r50,B,,516,18,14,396,4,102,410,phase_or_holdout,50.0,28.285714285714285,finite
CART,time,3,fixed,C_b01_r05,C,0.01,516,18,0,0,18,498,0,phase_or_holdout,5.0,,no_alarm_equivalent
CART,time,3,fixed,C_b01_r10,C,0.01,516,18,0,0,18,498,0,phase_or_holdout,10.0,,no_alarm_equivalent
CART,time,3,fixed,C_b01_r20,C,0.01,516,18,0,0,18,498,0,phase_or_holdout,20.0,,no_alarm_equivalent
CART,time,3,fixed,C_b01_r50,C,0.01,516,18,0,0,18,498,0,phase_or_holdout,50.0,,no_alarm_equivalent
CART,time,3,fixed,C_b05_r05,C,0.05,516,18,0,0,18,498,0,phase_or_holdout,5.0,,no_alarm_equivalent
CART,time,3,fixed,C_b05_r10,C,0.05,516,18,1,28,17,470,29,phase_or_holdout,10.0,28.0,finite
CART,time,3,fixed,C_b05_r20,C,0.05,516,18,1,28,17,470,29,phase_or_holdout,20.0,28.0,finite
CART,time,3,fixed,C_b05_r50,C,0.05,516,18,1,28,17,470,29,phase_or_holdout,50.0,28.0,finite
CART,time,3,fixed,C_b10_r05,C,0.1,516,18,0,0,18,498,0,phase_or_holdout,5.0,,no_alarm_equivalent
CART,time,3,fixed,C_b10_r10,C,0.1,516,18,2,49,16,449,51,phase_or_holdout,10.0,24.5,finite
CART,time,3,fixed,C_b10_r20,C,0.1,516,18,2,49,16,449,51,phase_or_holdout,20.0,24.5,finite
CART,time,3,fixed,C_b10_r50,C,0.1,516,18,2,49,16,449,51,phase_or_holdout,50.0,24.5,finite
CART,time,3,fixed,C_b20_r05,C,0.2,516,18,0,0,18,498,0,phase_or_holdout,5.0,,no_alarm_equivalent
CART,time,3,fixed,C_b20_r10,C,0.2,516,18,2,49,16,449,51,phase_or_holdout,10.0,24.5,finite
CART,time,3,fixed,C_b20_r20,C,0.2,516,18,6,86,12,412,92,phase_or_holdout,20.0,14.333333333333334,finite
CART,time,3,fixed,C_b20_r50,C,0.2,516,18,6,86,12,412,92,phase_or_holdout,50.0,14.333333333333334,finite
CART,time,3,refitted,A_b01,A,0.01,516,18,2,18,16,480,20,phase_or_holdout,,9.0,finite
CART,time,3,refitted,A_b05,A,0.05,516,18,3,31,15,467,34,phase_or_holdout,,10.333333333333334,finite
CART,time,3,refitted,A_b10,A,0.1,516,18,4,45,14,453,49,phase_or_holdout,,11.25,finite
CART,time,3,refitted,A_b20,A,0.2,516,18,7,89,11,409,96,phase_or_holdout,,12.714285714285714,finite
CART,time,3,refitted,B_r05,B,,516,18,0,0,18,498,0,phase_or_holdout,5.0,,no_alarm_equivalent
CART,time,3,refitted,B_r10,B,,516,18,3,38,15,460,41,phase_or_holdout,10.0,12.666666666666666,finite
CART,time,3,refitted,B_r20,B,,516,18,6,71,12,427,77,phase_or_holdout,20.0,11.833333333333334,finite
CART,time,3,refitted,B_r50,B,,516,18,16,411,2,87,427,phase_or_holdout,50.0,25.6875,finite
CART,time,3,refitted,C_b01_r05,C,0.01,516,18,0,0,18,498,0,phase_or_holdout,5.0,,no_alarm_equivalent
CART,time,3,refitted,C_b01_r10,C,0.01,516,18,0,0,18,498,0,phase_or_holdout,10.0,,no_alarm_equivalent
CART,time,3,refitted,C_b01_r20,C,0.01,516,18,0,0,18,498,0,phase_or_holdout,20.0,,no_alarm_equivalent
CART,time,3,refitted,C_b01_r50,C,0.01,516,18,0,0,18,498,0,phase_or_holdout,50.0,,no_alarm_equivalent
CART,time,3,refitted,C_b05_r05,C,0.05,516,18,0,0,18,498,0,phase_or_holdout,5.0,,no_alarm_equivalent
CART,time,3,refitted,C_b05_r10,C,0.05,516,18,3,30,15,468,33,phase_or_holdout,10.0,10.0,finite
CART,time,3,refitted,C_b05_r20,C,0.05,516,18,3,30,15,468,33,phase_or_holdout,20.0,10.0,finite
CART,time,3,refitted,C_b05_r50,C,0.05,516,18,3,30,15,468,33,phase_or_holdout,50.0,10.0,finite
CART,time,3,refitted,C_b10_r05,C,0.1,516,18,0,0,18,498,0,phase_or_holdout,5.0,,no_alarm_equivalent
CART,time,3,refitted,C_b10_r10,C,0.1,516,18,3,38,15,460,41,phase_or_holdout,10.0,12.666666666666666,finite
CART,time,3,refitted,C_b10_r20,C,0.1,516,18,3,38,15,460,41,phase_or_holdout,20.0,12.666666666666666,finite
CART,time,3,refitted,C_b10_r50,C,0.1,516,18,3,38,15,460,41,phase_or_holdout,50.0,12.666666666666666,finite
CART,time,3,refitted,C_b20_r05,C,0.2,516,18,0,0,18,498,0,phase_or_holdout,5.0,,no_alarm_equivalent
CART,time,3,refitted,C_b20_r10,C,0.2,516,18,3,38,15,460,41,phase_or_holdout,10.0,12.666666666666666,finite
CART,time,3,refitted,C_b20_r20,C,0.2,516,18,6,71,12,427,77,phase_or_holdout,20.0,11.833333333333334,finite
CART,time,3,refitted,C_b20_r50,C,0.2,516,18,6,71,12,427,77,phase_or_holdout,50.0,11.833333333333334,finite
CART,holdout,0,fixed,A_b01,A,0.01,774,26,0,0,26,748,0,phase_or_holdout,,,no_alarm_equivalent
CART,holdout,0,fixed,A_b05,A,0.05,774,26,2,10,24,738,12,phase_or_holdout,,5.0,finite
CART,holdout,0,fixed,A_b10,A,0.1,774,26,2,17,24,731,19,phase_or_holdout,,8.5,finite
CART,holdout,0,fixed,A_b20,A,0.2,774,26,7,79,19,669,86,phase_or_holdout,,11.285714285714286,finite
CART,holdout,0,fixed,B_r05,B,,774,26,0,0,26,748,0,phase_or_holdout,5.0,,no_alarm_equivalent
CART,holdout,0,fixed,B_r10,B,,774,26,1,3,25,745,4,phase_or_holdout,10.0,3.0,finite
CART,holdout,0,fixed,B_r20,B,,774,26,11,208,15,540,219,phase_or_holdout,20.0,18.90909090909091,finite
CART,holdout,0,fixed,B_r50,B,,774,26,26,739,0,9,765,phase_or_holdout,50.0,28.423076923076923,finite
CART,holdout,0,fixed,C_b01_r05,C,0.01,774,26,0,0,26,748,0,phase_or_holdout,5.0,,no_alarm_equivalent
CART,holdout,0,fixed,C_b01_r10,C,0.01,774,26,0,0,26,748,0,phase_or_holdout,10.0,,no_alarm_equivalent
CART,holdout,0,fixed,C_b01_r20,C,0.01,774,26,0,0,26,748,0,phase_or_holdout,20.0,,no_alarm_equivalent
CART,holdout,0,fixed,C_b01_r50,C,0.01,774,26,0,0,26,748,0,phase_or_holdout,50.0,,no_alarm_equivalent
CART,holdout,0,fixed,C_b05_r05,C,0.05,774,26,0,0,26,748,0,phase_or_holdout,5.0,,no_alarm_equivalent
CART,holdout,0,fixed,C_b05_r10,C,0.05,774,26,1,3,25,745,4,phase_or_holdout,10.0,3.0,finite
CART,holdout,0,fixed,C_b05_r20,C,0.05,774,26,1,3,25,745,4,phase_or_holdout,20.0,3.0,finite
CART,holdout,0,fixed,C_b05_r50,C,0.05,774,26,1,3,25,745,4,phase_or_holdout,50.0,3.0,finite
CART,holdout,0,fixed,C_b10_r05,C,0.1,774,26,0,0,26,748,0,phase_or_holdout,5.0,,no_alarm_equivalent
CART,holdout,0,fixed,C_b10_r10,C,0.1,774,26,1,3,25,745,4,phase_or_holdout,10.0,3.0,finite
CART,holdout,0,fixed,C_b10_r20,C,0.1,774,26,2,15,24,733,17,phase_or_holdout,20.0,7.5,finite
CART,holdout,0,fixed,C_b10_r50,C,0.1,774,26,2,15,24,733,17,phase_or_holdout,50.0,7.5,finite
CART,holdout,0,fixed,C_b20_r05,C,0.2,774,26,0,0,26,748,0,phase_or_holdout,5.0,,no_alarm_equivalent
CART,holdout,0,fixed,C_b20_r10,C,0.2,774,26,1,3,25,745,4,phase_or_holdout,10.0,3.0,finite
CART,holdout,0,fixed,C_b20_r20,C,0.2,774,26,7,76,19,672,83,phase_or_holdout,20.0,10.857142857142858,finite
CART,holdout,0,fixed,C_b20_r50,C,0.2,774,26,7,76,19,672,83,phase_or_holdout,50.0,10.857142857142858,finite
CART,holdout,0,refitted,A_b01,A,0.01,774,26,0,0,26,748,0,phase_or_holdout,,,no_alarm_equivalent
CART,holdout,0,refitted,A_b05,A,0.05,774,26,1,3,25,745,4,phase_or_holdout,,3.0,finite
CART,holdout,0,refitted,A_b10,A,0.1,774,26,1,7,25,741,8,phase_or_holdout,,7.0,finite
CART,holdout,0,refitted,A_b20,A,0.2,774,26,5,56,21,692,61,phase_or_holdout,,11.2,finite
CART,holdout,0,refitted,B_r05,B,,774,26,0,0,26,748,0,phase_or_holdout,5.0,,no_alarm_equivalent
CART,holdout,0,refitted,B_r10,B,,774,26,0,1,26,747,1,phase_or_holdout,10.0,,never_improves
CART,holdout,0,refitted,B_r20,B,,774,26,12,229,14,519,241,phase_or_holdout,20.0,19.083333333333332,finite
CART,holdout,0,refitted,B_r50,B,,774,26,26,747,0,1,773,phase_or_holdout,50.0,28.73076923076923,finite
CART,holdout,0,refitted,C_b01_r05,C,0.01,774,26,0,0,26,748,0,phase_or_holdout,5.0,,no_alarm_equivalent
CART,holdout,0,refitted,C_b01_r10,C,0.01,774,26,0,0,26,748,0,phase_or_holdout,10.0,,no_alarm_equivalent
CART,holdout,0,refitted,C_b01_r20,C,0.01,774,26,0,0,26,748,0,phase_or_holdout,20.0,,no_alarm_equivalent
CART,holdout,0,refitted,C_b01_r50,C,0.01,774,26,0,0,26,748,0,phase_or_holdout,50.0,,no_alarm_equivalent
CART,holdout,0,refitted,C_b05_r05,C,0.05,774,26,0,0,26,748,0,phase_or_holdout,5.0,,no_alarm_equivalent
CART,holdout,0,refitted,C_b05_r10,C,0.05,774,26,0,1,26,747,1,phase_or_holdout,10.0,,never_improves
CART,holdout,0,refitted,C_b05_r20,C,0.05,774,26,0,1,26,747,1,phase_or_holdout,20.0,,never_improves
CART,holdout,0,refitted,C_b05_r50,C,0.05,774,26,0,1,26,747,1,phase_or_holdout,50.0,,never_improves
CART,holdout,0,refitted,C_b10_r05,C,0.1,774,26,0,0,26,748,0,phase_or_holdout,5.0,,no_alarm_equivalent
CART,holdout,0,refitted,C_b10_r10,C,0.1,774,26,0,1,26,747,1,phase_or_holdout,10.0,,never_improves
CART,holdout,0,refitted,C_b10_r20,C,0.1,774,26,1,4,25,744,5,phase_or_holdout,20.0,4.0,finite
CART,holdout,0,refitted,C_b10_r50,C,0.1,774,26,1,4,25,744,5,phase_or_holdout,50.0,4.0,finite
CART,holdout,0,refitted,C_b20_r05,C,0.2,774,26,0,0,26,748,0,phase_or_holdout,5.0,,no_alarm_equivalent
CART,holdout,0,refitted,C_b20_r10,C,0.2,774,26,0,1,26,747,1,phase_or_holdout,10.0,,never_improves
CART,holdout,0,refitted,C_b20_r20,C,0.2,774,26,5,51,21,697,56,phase_or_holdout,20.0,10.2,finite
CART,holdout,0,refitted,C_b20_r50,C,0.2,774,26,5,51,21,697,56,phase_or_holdout,50.0,10.2,finite
XGBoost,time,-1,fixed,A_b01,A,0.01,2063,88,0,59,88,1916,59,pooled,,,never_improves
XGBoost,time,-1,fixed,A_b05,A,0.05,2063,88,9,157,79,1818,166,pooled,,17.444444444444443,finite
XGBoost,time,-1,fixed,A_b10,A,0.1,2063,88,14,234,74,1741,248,pooled,,16.714285714285715,finite
XGBoost,time,-1,fixed,A_b20,A,0.2,2063,88,25,532,63,1443,557,pooled,,21.28,finite
XGBoost,time,-1,fixed,B_r05,B,,2063,88,9,73,79,1902,82,pooled,5.0,8.11111111111111,finite
XGBoost,time,-1,fixed,B_r10,B,,2063,88,35,379,53,1596,414,pooled,10.0,10.82857142857143,finite
XGBoost,time,-1,fixed,B_r20,B,,2063,88,46,671,42,1304,717,pooled,20.0,14.58695652173913,finite
XGBoost,time,-1,fixed,B_r50,B,,2063,88,64,1025,24,950,1089,pooled,50.0,16.015625,finite
XGBoost,time,-1,fixed,C_b01_r05,C,0.01,2063,88,0,0,88,1975,0,pooled,5.0,,no_alarm_equivalent
XGBoost,time,-1,fixed,C_b01_r10,C,0.01,2063,88,0,0,88,1975,0,pooled,10.0,,no_alarm_equivalent
XGBoost,time,-1,fixed,C_b01_r20,C,0.01,2063,88,0,0,88,1975,0,pooled,20.0,,no_alarm_equivalent
XGBoost,time,-1,fixed,C_b01_r50,C,0.01,2063,88,0,0,88,1975,0,pooled,50.0,,no_alarm_equivalent
XGBoost,time,-1,fixed,C_b05_r05,C,0.05,2063,88,1,24,87,1951,25,pooled,5.0,24.0,finite
XGBoost,time,-1,fixed,C_b05_r10,C,0.05,2063,88,1,24,87,1951,25,pooled,10.0,24.0,finite
XGBoost,time,-1,fixed,C_b05_r20,C,0.05,2063,88,1,24,87,1951,25,pooled,20.0,24.0,finite
XGBoost,time,-1,fixed,C_b05_r50,C,0.05,2063,88,1,24,87,1951,25,pooled,50.0,24.0,finite
XGBoost,time,-1,fixed,C_b10_r05,C,0.1,2063,88,1,24,87,1951,25,pooled,5.0,24.0,finite
XGBoost,time,-1,fixed,C_b10_r10,C,0.1,2063,88,1,27,87,1948,28,pooled,10.0,27.0,finite
XGBoost,time,-1,fixed,C_b10_r20,C,0.1,2063,88,4,60,84,1915,64,pooled,20.0,15.0,finite
XGBoost,time,-1,fixed,C_b10_r50,C,0.1,2063,88,4,60,84,1915,64,pooled,50.0,15.0,finite
XGBoost,time,-1,fixed,C_b20_r05,C,0.2,2063,88,2,32,86,1943,34,pooled,5.0,16.0,finite
XGBoost,time,-1,fixed,C_b20_r10,C,0.2,2063,88,2,32,86,1943,34,pooled,10.0,16.0,finite
XGBoost,time,-1,fixed,C_b20_r20,C,0.2,2063,88,5,65,83,1910,70,pooled,20.0,13.0,finite
XGBoost,time,-1,fixed,C_b20_r50,C,0.2,2063,88,6,104,82,1871,110,pooled,50.0,17.333333333333332,finite
XGBoost,time,-1,refitted,A_b01,A,0.01,2063,88,0,44,88,1931,44,pooled,,,never_improves
XGBoost,time,-1,refitted,A_b05,A,0.05,2063,88,7,130,81,1845,137,pooled,,18.571428571428573,finite
XGBoost,time,-1,refitted,A_b10,A,0.1,2063,88,12,181,76,1794,193,pooled,,15.083333333333334,finite
XGBoost,time,-1,refitted,A_b20,A,0.2,2063,88,27,525,61,1450,552,pooled,,19.444444444444443,finite
XGBoost,time,-1,refitted,B_r05,B,,2063,88,6,53,82,1922,59,pooled,5.0,8.833333333333334,finite
XGBoost,time,-1,refitted,B_r10,B,,2063,88,37,498,51,1477,535,pooled,10.0,13.45945945945946,finite
XGBoost,time,-1,refitted,B_r20,B,,2063,88,51,851,37,1124,902,pooled,20.0,16.686274509803923,finite
XGBoost,time,-1,refitted,B_r50,B,,2063,88,69,1194,19,781,1263,pooled,50.0,17.304347826086957,finite
XGBoost,time,-1,refitted,C_b01_r05,C,0.01,2063,88,0,0,88,1975,0,pooled,5.0,,no_alarm_equivalent
XGBoost,time,-1,refitted,C_b01_r10,C,0.01,2063,88,0,0,88,1975,0,pooled,10.0,,no_alarm_equivalent
XGBoost,time,-1,refitted,C_b01_r20,C,0.01,2063,88,0,0,88,1975,0,pooled,20.0,,no_alarm_equivalent
XGBoost,time,-1,refitted,C_b01_r50,C,0.01,2063,88,0,0,88,1975,0,pooled,50.0,,no_alarm_equivalent
XGBoost,time,-1,refitted,C_b05_r05,C,0.05,2063,88,1,22,87,1953,23,pooled,5.0,22.0,finite
XGBoost,time,-1,refitted,C_b05_r10,C,0.05,2063,88,1,22,87,1953,23,pooled,10.0,22.0,finite
XGBoost,time,-1,refitted,C_b05_r20,C,0.05,2063,88,1,22,87,1953,23,pooled,20.0,22.0,finite
XGBoost,time,-1,refitted,C_b05_r50,C,0.05,2063,88,1,22,87,1953,23,pooled,50.0,22.0,finite
XGBoost,time,-1,refitted,C_b10_r05,C,0.1,2063,88,1,22,87,1953,23,pooled,5.0,22.0,finite
XGBoost,time,-1,refitted,C_b10_r10,C,0.1,2063,88,1,23,87,1952,24,pooled,10.0,23.0,finite
XGBoost,time,-1,refitted,C_b10_r20,C,0.1,2063,88,4,49,84,1926,53,pooled,20.0,12.25,finite
XGBoost,time,-1,refitted,C_b10_r50,C,0.1,2063,88,4,49,84,1926,53,pooled,50.0,12.25,finite
XGBoost,time,-1,refitted,C_b20_r05,C,0.2,2063,88,1,24,87,1951,25,pooled,5.0,24.0,finite
XGBoost,time,-1,refitted,C_b20_r10,C,0.2,2063,88,1,24,87,1951,25,pooled,10.0,24.0,finite
XGBoost,time,-1,refitted,C_b20_r20,C,0.2,2063,88,4,50,84,1925,54,pooled,20.0,12.5,finite
XGBoost,time,-1,refitted,C_b20_r50,C,0.2,2063,88,6,87,82,1888,93,pooled,50.0,14.5,finite
LR,time,-1,fixed,A_b01,A,0.01,2063,88,2,40,86,1935,42,pooled,,20.0,finite
LR,time,-1,fixed,A_b05,A,0.05,2063,88,9,194,79,1781,203,pooled,,21.555555555555557,finite
LR,time,-1,fixed,A_b10,A,0.1,2063,88,15,315,73,1660,330,pooled,,21.0,finite
LR,time,-1,fixed,A_b20,A,0.2,2063,88,25,595,63,1380,620,pooled,,23.8,finite
LR,time,-1,fixed,B_r05,B,,2063,88,26,171,62,1804,197,pooled,5.0,6.576923076923077,finite
LR,time,-1,fixed,B_r10,B,,2063,88,37,489,51,1486,526,pooled,10.0,13.216216216216216,finite
LR,time,-1,fixed,B_r20,B,,2063,88,38,576,50,1399,614,pooled,20.0,15.157894736842104,finite
LR,time,-1,fixed,B_r50,B,,2063,88,73,1268,15,707,1341,pooled,50.0,17.36986301369863,finite
LR,time,-1,fixed,C_b01_r05,C,0.01,2063,88,1,5,87,1970,6,pooled,5.0,5.0,finite
LR,time,-1,fixed,C_b01_r10,C,0.01,2063,88,1,5,87,1970,6,pooled,10.0,5.0,finite
LR,time,-1,fixed,C_b01_r20,C,0.01,2063,88,1,5,87,1970,6,pooled,20.0,5.0,finite
LR,time,-1,fixed,C_b01_r50,C,0.01,2063,88,1,5,87,1970,6,pooled,50.0,5.0,finite
LR,time,-1,fixed,C_b05_r05,C,0.05,2063,88,1,6,87,1969,7,pooled,5.0,6.0,finite
LR,time,-1,fixed,C_b05_r10,C,0.05,2063,88,2,29,86,1946,31,pooled,10.0,14.5,finite
LR,time,-1,fixed,C_b05_r20,C,0.05,2063,88,2,29,86,1946,31,pooled,20.0,14.5,finite
LR,time,-1,fixed,C_b05_r50,C,0.05,2063,88,2,29,86,1946,31,pooled,50.0,14.5,finite
LR,time,-1,fixed,C_b10_r05,C,0.1,2063,88,1,10,87,1965,11,pooled,5.0,10.0,finite
LR,time,-1,fixed,C_b10_r10,C,0.1,2063,88,2,33,86,1942,35,pooled,10.0,16.5,finite
LR,time,-1,fixed,C_b10_r20,C,0.1,2063,88,2,33,86,1942,35,pooled,20.0,16.5,finite
LR,time,-1,fixed,C_b10_r50,C,0.1,2063,88,2,33,86,1942,35,pooled,50.0,16.5,finite
LR,time,-1,fixed,C_b20_r05,C,0.2,2063,88,1,10,87,1965,11,pooled,5.0,10.0,finite
LR,time,-1,fixed,C_b20_r10,C,0.2,2063,88,3,55,85,1920,58,pooled,10.0,18.333333333333332,finite
LR,time,-1,fixed,C_b20_r20,C,0.2,2063,88,4,107,84,1868,111,pooled,20.0,26.75,finite
LR,time,-1,fixed,C_b20_r50,C,0.2,2063,88,4,107,84,1868,111,pooled,50.0,26.75,finite
LR,time,-1,refitted,A_b01,A,0.01,2063,88,2,49,86,1926,51,pooled,,24.5,finite
LR,time,-1,refitted,A_b05,A,0.05,2063,88,9,186,79,1789,195,pooled,,20.666666666666668,finite
LR,time,-1,refitted,A_b10,A,0.1,2063,88,16,314,72,1661,330,pooled,,19.625,finite
LR,time,-1,refitted,A_b20,A,0.2,2063,88,25,592,63,1383,617,pooled,,23.68,finite
LR,time,-1,refitted,B_r05,B,,2063,88,30,169,58,1806,199,pooled,5.0,5.633333333333334,finite
LR,time,-1,refitted,B_r10,B,,2063,88,38,508,50,1467,546,pooled,10.0,13.368421052631579,finite
LR,time,-1,refitted,B_r20,B,,2063,88,40,608,48,1367,648,pooled,20.0,15.2,finite
LR,time,-1,refitted,B_r50,B,,2063,88,75,1284,13,691,1359,pooled,50.0,17.12,finite
LR,time,-1,refitted,C_b01_r05,C,0.01,2063,88,2,5,86,1970,7,pooled,5.0,2.5,finite
LR,time,-1,refitted,C_b01_r10,C,0.01,2063,88,2,5,86,1970,7,pooled,10.0,2.5,finite
LR,time,-1,refitted,C_b01_r20,C,0.01,2063,88,2,5,86,1970,7,pooled,20.0,2.5,finite
LR,time,-1,refitted,C_b01_r50,C,0.01,2063,88,2,5,86,1970,7,pooled,50.0,2.5,finite
LR,time,-1,refitted,C_b05_r05,C,0.05,2063,88,2,6,86,1969,8,pooled,5.0,3.0,finite
LR,time,-1,refitted,C_b05_r10,C,0.05,2063,88,3,32,85,1943,35,pooled,10.0,10.666666666666666,finite
LR,time,-1,refitted,C_b05_r20,C,0.05,2063,88,3,32,85,1943,35,pooled,20.0,10.666666666666666,finite
LR,time,-1,refitted,C_b05_r50,C,0.05,2063,88,3,32,85,1943,35,pooled,50.0,10.666666666666666,finite
LR,time,-1,refitted,C_b10_r05,C,0.1,2063,88,2,6,86,1969,8,pooled,5.0,3.0,finite
LR,time,-1,refitted,C_b10_r10,C,0.1,2063,88,3,32,85,1943,35,pooled,10.0,10.666666666666666,finite
LR,time,-1,refitted,C_b10_r20,C,0.1,2063,88,3,32,85,1943,35,pooled,20.0,10.666666666666666,finite
LR,time,-1,refitted,C_b10_r50,C,0.1,2063,88,3,32,85,1943,35,pooled,50.0,10.666666666666666,finite
LR,time,-1,refitted,C_b20_r05,C,0.2,2063,88,2,6,86,1969,8,pooled,5.0,3.0,finite
LR,time,-1,refitted,C_b20_r10,C,0.2,2063,88,4,42,84,1933,46,pooled,10.0,10.5,finite
LR,time,-1,refitted,C_b20_r20,C,0.2,2063,88,4,98,84,1877,102,pooled,20.0,24.5,finite
LR,time,-1,refitted,C_b20_r50,C,0.2,2063,88,4,98,84,1877,102,pooled,50.0,24.5,finite
CART,time,-1,fixed,A_b01,A,0.01,2063,88,2,25,86,1950,27,pooled,,12.5,finite
CART,time,-1,fixed,A_b05,A,0.05,2063,88,5,109,83,1866,114,pooled,,21.8,finite
CART,time,-1,fixed,A_b10,A,0.1,2063,88,13,221,75,1754,234,pooled,,17.0,finite
CART,time,-1,fixed,A_b20,A,0.2,2063,88,23,469,65,1506,492,pooled,,20.391304347826086,finite
CART,time,-1,fixed,B_r05,B,,2063,88,22,143,66,1832,165,pooled,5.0,6.5,finite
CART,time,-1,fixed,B_r10,B,,2063,88,38,529,50,1446,567,pooled,10.0,13.921052631578947,finite
CART,time,-1,fixed,B_r20,B,,2063,88,54,793,34,1182,847,pooled,20.0,14.685185185185185,finite
CART,time,-1,fixed,B_r50,B,,2063,88,62,1103,26,872,1165,pooled,50.0,17.79032258064516,finite
CART,time,-1,fixed,C_b01_r05,C,0.01,2063,88,0,0,88,1975,0,pooled,5.0,,no_alarm_equivalent
CART,time,-1,fixed,C_b01_r10,C,0.01,2063,88,0,0,88,1975,0,pooled,10.0,,no_alarm_equivalent
CART,time,-1,fixed,C_b01_r20,C,0.01,2063,88,0,0,88,1975,0,pooled,20.0,,no_alarm_equivalent
CART,time,-1,fixed,C_b01_r50,C,0.01,2063,88,0,0,88,1975,0,pooled,50.0,,no_alarm_equivalent
CART,time,-1,fixed,C_b05_r05,C,0.05,2063,88,0,1,88,1974,1,pooled,5.0,,never_improves
CART,time,-1,fixed,C_b05_r10,C,0.05,2063,88,1,29,87,1946,30,pooled,10.0,29.0,finite
CART,time,-1,fixed,C_b05_r20,C,0.05,2063,88,1,29,87,1946,30,pooled,20.0,29.0,finite
CART,time,-1,fixed,C_b05_r50,C,0.05,2063,88,1,29,87,1946,30,pooled,50.0,29.0,finite
CART,time,-1,fixed,C_b10_r05,C,0.1,2063,88,0,1,88,1974,1,pooled,5.0,,never_improves
CART,time,-1,fixed,C_b10_r10,C,0.1,2063,88,4,58,84,1917,62,pooled,10.0,14.5,finite
CART,time,-1,fixed,C_b10_r20,C,0.1,2063,88,4,58,84,1917,62,pooled,20.0,14.5,finite
CART,time,-1,fixed,C_b10_r50,C,0.1,2063,88,8,109,80,1866,117,pooled,50.0,13.625,finite
CART,time,-1,fixed,C_b20_r05,C,0.2,2063,88,2,24,86,1951,26,pooled,5.0,12.0,finite
CART,time,-1,fixed,C_b20_r10,C,0.2,2063,88,4,73,84,1902,77,pooled,10.0,18.25,finite
CART,time,-1,fixed,C_b20_r20,C,0.2,2063,88,8,110,80,1865,118,pooled,20.0,13.75,finite
CART,time,-1,fixed,C_b20_r50,C,0.2,2063,88,12,161,76,1814,173,pooled,50.0,13.416666666666666,finite
CART,time,-1,refitted,A_b01,A,0.01,2063,88,2,25,86,1950,27,pooled,,12.5,finite
CART,time,-1,refitted,A_b05,A,0.05,2063,88,3,75,85,1900,78,pooled,,25.0,finite
CART,time,-1,refitted,A_b10,A,0.1,2063,88,8,143,80,1832,151,pooled,,17.875,finite
CART,time,-1,refitted,A_b20,A,0.2,2063,88,19,376,69,1599,395,pooled,,19.789473684210527,finite
CART,time,-1,refitted,B_r05,B,,2063,88,17,108,71,1867,125,pooled,5.0,6.352941176470588,finite
CART,time,-1,refitted,B_r10,B,,2063,88,39,518,49,1457,557,pooled,10.0,13.282051282051283,finite
CART,time,-1,refitted,B_r20,B,,2063,88,53,752,35,1223,805,pooled,20.0,14.18867924528302,finite
CART,time,-1,refitted,B_r50,B,,2063,88,63,1092,25,883,1155,pooled,50.0,17.333333333333332,finite
CART,time,-1,refitted,C_b01_r05,C,0.01,2063,88,0,0,88,1975,0,pooled,5.0,,no_alarm_equivalent
CART,time,-1,refitted,C_b01_r10,C,0.01,2063,88,0,0,88,1975,0,pooled,10.0,,no_alarm_equivalent
CART,time,-1,refitted,C_b01_r20,C,0.01,2063,88,0,0,88,1975,0,pooled,20.0,,no_alarm_equivalent
CART,time,-1,refitted,C_b01_r50,C,0.01,2063,88,0,0,88,1975,0,pooled,50.0,,no_alarm_equivalent
CART,time,-1,refitted,C_b05_r05,C,0.05,2063,88,0,1,88,1974,1,pooled,5.0,,never_improves
CART,time,-1,refitted,C_b05_r10,C,0.05,2063,88,3,31,85,1944,34,pooled,10.0,10.333333333333334,finite
CART,time,-1,refitted,C_b05_r20,C,0.05,2063,88,3,31,85,1944,34,pooled,20.0,10.333333333333334,finite
CART,time,-1,refitted,C_b05_r50,C,0.05,2063,88,3,31,85,1944,34,pooled,50.0,10.333333333333334,finite
CART,time,-1,refitted,C_b10_r05,C,0.1,2063,88,0,1,88,1974,1,pooled,5.0,,never_improves
CART,time,-1,refitted,C_b10_r10,C,0.1,2063,88,3,39,85,1936,42,pooled,10.0,13.0,finite
CART,time,-1,refitted,C_b10_r20,C,0.1,2063,88,3,39,85,1936,42,pooled,20.0,13.0,finite
CART,time,-1,refitted,C_b10_r50,C,0.1,2063,88,5,68,83,1907,73,pooled,50.0,13.6,finite
CART,time,-1,refitted,C_b20_r05,C,0.2,2063,88,0,4,88,1971,4,pooled,5.0,,never_improves
CART,time,-1,refitted,C_b20_r10,C,0.2,2063,88,3,42,85,1933,45,pooled,10.0,14.0,finite
CART,time,-1,refitted,C_b20_r20,C,0.2,2063,88,6,75,82,1900,81,pooled,20.0,12.5,finite
CART,time,-1,refitted,C_b20_r50,C,0.2,2063,88,8,104,80,1871,112,pooled,50.0,13.0,finite
