model,workflow,rule,mechanism,budget,cost,scheme,fold,threshold,n,positives,tp,fp,fn,tn,alerts,loss,loss100,loss_delta_no_alarm100,recall,precision,alert_rate,fnr,fpr,slots,excess
XGBoost,fixed,none,none,,5,time,-1,,2063,88,0,0,88,1975,0,440,21.328162869607368,0.0,0.0,0.0,0.0,1.0,0.0,,
XGBoost,fixed,none,none,,10,time,-1,,2063,88,0,0,88,1975,0,880,42.656325739214736,0.0,0.0,0.0,0.0,1.0,0.0,,
XGBoost,fixed,none,none,,20,time,-1,,2063,88,0,0,88,1975,0,1760,85.31265147842947,0.0,0.0,0.0,0.0,1.0,0.0,,
XGBoost,fixed,none,none,,50,time,-1,,2063,88,0,0,88,1975,0,4400,213.28162869607368,0.0,0.0,0.0,0.0,1.0,0.0,,
XGBoost,fixed,A_b01,A,0.01,5,time,-1,,2063,88,0,59,88,1916,59,499,24.18807561803199,2.8599127484246245,0.0,0.0,0.028599127484246242,1.0,0.029873417721518986,20.0,39.0
XGBoost,fixed,A_b01,A,0.01,10,time,-1,,2063,88,0,59,88,1916,59,939,45.51623848763936,2.8599127484246245,0.0,0.0,0.028599127484246242,1.0,0.029873417721518986,20.0,39.0
XGBoost,fixed,A_b01,A,0.01,20,time,-1,,2063,88,0,59,88,1916,59,1819,88.17256422685409,2.8599127484246245,0.0,0.0,0.028599127484246242,1.0,0.029873417721518986,20.0,39.0
XGBoost,fixed,A_b01,A,0.01,50,time,-1,,2063,88,0,59,88,1916,59,4459,216.1415414444983,2.8599127484246245,0.0,0.0,0.028599127484246242,1.0,0.029873417721518986,20.0,39.0
XGBoost,fixed,A_b05,A,0.05,5,time,-1,,2063,88,9,157,79,1818,166,552,26.75714978187106,5.428986912263694,0.10227272727272728,0.05421686746987952,0.08046534173533688,0.8977272727272727,0.07949367088607595,100.0,81.0
XGBoost,fixed,A_b05,A,0.05,10,time,-1,,2063,88,9,157,79,1818,166,947,45.904023267086764,3.247697527872031,0.10227272727272728,0.05421686746987952,0.08046534173533688,0.8977272727272727,0.07949367088607595,100.0,81.0
XGBoost,fixed,A_b05,A,0.05,20,time,-1,,2063,88,9,157,79,1818,166,1737,84.19777023751817,-1.1148812409112943,0.10227272727272728,0.05421686746987952,0.08046534173533688,0.8977272727272727,0.07949367088607595,100.0,81.0
XGBoost,fixed,A_b05,A,0.05,50,time,-1,,2063,88,9,157,79,1818,166,4107,199.0790111488124,-14.20261754726127,0.10227272727272728,0.05421686746987952,0.08046534173533688,0.8977272727272727,0.07949367088607595,100.0,81.0
XGBoost,fixed,A_b10,A,0.1,5,time,-1,,2063,88,14,234,74,1741,248,604,29.277750848279204,7.949587978671837,0.1590909090909091,0.056451612903225805,0.12021328162869607,0.8409090909090909,0.11848101265822784,204.0,84.0
XGBoost,fixed,A_b10,A,0.1,10,time,-1,,2063,88,14,234,74,1741,248,974,47.212796897721766,4.556471158507029,0.1590909090909091,0.056451612903225805,0.12021328162869607,0.8409090909090909,0.11848101265822784,204.0,84.0
XGBoost,fixed,A_b10,A,0.1,20,time,-1,,2063,88,14,234,74,1741,248,1714,83.08288899660688,-2.2297624818225885,0.1590909090909091,0.056451612903225805,0.12021328162869607,0.8409090909090909,0.11848101265822784,204.0,84.0
XGBoost,fixed,A_b10,A,0.1,50,time,-1,,2063,88,14,234,74,1741,248,3934,190.69316529326224,-22.58846340281144,0.1590909090909091,0.056451612903225805,0.12021328162869607,0.8409090909090909,0.11848101265822784,204.0,84.0
XGBoost,fixed,A_b20,A,0.2,5,time,-1,,2063,88,25,532,63,1443,557,847,41.05671352399418,19.728550654386815,0.2840909090909091,0.04488330341113106,0.2699951526902569,0.7159090909090909,0.26936708860759495,412.0,227.0
XGBoost,fixed,A_b20,A,0.2,10,time,-1,,2063,88,25,532,63,1443,557,1162,56.32573921473582,13.669413475521086,0.2840909090909091,0.04488330341113106,0.2699951526902569,0.7159090909090909,0.26936708860759495,412.0,227.0
XGBoost,fixed,A_b20,A,0.2,20,time,-1,,2063,88,25,532,63,1443,557,1792,86.8637905962191,1.5511391177896268,0.2840909090909091,0.04488330341113106,0.2699951526902569,0.7159090909090909,0.26936708860759495,412.0,227.0
XGBoost,fixed,A_b20,A,0.2,50,time,-1,,2063,88,25,532,63,1443,557,3682,178.47794474066893,-34.80368395540475,0.2840909090909091,0.04488330341113106,0.2699951526902569,0.7159090909090909,0.26936708860759495,412.0,227.0
XGBoost,fixed,B_r05,B,,5,time,-1,,2063,88,9,73,79,1902,82,468,22.685409597673292,1.3572467280659235,0.10227272727272728,0.10975609756097561,0.03974793989335919,0.8977272727272727,0.0369620253164557,,
XGBoost,fixed,B_r10,B,,10,time,-1,,2063,88,35,379,53,1596,414,909,44.06204556471158,1.4057198254968493,0.3977272727272727,0.08454106280193237,0.20067862336403297,0.6022727272727273,0.1918987341772152,,
XGBoost,fixed,B_r20,B,,20,time,-1,,2063,88,46,671,42,1304,717,1511,73.24285021812894,-12.069801260300533,0.5227272727272727,0.06415620641562064,0.34755210857973823,0.4772727272727273,0.33974683544303796,,
XGBoost,fixed,B_r50,B,,50,time,-1,,2063,88,64,1025,24,950,1089,2225,107.85264178380999,-105.4289869122637,0.7272727272727273,0.05876951331496786,0.5278720310227824,0.2727272727272727,0.5189873417721519,,
XGBoost,fixed,C_b01_r05,C,0.01,5,time,-1,,2063,88,0,0,88,1975,0,440,21.328162869607368,0.0,0.0,0.0,0.0,1.0,0.0,20.0,0.0
XGBoost,fixed,C_b01_r10,C,0.01,10,time,-1,,2063,88,0,0,88,1975,0,880,42.656325739214736,0.0,0.0,0.0,0.0,1.0,0.0,20.0,0.0
XGBoost,fixed,C_b01_r20,C,0.01,20,time,-1,,2063,88,0,0,88,1975,0,1760,85.31265147842947,0.0,0.0,0.0,0.0,1.0,0.0,20.0,0.0
XGBoost,fixed,C_b01_r50,C,0.01,50,time,-1,,2063,88,0,0,88,1975,0,4400,213.28162869607368,0.0,0.0,0.0,0.0,1.0,0.0,20.0,0.0
XGBoost,fixed,C_b05_r05,C,0.05,5,time,-1,,2063,88,1,24,87,1951,25,459,22.24915172079496,0.9209888511875909,0.011363636363636364,0.04,0.012118274357731459,0.9886363636363636,0.012151898734177215,100.0,0.0
XGBoost,fixed,C_b05_r10,C,0.05,10,time,-1,,2063,88,1,24,87,1951,25,894,43.334949103247695,0.6786233640329618,0.011363636363636364,0.04,0.012118274357731459,0.9886363636363636,0.012151898734177215,100.0,0.0
XGBoost,fixed,C_b05_r20,C,0.05,20,time,-1,,2063,88,1,24,87,1951,25,1764,85.50654386815317,0.19389238972370335,0.011363636363636364,0.04,0.012118274357731459,0.9886363636363636,0.012151898734177215,100.0,0.0
XGBoost,fixed,C_b05_r50,C,0.05,50,time,-1,,2063,88,1,24,87,1951,25,4374,212.0213281628696,-1.2603005332040718,0.011363636363636364,0.04,0.012118274357731459,0.9886363636363636,0.012151898734177215,100.0,0.0
XGBoost,fixed,C_b10_r05,C,0.1,5,time,-1,,2063,88,1,24,87,1951,25,459,22.24915172079496,0.9209888511875909,0.011363636363636364,0.04,0.012118274357731459,0.9886363636363636,0.012151898734177215,204.0,0.0
XGBoost,fixed,C_b10_r10,C,0.1,10,time,-1,,2063,88,1,27,87,1948,28,897,43.480368395540474,0.8240426563257393,0.011363636363636364,0.03571428571428571,0.013572467280659235,0.9886363636363636,0.013670886075949367,204.0,0.0
XGBoost,fixed,C_b10_r20,C,0.1,20,time,-1,,2063,88,4,60,84,1915,64,1740,84.34318952981096,-0.9694619486185168,0.045454545454545456,0.0625,0.031022782355792537,0.9545454545454546,0.030379746835443037,204.0,2.0
XGBoost,fixed,C_b10_r50,C,0.1,50,time,-1,,2063,88,4,60,84,1915,64,4260,206.49539505574407,-6.786233640329617,0.045454545454545456,0.0625,0.031022782355792537,0.9545454545454546,0.030379746835443037,204.0,2.0
XGBoost,fixed,C_b20_r05,C,0.2,5,time,-1,,2063,88,2,32,86,1943,34,462,22.394571013087738,1.0664081434803685,0.022727272727272728,0.058823529411764705,0.016480853126514785,0.9772727272727273,0.01620253164556962,412.0,0.0
XGBoost,fixed,C_b20_r10,C,0.2,10,time,-1,,2063,88,2,32,86,1943,34,892,43.238002908385845,0.58167716917111,0.022727272727272728,0.058823529411764705,0.016480853126514785,0.9772727272727273,0.01620253164556962,412.0,0.0
XGBoost,fixed,C_b20_r20,C,0.2,20,time,-1,,2063,88,5,65,83,1910,70,1725,83.61609306834707,-1.6965584100824043,0.056818181818181816,0.07142857142857142,0.033931168201648085,0.9431818181818182,0.03291139240506329,412.0,0.0
XGBoost,fixed,C_b20_r50,C,0.2,50,time,-1,,2063,88,6,104,82,1871,110,4204,203.7809015996122,-9.500727096461464,0.06818181818181818,0.05454545454545454,0.05332040717401842,0.9318181818181818,0.052658227848101265,412.0,0.0
XGBoost,fixed,TopK_b01,TopK,0.01,5,time,-1,,2063,88,0,20,88,1955,20,460,22.297624818225884,0.9694619486185168,0.0,0.0,0.009694619486185167,1.0,0.010126582278481013,20.0,0.0
XGBoost,fixed,TopK_b01,TopK,0.01,10,time,-1,,2063,88,0,20,88,1955,20,900,43.62578768783325,0.9694619486185168,0.0,0.0,0.009694619486185167,1.0,0.010126582278481013,20.0,0.0
XGBoost,fixed,TopK_b01,TopK,0.01,20,time,-1,,2063,88,0,20,88,1955,20,1780,86.28211342704799,0.9694619486185168,0.0,0.0,0.009694619486185167,1.0,0.010126582278481013,20.0,0.0
XGBoost,fixed,TopK_b01,TopK,0.01,50,time,-1,,2063,88,0,20,88,1955,20,4420,214.2510906446922,0.9694619486185168,0.0,0.0,0.009694619486185167,1.0,0.010126582278481013,20.0,0.0
XGBoost,fixed,TopK_b05,TopK,0.05,5,time,-1,,2063,88,7,93,81,1882,100,498,24.139602520601066,2.8114396509936985,0.07954545454545454,0.07,0.048473097430925836,0.9204545454545454,0.04708860759493671,100.0,0.0
XGBoost,fixed,TopK_b05,TopK,0.05,10,time,-1,,2063,88,7,93,81,1882,100,903,43.77120698012603,1.1148812409112943,0.07954545454545454,0.07,0.048473097430925836,0.9204545454545454,0.04708860759493671,100.0,0.0
XGBoost,fixed,TopK_b05,TopK,0.05,20,time,-1,,2063,88,7,93,81,1882,100,1713,83.03441589917595,-2.2782355792535145,0.07954545454545454,0.07,0.048473097430925836,0.9204545454545454,0.04708860759493671,100.0,0.0
XGBoost,fixed,TopK_b05,TopK,0.05,50,time,-1,,2063,88,7,93,81,1882,100,4143,200.82404265632573,-12.45758603974794,0.07954545454545454,0.07,0.048473097430925836,0.9204545454545454,0.04708860759493671,100.0,0.0
XGBoost,fixed,TopK_b10,TopK,0.1,5,time,-1,,2063,88,14,190,74,1785,204,560,27.14493456131847,5.8167716917111,0.1590909090909091,0.06862745098039216,0.0988851187590887,0.8409090909090909,0.09620253164556962,204.0,0.0
XGBoost,fixed,TopK_b10,TopK,0.1,10,time,-1,,2063,88,14,190,74,1785,204,930,45.07998061076103,2.423654871546292,0.1590909090909091,0.06862745098039216,0.0988851187590887,0.8409090909090909,0.09620253164556962,204.0,0.0
XGBoost,fixed,TopK_b10,TopK,0.1,20,time,-1,,2063,88,14,190,74,1785,204,1670,80.95007270964615,-4.362578768783325,0.1590909090909091,0.06862745098039216,0.0988851187590887,0.8409090909090909,0.09620253164556962,204.0,0.0
XGBoost,fixed,TopK_b10,TopK,0.1,50,time,-1,,2063,88,14,190,74,1785,204,3890,188.5603490063015,-24.721279689772178,0.1590909090909091,0.06862745098039216,0.0988851187590887,0.8409090909090909,0.09620253164556962,204.0,0.0
XGBoost,fixed,TopK_b20,TopK,0.2,5,time,-1,,2063,88,31,380,57,1595,411,665,32.23460979156568,10.906446921958313,0.3522727272727273,0.07542579075425791,0.1992244304411052,0.6477272727272727,0.19240506329113924,412.0,0.0
XGBoost,fixed,TopK_b20,TopK,0.2,10,time,-1,,2063,88,31,380,57,1595,411,950,46.04944255937954,3.3931168201648085,0.3522727272727273,0.07542579075425791,0.1992244304411052,0.6477272727272727,0.19240506329113924,412.0,0.0
XGBoost,fixed,TopK_b20,TopK,0.2,20,time,-1,,2063,88,31,380,57,1595,411,1520,73.67910809500727,-11.6335433834222,0.3522727272727273,0.07542579075425791,0.1992244304411052,0.6477272727272727,0.19240506329113924,412.0,0.0
XGBoost,fixed,TopK_b20,TopK,0.2,50,time,-1,,2063,88,31,380,57,1595,411,3230,156.56810470189046,-56.71352399418323,0.3522727272727273,0.07542579075425791,0.1992244304411052,0.6477272727272727,0.19240506329113924,412.0,0.0
XGBoost,refitted,none,none,,5,time,-1,,2063,88,0,0,88,1975,0,440,21.328162869607368,0.0,0.0,0.0,0.0,1.0,0.0,,
XGBoost,refitted,none,none,,10,time,-1,,2063,88,0,0,88,1975,0,880,42.656325739214736,0.0,0.0,0.0,0.0,1.0,0.0,,
XGBoost,refitted,none,none,,20,time,-1,,2063,88,0,0,88,1975,0,1760,85.31265147842947,0.0,0.0,0.0,0.0,1.0,0.0,,
XGBoost,refitted,none,none,,50,time,-1,,2063,88,0,0,88,1975,0,4400,213.28162869607368,0.0,0.0,0.0,0.0,1.0,0.0,,
XGBoost,refitted,A_b01,A,0.01,5,time,-1,,2063,88,0,44,88,1931,44,484,23.460979156568104,2.132816286960737,0.0,0.0,0.021328162869607366,1.0,0.022278481012658228,20.0,27.0
XGBoost,refitted,A_b01,A,0.01,10,time,-1,,2063,88,0,44,88,1931,44,924,44.789142026175476,2.132816286960737,0.0,0.0,0.021328162869607366,1.0,0.022278481012658228,20.0,27.0
XGBoost,refitted,A_b01,A,0.01,20,time,-1,,2063,88,0,44,88,1931,44,1804,87.4454677653902,2.132816286960737,0.0,0.0,0.021328162869607366,1.0,0.022278481012658228,20.0,27.0
XGBoost,refitted,A_b01,A,0.01,50,time,-1,,2063,88,0,44,88,1931,44,4444,215.41444498303443,2.132816286960737,0.0,0.0,0.021328162869607366,1.0,0.022278481012658228,20.0,27.0
XGBoost,refitted,A_b05,A,0.05,5,time,-1,,2063,88,7,130,81,1845,137,535,25.933107125545323,4.604944255937954,0.07954545454545454,0.051094890510948905,0.0664081434803684,0.9204545454545454,0.06582278481012659,100.0,57.0
XGBoost,refitted,A_b05,A,0.05,10,time,-1,,2063,88,7,130,81,1845,137,940,45.564711585070285,2.90838584585555,0.07954545454545454,0.051094890510948905,0.0664081434803684,0.9204545454545454,0.06582278481012659,100.0,57.0
XGBoost,refitted,A_b05,A,0.05,20,time,-1,,2063,88,7,130,81,1845,137,1750,84.82792050412021,-0.4847309743092584,0.07954545454545454,0.051094890510948905,0.0664081434803684,0.9204545454545454,0.06582278481012659,100.0,57.0
XGBoost,refitted,A_b05,A,0.05,50,time,-1,,2063,88,7,130,81,1845,137,4180,202.61754726127,-10.664081434803684,0.07954545454545454,0.051094890510948905,0.0664081434803684,0.9204545454545454,0.06582278481012659,100.0,57.0
XGBoost,refitted,A_b10,A,0.1,5,time,-1,,2063,88,12,181,76,1794,193,561,27.193407658749393,5.865244789142026,0.13636363636363635,0.06217616580310881,0.09355307804168686,0.8636363636363636,0.09164556962025316,204.0,38.0
XGBoost,refitted,A_b10,A,0.1,10,time,-1,,2063,88,12,181,76,1794,193,941,45.61318468250121,2.956858943286476,0.13636363636363635,0.06217616580310881,0.09355307804168686,0.8636363636363636,0.09164556962025316,204.0,38.0
XGBoost,refitted,A_b10,A,0.1,20,time,-1,,2063,88,12,181,76,1794,193,1701,82.45273873000485,-2.8599127484246245,0.13636363636363635,0.06217616580310881,0.09355307804168686,0.8636363636363636,0.09164556962025316,204.0,38.0
XGBoost,refitted,A_b10,A,0.1,50,time,-1,,2063,88,12,181,76,1794,193,3981,192.97140087251574,-20.310227823557927,0.13636363636363635,0.06217616580310881,0.09355307804168686,0.8636363636363636,0.09164556962025316,204.0,38.0
XGBoost,refitted,A_b20,A,0.2,5,time,-1,,2063,88,27,525,61,1450,552,830,40.232670867668446,18.904507998061074,0.3068181818181818,0.04891304347826087,0.2675714978187106,0.6931818181818182,0.26582278481012656,412.0,236.0
XGBoost,refitted,A_b20,A,0.2,10,time,-1,,2063,88,27,525,61,1450,552,1135,55.016965584100824,12.360639844886089,0.3068181818181818,0.04891304347826087,0.2675714978187106,0.6931818181818182,0.26582278481012656,412.0,236.0
XGBoost,refitted,A_b20,A,0.2,20,time,-1,,2063,88,27,525,61,1450,552,1745,84.58555501696559,-0.7270964614638875,0.3068181818181818,0.04891304347826087,0.2675714978187106,0.6931818181818182,0.26582278481012656,412.0,236.0
XGBoost,refitted,A_b20,A,0.2,50,time,-1,,2063,88,27,525,61,1450,552,3575,173.29132331555985,-39.99030538051382,0.3068181818181818,0.04891304347826087,0.2675714978187106,0.6931818181818182,0.26582278481012656,412.0,236.0
XGBoost,refitted,B_r05,B,,5,time,-1,,2063,88,6,53,82,1922,59,463,22.443044110518663,1.1148812409112943,0.06818181818181818,0.1016949152542373,0.028599127484246242,0.9318181818181818,0.026835443037974683,,
XGBoost,refitted,B_r10,B,,10,time,-1,,2063,88,37,498,51,1477,535,1008,48.86088221037324,6.204556471158507,0.42045454545454547,0.0691588785046729,0.25933107125545324,0.5795454545454546,0.2521518987341772,,
XGBoost,refitted,B_r20,B,,20,time,-1,,2063,88,51,851,37,1124,902,1591,77.120698012603,-8.191953465826467,0.5795454545454546,0.0565410199556541,0.43722733882695103,0.42045454545454547,0.43088607594936706,,
XGBoost,refitted,B_r50,B,,50,time,-1,,2063,88,69,1194,19,781,1263,2144,103.926320891905,-109.35530780416869,0.7840909090909091,0.05463182897862233,0.6122152205525934,0.2159090909090909,0.6045569620253165,,
XGBoost,refitted,C_b01_r05,C,0.01,5,time,-1,,2063,88,0,0,88,1975,0,440,21.328162869607368,0.0,0.0,0.0,0.0,1.0,0.0,20.0,0.0
XGBoost,refitted,C_b01_r10,C,0.01,10,time,-1,,2063,88,0,0,88,1975,0,880,42.656325739214736,0.0,0.0,0.0,0.0,1.0,0.0,20.0,0.0
XGBoost,refitted,C_b01_r20,C,0.01,20,time,-1,,2063,88,0,0,88,1975,0,1760,85.31265147842947,0.0,0.0,0.0,0.0,1.0,0.0,20.0,0.0
XGBoost,refitted,C_b01_r50,C,0.01,50,time,-1,,2063,88,0,0,88,1975,0,4400,213.28162869607368,0.0,0.0,0.0,0.0,1.0,0.0,20.0,0.0
XGBoost,refitted,C_b05_r05,C,0.05,5,time,-1,,2063,88,1,22,87,1953,23,457,22.152205525933105,0.8240426563257393,0.011363636363636364,0.043478260869565216,0.011148812409112942,0.9886363636363636,0.011139240506329114,100.0,0.0
XGBoost,refitted,C_b05_r10,C,0.05,10,time,-1,,2063,88,1,22,87,1953,23,892,43.238002908385845,0.58167716917111,0.011363636363636364,0.043478260869565216,0.011148812409112942,0.9886363636363636,0.011139240506329114,100.0,0.0
XGBoost,refitted,C_b05_r20,C,0.05,20,time,-1,,2063,88,1,22,87,1953,23,1762,85.40959767329133,0.09694619486185167,0.011363636363636364,0.043478260869565216,0.011148812409112942,0.9886363636363636,0.011139240506329114,100.0,0.0
XGBoost,refitted,C_b05_r50,C,0.05,50,time,-1,,2063,88,1,22,87,1953,23,4372,211.92438196800776,-1.3572467280659235,0.011363636363636364,0.043478260869565216,0.011148812409112942,0.9886363636363636,0.011139240506329114,100.0,0.0
XGBoost,refitted,C_b10_r05,C,0.1,5,time,-1,,2063,88,1,22,87,1953,23,457,22.152205525933105,0.8240426563257393,0.011363636363636364,0.043478260869565216,0.011148812409112942,0.9886363636363636,0.011139240506329114,204.0,0.0
XGBoost,refitted,C_b10_r10,C,0.1,10,time,-1,,2063,88,1,23,87,1952,24,893,43.28647600581677,0.6301502666020359,0.011363636363636364,0.041666666666666664,0.0116335433834222,0.9886363636363636,0.011645569620253165,204.0,0.0
XGBoost,refitted,C_b10_r20,C,0.1,20,time,-1,,2063,88,4,49,84,1926,53,1729,83.80998545807077,-1.502666020358701,0.045454545454545456,0.07547169811320754,0.025690741638390694,0.9545454545454546,0.02481012658227848,204.0,0.0
XGBoost,refitted,C_b10_r50,C,0.1,50,time,-1,,2063,88,4,49,84,1926,53,4249,205.96219098400388,-7.319437712069801,0.045454545454545456,0.07547169811320754,0.025690741638390694,0.9545454545454546,0.02481012658227848,204.0,0.0
XGBoost,refitted,C_b20_r05,C,0.2,5,time,-1,,2063,88,1,24,87,1951,25,459,22.24915172079496,0.9209888511875909,0.011363636363636364,0.04,0.012118274357731459,0.9886363636363636,0.012151898734177215,412.0,0.0
XGBoost,refitted,C_b20_r10,C,0.2,10,time,-1,,2063,88,1,24,87,1951,25,894,43.334949103247695,0.6786233640329618,0.011363636363636364,0.04,0.012118274357731459,0.9886363636363636,0.012151898734177215,412.0,0.0
XGBoost,refitted,C_b20_r20,C,0.2,20,time,-1,,2063,88,4,50,84,1925,54,1730,83.8584585555017,-1.454192922927775,0.045454545454545456,0.07407407407407407,0.02617547261269995,0.9545454545454546,0.02531645569620253,412.0,0.0
XGBoost,refitted,C_b20_r50,C,0.2,50,time,-1,,2063,88,6,87,82,1888,93,4187,202.95685894328648,-10.324769752787203,0.06818181818181818,0.06451612903225806,0.04507998061076103,0.9318181818181818,0.044050632911392405,412.0,0.0
XGBoost,refitted,TopK_b01,TopK,0.01,5,time,-1,,2063,88,0,20,88,1955,20,460,22.297624818225884,0.9694619486185168,0.0,0.0,0.009694619486185167,1.0,0.010126582278481013,20.0,0.0
XGBoost,refitted,TopK_b01,TopK,0.01,10,time,-1,,2063,88,0,20,88,1955,20,900,43.62578768783325,0.9694619486185168,0.0,0.0,0.009694619486185167,1.0,0.010126582278481013,20.0,0.0
XGBoost,refitted,TopK_b01,TopK,0.01,20,time,-1,,2063,88,0,20,88,1955,20,1780,86.28211342704799,0.9694619486185168,0.0,0.0,0.009694619486185167,1.0,0.010126582278481013,20.0,0.0
XGBoost,refitted,TopK_b01,TopK,0.01,50,time,-1,,2063,88,0,20,88,1955,20,4420,214.2510906446922,0.9694619486185168,0.0,0.0,0.009694619486185167,1.0,0.010126582278481013,20.0,0.0
XGBoost,refitted,TopK_b05,TopK,0.05,5,time,-1,,2063,88,7,91,81,1884,98,496,24.042656325739216,2.714493456131847,0.07954545454545454,0.07142857142857142,0.04750363548230732,0.9204545454545454,0.04607594936708861,100.0,0.0
XGBoost,refitted,TopK_b05,TopK,0.05,10,time,-1,,2063,88,7,91,81,1884,98,901,43.67426078526418,1.0179350460494425,0.07954545454545454,0.07142857142857142,0.04750363548230732,0.9204545454545454,0.04607594936708861,100.0,0.0
XGBoost,refitted,TopK_b05,TopK,0.05,20,time,-1,,2063,88,7,91,81,1884,98,1711,82.93746970431411,-2.375181774115366,0.07954545454545454,0.07142857142857142,0.04750363548230732,0.9204545454545454,0.04607594936708861,100.0,0.0
XGBoost,refitted,TopK_b05,TopK,0.05,50,time,-1,,2063,88,7,91,81,1884,98,4141,200.7270964614639,-12.554532234609791,0.07954545454545454,0.07142857142857142,0.04750363548230732,0.9204545454545454,0.04607594936708861,100.0,0.0
XGBoost,refitted,TopK_b10,TopK,0.1,5,time,-1,,2063,88,14,190,74,1785,204,560,27.14493456131847,5.8167716917111,0.1590909090909091,0.06862745098039216,0.0988851187590887,0.8409090909090909,0.09620253164556962,204.0,0.0
XGBoost,refitted,TopK_b10,TopK,0.1,10,time,-1,,2063,88,14,190,74,1785,204,930,45.07998061076103,2.423654871546292,0.1590909090909091,0.06862745098039216,0.0988851187590887,0.8409090909090909,0.09620253164556962,204.0,0.0
XGBoost,refitted,TopK_b10,TopK,0.1,20,time,-1,,2063,88,14,190,74,1785,204,1670,80.95007270964615,-4.362578768783325,0.1590909090909091,0.06862745098039216,0.0988851187590887,0.8409090909090909,0.09620253164556962,204.0,0.0
XGBoost,refitted,TopK_b10,TopK,0.1,50,time,-1,,2063,88,14,190,74,1785,204,3890,188.5603490063015,-24.721279689772178,0.1590909090909091,0.06862745098039216,0.0988851187590887,0.8409090909090909,0.09620253164556962,204.0,0.0
XGBoost,refitted,TopK_b20,TopK,0.2,5,time,-1,,2063,88,33,378,55,1597,411,653,31.65293262239457,10.324769752787203,0.375,0.08029197080291971,0.1992244304411052,0.625,0.19139240506329114,412.0,0.0
XGBoost,refitted,TopK_b20,TopK,0.2,10,time,-1,,2063,88,33,378,55,1597,411,928,44.983034415899176,2.32670867668444,0.375,0.08029197080291971,0.1992244304411052,0.625,0.19139240506329114,412.0,0.0
XGBoost,refitted,TopK_b20,TopK,0.2,20,time,-1,,2063,88,33,378,55,1597,411,1478,71.64323800290839,-13.669413475521086,0.375,0.08029197080291971,0.1992244304411052,0.625,0.19139240506329114,412.0,0.0
XGBoost,refitted,TopK_b20,TopK,0.2,50,time,-1,,2063,88,33,378,55,1597,411,3128,151.62384876393602,-61.657779932137665,0.375,0.08029197080291971,0.1992244304411052,0.625,0.19139240506329114,412.0,0.0
LR,fixed,none,none,,5,time,-1,,2063,88,0,0,88,1975,0,440,21.328162869607368,0.0,0.0,0.0,0.0,1.0,0.0,,
LR,fixed,none,none,,10,time,-1,,2063,88,0,0,88,1975,0,880,42.656325739214736,0.0,0.0,0.0,0.0,1.0,0.0,,
LR,fixed,none,none,,20,time,-1,,2063,88,0,0,88,1975,0,1760,85.31265147842947,0.0,0.0,0.0,0.0,1.0,0.0,,
LR,fixed,none,none,,50,time,-1,,2063,88,0,0,88,1975,0,4400,213.28162869607368,0.0,0.0,0.0,0.0,1.0,0.0,,
LR,fixed,A_b01,A,0.01,5,time,-1,,2063,88,2,40,86,1935,42,470,22.782355792535142,1.454192922927775,0.022727272727272728,0.047619047619047616,0.02035870092098885,0.9772727272727273,0.020253164556962026,20.0,25.0
LR,fixed,A_b01,A,0.01,10,time,-1,,2063,88,2,40,86,1935,42,900,43.62578768783325,0.9694619486185168,0.022727272727272728,0.047619047619047616,0.02035870092098885,0.9772727272727273,0.020253164556962026,20.0,25.0
LR,fixed,A_b01,A,0.01,20,time,-1,,2063,88,2,40,86,1935,42,1760,85.31265147842947,0.0,0.022727272727272728,0.047619047619047616,0.02035870092098885,0.9772727272727273,0.020253164556962026,20.0,25.0
LR,fixed,A_b01,A,0.01,50,time,-1,,2063,88,2,40,86,1935,42,4340,210.37324285021813,-2.90838584585555,0.022727272727272728,0.047619047619047616,0.02035870092098885,0.9772727272727273,0.020253164556962026,20.0,25.0
LR,fixed,A_b05,A,0.05,5,time,-1,,2063,88,9,194,79,1781,203,589,28.550654386815317,7.22249151720795,0.10227272727272728,0.04433497536945813,0.09840038778477944,0.8977272727272727,0.09822784810126582,100.0,121.0
LR,fixed,A_b05,A,0.05,10,time,-1,,2063,88,9,194,79,1781,203,984,47.697527872031024,5.041202132816287,0.10227272727272728,0.04433497536945813,0.09840038778477944,0.8977272727272727,0.09822784810126582,100.0,121.0
LR,fixed,A_b05,A,0.05,20,time,-1,,2063,88,9,194,79,1781,203,1774,85.99127484246243,0.6786233640329618,0.10227272727272728,0.04433497536945813,0.09840038778477944,0.8977272727272727,0.09822784810126582,100.0,121.0
LR,fixed,A_b05,A,0.05,50,time,-1,,2063,88,9,194,79,1781,203,4144,200.87251575375666,-12.409112942317014,0.10227272727272728,0.04433497536945813,0.09840038778477944,0.8977272727272727,0.09822784810126582,100.0,121.0
LR,fixed,A_b10,A,0.1,5,time,-1,,2063,88,15,315,73,1660,330,680,32.96170625302957,11.6335433834222,0.17045454545454544,0.045454545454545456,0.15996122152205525,0.8295454545454546,0.15949367088607594,204.0,166.0
LR,fixed,A_b10,A,0.1,10,time,-1,,2063,88,15,315,73,1660,330,1045,50.6543868153175,7.998061076102763,0.17045454545454544,0.045454545454545456,0.15996122152205525,0.8295454545454546,0.15949367088607594,204.0,166.0
LR,fixed,A_b10,A,0.1,20,time,-1,,2063,88,15,315,73,1660,330,1775,86.03974793989336,0.7270964614638875,0.17045454545454544,0.045454545454545456,0.15996122152205525,0.8295454545454546,0.15949367088607594,204.0,166.0
LR,fixed,A_b10,A,0.1,50,time,-1,,2063,88,15,315,73,1660,330,3965,192.19583131362094,-21.08579738245274,0.17045454545454544,0.045454545454545456,0.15996122152205525,0.8295454545454546,0.15949367088607594,204.0,166.0
LR,fixed,A_b20,A,0.2,5,time,-1,,2063,88,25,595,63,1380,620,910,44.11051866214251,22.782355792535142,0.2840909090909091,0.04032258064516129,0.30053320407174017,0.7159090909090909,0.3012658227848101,412.0,281.0
LR,fixed,A_b20,A,0.2,10,time,-1,,2063,88,25,595,63,1380,620,1225,59.379544352884146,16.723218613669413,0.2840909090909091,0.04032258064516129,0.30053320407174017,0.7159090909090909,0.3012658227848101,412.0,281.0
LR,fixed,A_b20,A,0.2,20,time,-1,,2063,88,25,595,63,1380,620,1855,89.91759573436742,4.604944255937954,0.2840909090909091,0.04032258064516129,0.30053320407174017,0.7159090909090909,0.3012658227848101,412.0,281.0
LR,fixed,A_b20,A,0.2,50,time,-1,,2063,88,25,595,63,1380,620,3745,181.53174987881727,-31.749878817256423,0.2840909090909091,0.04032258064516129,0.30053320407174017,0.7159090909090909,0.3012658227848101,412.0,281.0
LR,fixed,B_r05,B,,5,time,-1,,2063,88,26,171,62,1804,197,481,23.315559864275325,1.9873969946679593,0.29545454545454547,0.1319796954314721,0.0954920019389239,0.7045454545454546,0.08658227848101266,,
LR,fixed,B_r10,B,,10,time,-1,,2063,88,37,489,51,1486,526,999,48.42462433349491,5.768298594280174,0.42045454545454547,0.07034220532319392,0.2549684924866699,0.5795454545454546,0.24759493670886076,,
LR,fixed,B_r20,B,,20,time,-1,,2063,88,38,576,50,1399,614,1576,76.39360155113911,-8.919049927290354,0.4318181818181818,0.06188925081433225,0.29762481822588466,0.5681818181818182,0.2916455696202532,,
LR,fixed,B_r50,B,,50,time,-1,,2063,88,73,1268,15,707,1341,2018,97.81871061560834,-115.46291808046534,0.8295454545454546,0.054436987322893364,0.6500242365487154,0.17045454545454544,0.6420253164556962,,
LR,fixed,C_b01_r05,C,0.01,5,time,-1,,2063,88,1,5,87,1970,6,440,21.328162869607368,0.0,0.011363636363636364,0.16666666666666666,0.00290838584585555,0.9886363636363636,0.002531645569620253,20.0,0.0
LR,fixed,C_b01_r10,C,0.01,10,time,-1,,2063,88,1,5,87,1970,6,875,42.41396025206011,-0.2423654871546292,0.011363636363636364,0.16666666666666666,0.00290838584585555,0.9886363636363636,0.002531645569620253,20.0,0.0
LR,fixed,C_b01_r20,C,0.01,20,time,-1,,2063,88,1,5,87,1970,6,1745,84.58555501696559,-0.7270964614638875,0.011363636363636364,0.16666666666666666,0.00290838584585555,0.9886363636363636,0.002531645569620253,20.0,0.0
LR,fixed,C_b01_r50,C,0.01,50,time,-1,,2063,88,1,5,87,1970,6,4355,211.100339311682,-2.1812893843916625,0.011363636363636364,0.16666666666666666,0.00290838584585555,0.9886363636363636,0.002531645569620253,20.0,0.0
LR,fixed,C_b05_r05,C,0.05,5,time,-1,,2063,88,1,6,87,1969,7,441,21.376635967038293,0.048473097430925836,0.011363636363636364,0.14285714285714285,0.0033931168201648087,0.9886363636363636,0.0030379746835443038,100.0,0.0
LR,fixed,C_b05_r10,C,0.05,10,time,-1,,2063,88,2,29,86,1946,31,889,43.092583616093066,0.4362578768783325,0.022727272727272728,0.06451612903225806,0.015026660203587009,0.9772727272727273,0.014683544303797468,100.0,3.0
LR,fixed,C_b05_r20,C,0.05,20,time,-1,,2063,88,2,29,86,1946,31,1749,84.77944740668929,-0.5332040717401842,0.022727272727272728,0.06451612903225806,0.015026660203587009,0.9772727272727273,0.014683544303797468,100.0,3.0
LR,fixed,C_b05_r50,C,0.05,50,time,-1,,2063,88,2,29,86,1946,31,4329,209.84003877847795,-3.4415899175957345,0.022727272727272728,0.06451612903225806,0.015026660203587009,0.9772727272727273,0.014683544303797468,100.0,3.0
LR,fixed,C_b10_r05,C,0.1,5,time,-1,,2063,88,1,10,87,1965,11,445,21.570528356761997,0.2423654871546292,0.011363636363636364,0.09090909090909091,0.005332040717401842,0.9886363636363636,0.005063291139240506,204.0,0.0
LR,fixed,C_b10_r10,C,0.1,10,time,-1,,2063,88,2,33,86,1942,35,893,43.28647600581677,0.6301502666020359,0.022727272727272728,0.05714285714285714,0.016965584100824042,0.9772727272727273,0.016708860759493672,204.0,0.0
LR,fixed,C_b10_r20,C,0.1,20,time,-1,,2063,88,2,33,86,1942,35,1753,84.97333979641299,-0.3393116820164809,0.022727272727272728,0.05714285714285714,0.016965584100824042,0.9772727272727273,0.016708860759493672,204.0,0.0
LR,fixed,C_b10_r50,C,0.1,50,time,-1,,2063,88,2,33,86,1942,35,4333,210.03393116820166,-3.247697527872031,0.022727272727272728,0.05714285714285714,0.016965584100824042,0.9772727272727273,0.016708860759493672,204.0,0.0
LR,fixed,C_b20_r05,C,0.2,5,time,-1,,2063,88,1,10,87,1965,11,445,21.570528356761997,0.2423654871546292,0.011363636363636364,0.09090909090909091,0.005332040717401842,0.9886363636363636,0.005063291139240506,412.0,0.0
LR,fixed,C_b20_r10,C,0.2,10,time,-1,,2063,88,3,55,85,1920,58,905,43.86815317498788,1.211827435773146,0.03409090909090909,0.05172413793103448,0.028114396509936985,0.9659090909090909,0.027848101265822784,412.0,0.0
LR,fixed,C_b20_r20,C,0.2,20,time,-1,,2063,88,4,107,84,1868,111,1787,86.62142510906448,1.3087736306349975,0.045454545454545456,0.036036036036036036,0.05380513814832768,0.9545454545454546,0.054177215189873416,412.0,0.0
LR,fixed,C_b20_r50,C,0.2,50,time,-1,,2063,88,4,107,84,1868,111,4307,208.77363063499757,-4.507998061076103,0.045454545454545456,0.036036036036036036,0.05380513814832768,0.9545454545454546,0.054177215189873416,412.0,0.0
LR,fixed,TopK_b01,TopK,0.01,5,time,-1,,2063,88,1,19,87,1956,20,454,22.00678623364033,0.6786233640329618,0.011363636363636364,0.05,0.009694619486185167,0.9886363636363636,0.009620253164556962,20.0,0.0
LR,fixed,TopK_b01,TopK,0.01,10,time,-1,,2063,88,1,19,87,1956,20,889,43.092583616093066,0.4362578768783325,0.011363636363636364,0.05,0.009694619486185167,0.9886363636363636,0.009620253164556962,20.0,0.0
LR,fixed,TopK_b01,TopK,0.01,20,time,-1,,2063,88,1,19,87,1956,20,1759,85.26417838099854,-0.048473097430925836,0.011363636363636364,0.05,0.009694619486185167,0.9886363636363636,0.009620253164556962,20.0,0.0
LR,fixed,TopK_b01,TopK,0.01,50,time,-1,,2063,88,1,19,87,1956,20,4369,211.77896267571498,-1.502666020358701,0.011363636363636364,0.05,0.009694619486185167,0.9886363636363636,0.009620253164556962,20.0,0.0
LR,fixed,TopK_b05,TopK,0.05,5,time,-1,,2063,88,3,97,85,1878,100,522,25.302956858943286,3.9747939893359185,0.03409090909090909,0.03,0.048473097430925836,0.9659090909090909,0.04911392405063291,100.0,0.0
LR,fixed,TopK_b05,TopK,0.05,10,time,-1,,2063,88,3,97,85,1878,100,947,45.904023267086764,3.247697527872031,0.03409090909090909,0.03,0.048473097430925836,0.9659090909090909,0.04911392405063291,100.0,0.0
LR,fixed,TopK_b05,TopK,0.05,20,time,-1,,2063,88,3,97,85,1878,100,1797,87.10615608337373,1.793504604944256,0.03409090909090909,0.03,0.048473097430925836,0.9659090909090909,0.04911392405063291,100.0,0.0
LR,fixed,TopK_b05,TopK,0.05,50,time,-1,,2063,88,3,97,85,1878,100,4347,210.7125545322346,-2.5690741638390695,0.03409090909090909,0.03,0.048473097430925836,0.9659090909090909,0.04911392405063291,100.0,0.0
LR,fixed,TopK_b10,TopK,0.1,5,time,-1,,2063,88,13,191,75,1784,204,566,27.435773145904022,6.107610276296655,0.14772727272727273,0.06372549019607843,0.0988851187590887,0.8522727272727273,0.09670886075949367,204.0,0.0
LR,fixed,TopK_b10,TopK,0.1,10,time,-1,,2063,88,13,191,75,1784,204,941,45.61318468250121,2.956858943286476,0.14772727272727273,0.06372549019607843,0.0988851187590887,0.8522727272727273,0.09670886075949367,204.0,0.0
LR,fixed,TopK_b10,TopK,0.1,20,time,-1,,2063,88,13,191,75,1784,204,1691,81.9680077556956,-3.3446437227338826,0.14772727272727273,0.06372549019607843,0.0988851187590887,0.8522727272727273,0.09670886075949367,204.0,0.0
LR,fixed,TopK_b10,TopK,0.1,50,time,-1,,2063,88,13,191,75,1784,204,3941,191.0324769752787,-22.24915172079496,0.14772727272727273,0.06372549019607843,0.0988851187590887,0.8522727272727273,0.09670886075949367,204.0,0.0
LR,fixed,TopK_b20,TopK,0.2,5,time,-1,,2063,88,28,384,60,1591,412,684,33.15559864275327,11.827435773145904,0.3181818181818182,0.06796116504854369,0.19970916141541445,0.6818181818181818,0.19443037974683544,412.0,0.0
LR,fixed,TopK_b20,TopK,0.2,10,time,-1,,2063,88,28,384,60,1591,412,984,47.697527872031024,5.041202132816287,0.3181818181818182,0.06796116504854369,0.19970916141541445,0.6818181818181818,0.19443037974683544,412.0,0.0
LR,fixed,TopK_b20,TopK,0.2,20,time,-1,,2063,88,28,384,60,1591,412,1584,76.78138633058653,-8.531265147842948,0.3181818181818182,0.06796116504854369,0.19970916141541445,0.6818181818181818,0.19443037974683544,412.0,0.0
LR,fixed,TopK_b20,TopK,0.2,50,time,-1,,2063,88,28,384,60,1591,412,3384,164.03296170625302,-49.24866698982065,0.3181818181818182,0.06796116504854369,0.19970916141541445,0.6818181818181818,0.19443037974683544,412.0,0.0
LR,refitted,none,none,,5,time,-1,,2063,88,0,0,88,1975,0,440,21.328162869607368,0.0,0.0,0.0,0.0,1.0,0.0,,
LR,refitted,none,none,,10,time,-1,,2063,88,0,0,88,1975,0,880,42.656325739214736,0.0,0.0,0.0,0.0,1.0,0.0,,
LR,refitted,none,none,,20,time,-1,,2063,88,0,0,88,1975,0,1760,85.31265147842947,0.0,0.0,0.0,0.0,1.0,0.0,,
LR,refitted,none,none,,50,time,-1,,2063,88,0,0,88,1975,0,4400,213.28162869607368,0.0,0.0,0.0,0.0,1.0,0.0,,
LR,refitted,A_b01,A,0.01,5,time,-1,,2063,88,2,49,86,1926,51,479,23.218613669413475,1.8904507998061075,0.022727272727272728,0.0392156862745098,0.024721279689772176,0.9772727272727273,0.02481012658227848,20.0,35.0
LR,refitted,A_b01,A,0.01,10,time,-1,,2063,88,2,49,86,1926,51,909,44.06204556471158,1.4057198254968493,0.022727272727272728,0.0392156862745098,0.024721279689772176,0.9772727272727273,0.02481012658227848,20.0,35.0
LR,refitted,A_b01,A,0.01,20,time,-1,,2063,88,2,49,86,1926,51,1769,85.7489093553078,0.4362578768783325,0.022727272727272728,0.0392156862745098,0.024721279689772176,0.9772727272727273,0.02481012658227848,20.0,35.0
LR,refitted,A_b01,A,0.01,50,time,-1,,2063,88,2,49,86,1926,51,4349,210.80950072709646,-2.4721279689772175,0.022727272727272728,0.0392156862745098,0.024721279689772176,0.9772727272727273,0.02481012658227848,20.0,35.0
LR,refitted,A_b05,A,0.05,5,time,-1,,2063,88,9,186,79,1789,195,581,28.16286960736791,6.834706737760543,0.10227272727272728,0.046153846153846156,0.09452253999030538,0.8977272727272727,0.09417721518987342,100.0,118.0
LR,refitted,A_b05,A,0.05,10,time,-1,,2063,88,9,186,79,1789,195,976,47.309743092583616,4.65341735336888,0.10227272727272728,0.046153846153846156,0.09452253999030538,0.8977272727272727,0.09417721518987342,100.0,118.0
LR,refitted,A_b05,A,0.05,20,time,-1,,2063,88,9,186,79,1789,195,1766,85.60349006301503,0.290838584585555,0.10227272727272728,0.046153846153846156,0.09452253999030538,0.8977272727272727,0.09417721518987342,100.0,118.0
LR,refitted,A_b05,A,0.05,50,time,-1,,2063,88,9,186,79,1789,195,4136,200.48473097430926,-12.79689772176442,0.10227272727272728,0.046153846153846156,0.09452253999030538,0.8977272727272727,0.09417721518987342,100.0,118.0
LR,refitted,A_b10,A,0.1,5,time,-1,,2063,88,16,314,72,1661,330,674,32.67086766844401,11.342704798836646,0.18181818181818182,0.048484848484848485,0.15996122152205525,0.8181818181818182,0.1589873417721519,204.0,174.0
LR,refitted,A_b10,A,0.1,10,time,-1,,2063,88,16,314,72,1661,330,1034,50.121182743577315,7.464857004362579,0.18181818181818182,0.048484848484848485,0.15996122152205525,0.8181818181818182,0.1589873417721519,204.0,174.0
LR,refitted,A_b10,A,0.1,20,time,-1,,2063,88,16,314,72,1661,330,1754,85.02181289384392,-0.290838584585555,0.18181818181818182,0.048484848484848485,0.15996122152205525,0.8181818181818182,0.1589873417721519,204.0,174.0
LR,refitted,A_b10,A,0.1,50,time,-1,,2063,88,16,314,72,1661,330,3914,189.72370334464372,-23.557925351429958,0.18181818181818182,0.048484848484848485,0.15996122152205525,0.8181818181818182,0.1589873417721519,204.0,174.0
LR,refitted,A_b20,A,0.2,5,time,-1,,2063,88,25,592,63,1383,617,907,43.96509936984973,22.636936500242367,0.2840909090909091,0.04051863857374392,0.2990790111488124,0.7159090909090909,0.299746835443038,412.0,295.0
LR,refitted,A_b20,A,0.2,10,time,-1,,2063,88,25,592,63,1383,617,1222,59.234125060591374,16.577799321376634,0.2840909090909091,0.04051863857374392,0.2990790111488124,0.7159090909090909,0.299746835443038,412.0,295.0
LR,refitted,A_b20,A,0.2,20,time,-1,,2063,88,25,592,63,1383,617,1852,89.77217644207465,4.459524963645177,0.2840909090909091,0.04051863857374392,0.2990790111488124,0.7159090909090909,0.299746835443038,412.0,295.0
LR,refitted,A_b20,A,0.2,50,time,-1,,2063,88,25,592,63,1383,617,3742,181.38633058652448,-31.8952981095492,0.2840909090909091,0.04051863857374392,0.2990790111488124,0.7159090909090909,0.299746835443038,412.0,295.0
LR,refitted,B_r05,B,,5,time,-1,,2063,88,30,169,58,1806,199,459,22.24915172079496,0.9209888511875909,0.3409090909090909,0.1507537688442211,0.09646146388754241,0.6590909090909091,0.08556962025316456,,
LR,refitted,B_r10,B,,10,time,-1,,2063,88,38,508,50,1467,546,1008,48.86088221037324,6.204556471158507,0.4318181818181818,0.0695970695970696,0.2646631119728551,0.5681818181818182,0.25721518987341774,,
LR,refitted,B_r20,B,,20,time,-1,,2063,88,40,608,48,1367,648,1568,76.00581677169171,-9.30683470673776,0.45454545454545453,0.06172839506172839,0.3141056713523994,0.5454545454545454,0.3078481012658228,,
LR,refitted,B_r50,B,,50,time,-1,,2063,88,75,1284,13,691,1359,1934,93.74697043141057,-119.53465826466311,0.8522727272727273,0.05518763796909492,0.6587493940862821,0.14772727272727273,0.650126582278481,,
LR,refitted,C_b01_r05,C,0.01,5,time,-1,,2063,88,2,5,86,1970,7,435,21.08579738245274,-0.2423654871546292,0.022727272727272728,0.2857142857142857,0.0033931168201648087,0.9772727272727273,0.002531645569620253,20.0,1.0
LR,refitted,C_b01_r10,C,0.01,10,time,-1,,2063,88,2,5,86,1970,7,865,41.92922927775085,-0.7270964614638875,0.022727272727272728,0.2857142857142857,0.0033931168201648087,0.9772727272727273,0.002531645569620253,20.0,1.0
LR,refitted,C_b01_r20,C,0.01,20,time,-1,,2063,88,2,5,86,1970,7,1725,83.61609306834707,-1.6965584100824043,0.022727272727272728,0.2857142857142857,0.0033931168201648087,0.9772727272727273,0.002531645569620253,20.0,1.0
LR,refitted,C_b01_r50,C,0.01,50,time,-1,,2063,88,2,5,86,1970,7,4305,208.67668444013572,-4.604944255937954,0.022727272727272728,0.2857142857142857,0.0033931168201648087,0.9772727272727273,0.002531645569620253,20.0,1.0
LR,refitted,C_b05_r05,C,0.05,5,time,-1,,2063,88,2,6,86,1969,8,436,21.134270479883664,-0.19389238972370335,0.022727272727272728,0.25,0.003877847794474067,0.9772727272727273,0.0030379746835443038,100.0,0.0
LR,refitted,C_b05_r10,C,0.05,10,time,-1,,2063,88,3,32,85,1943,35,882,42.75327193407659,0.09694619486185167,0.03409090909090909,0.08571428571428572,0.016965584100824042,0.9659090909090909,0.01620253164556962,100.0,8.0
LR,refitted,C_b05_r20,C,0.05,20,time,-1,,2063,88,3,32,85,1943,35,1732,83.95540475036354,-1.3572467280659235,0.03409090909090909,0.08571428571428572,0.016965584100824042,0.9659090909090909,0.01620253164556962,100.0,8.0
LR,refitted,C_b05_r50,C,0.05,50,time,-1,,2063,88,3,32,85,1943,35,4282,207.56180319922444,-5.719825496849249,0.03409090909090909,0.08571428571428572,0.016965584100824042,0.9659090909090909,0.01620253164556962,100.0,8.0
LR,refitted,C_b10_r05,C,0.1,5,time,-1,,2063,88,2,6,86,1969,8,436,21.134270479883664,-0.19389238972370335,0.022727272727272728,0.25,0.003877847794474067,0.9772727272727273,0.0030379746835443038,204.0,0.0
LR,refitted,C_b10_r10,C,0.1,10,time,-1,,2063,88,3,32,85,1943,35,882,42.75327193407659,0.09694619486185167,0.03409090909090909,0.08571428571428572,0.016965584100824042,0.9659090909090909,0.01620253164556962,204.0,0.0
LR,refitted,C_b10_r20,C,0.1,20,time,-1,,2063,88,3,32,85,1943,35,1732,83.95540475036354,-1.3572467280659235,0.03409090909090909,0.08571428571428572,0.016965584100824042,0.9659090909090909,0.01620253164556962,204.0,0.0
LR,refitted,C_b10_r50,C,0.1,50,time,-1,,2063,88,3,32,85,1943,35,4282,207.56180319922444,-5.719825496849249,0.03409090909090909,0.08571428571428572,0.016965584100824042,0.9659090909090909,0.01620253164556962,204.0,0.0
LR,refitted,C_b20_r05,C,0.2,5,time,-1,,2063,88,2,6,86,1969,8,436,21.134270479883664,-0.19389238972370335,0.022727272727272728,0.25,0.003877847794474067,0.9772727272727273,0.0030379746835443038,412.0,0.0
LR,refitted,C_b20_r10,C,0.2,10,time,-1,,2063,88,4,42,84,1933,46,882,42.75327193407659,0.09694619486185167,0.045454545454545456,0.08695652173913043,0.022297624818225885,0.9545454545454546,0.021265822784810127,412.0,0.0
LR,refitted,C_b20_r20,C,0.2,20,time,-1,,2063,88,4,98,84,1877,102,1778,86.18516723218613,0.872515753756665,0.045454545454545456,0.0392156862745098,0.04944255937954435,0.9545454545454546,0.04962025316455696,412.0,0.0
LR,refitted,C_b20_r50,C,0.2,50,time,-1,,2063,88,4,98,84,1877,102,4298,208.33737275811924,-4.944255937954435,0.045454545454545456,0.0392156862745098,0.04944255937954435,0.9545454545454546,0.04962025316455696,412.0,0.0
LR,refitted,TopK_b01,TopK,0.01,5,time,-1,,2063,88,1,19,87,1956,20,454,22.00678623364033,0.6786233640329618,0.011363636363636364,0.05,0.009694619486185167,0.9886363636363636,0.009620253164556962,20.0,0.0
LR,refitted,TopK_b01,TopK,0.01,10,time,-1,,2063,88,1,19,87,1956,20,889,43.092583616093066,0.4362578768783325,0.011363636363636364,0.05,0.009694619486185167,0.9886363636363636,0.009620253164556962,20.0,0.0
LR,refitted,TopK_b01,TopK,0.01,20,time,-1,,2063,88,1,19,87,1956,20,1759,85.26417838099854,-0.048473097430925836,0.011363636363636364,0.05,0.009694619486185167,0.9886363636363636,0.009620253164556962,20.0,0.0
LR,refitted,TopK_b01,TopK,0.01,50,time,-1,,2063,88,1,19,87,1956,20,4369,211.77896267571498,-1.502666020358701,0.011363636363636364,0.05,0.009694619486185167,0.9886363636363636,0.009620253164556962,20.0,0.0
LR,refitted,TopK_b05,TopK,0.05,5,time,-1,,2063,88,9,91,79,1884,100,486,23.557925351429958,2.2297624818225885,0.10227272727272728,0.09,0.048473097430925836,0.8977272727272727,0.04607594936708861,100.0,0.0
LR,refitted,TopK_b05,TopK,0.05,10,time,-1,,2063,88,9,91,79,1884,100,881,42.704798836645665,0.048473097430925836,0.10227272727272728,0.09,0.048473097430925836,0.8977272727272727,0.04607594936708861,100.0,0.0
LR,refitted,TopK_b05,TopK,0.05,20,time,-1,,2063,88,9,91,79,1884,100,1671,80.99854580707708,-4.314105671352399,0.10227272727272728,0.09,0.048473097430925836,0.8977272727272727,0.04607594936708861,100.0,0.0
LR,refitted,TopK_b05,TopK,0.05,50,time,-1,,2063,88,9,91,79,1884,100,4041,195.8797867183713,-17.401841977702375,0.10227272727272728,0.09,0.048473097430925836,0.8977272727272727,0.04607594936708861,100.0,0.0
LR,refitted,TopK_b10,TopK,0.1,5,time,-1,,2063,88,16,188,72,1787,204,548,26.563257392147356,5.23509452253999,0.18181818181818182,0.0784313725490196,0.0988851187590887,0.8181818181818182,0.09518987341772152,204.0,0.0
LR,refitted,TopK_b10,TopK,0.1,10,time,-1,,2063,88,16,188,72,1787,204,908,44.01357246728066,1.3572467280659235,0.18181818181818182,0.0784313725490196,0.0988851187590887,0.8181818181818182,0.09518987341772152,204.0,0.0
LR,refitted,TopK_b10,TopK,0.1,20,time,-1,,2063,88,16,188,72,1787,204,1628,78.91420261754726,-6.39844886088221,0.18181818181818182,0.0784313725490196,0.0988851187590887,0.8181818181818182,0.09518987341772152,204.0,0.0
LR,refitted,TopK_b10,TopK,0.1,50,time,-1,,2063,88,16,188,72,1787,204,3788,183.61609306834706,-29.665535627726612,0.18181818181818182,0.0784313725490196,0.0988851187590887,0.8181818181818182,0.09518987341772152,204.0,0.0
LR,refitted,TopK_b20,TopK,0.2,5,time,-1,,2063,88,27,385,61,1590,412,690,33.446437227338826,12.118274357731458,0.3068181818181818,0.06553398058252427,0.19970916141541445,0.6931818181818182,0.1949367088607595,412.0,0.0
LR,refitted,TopK_b20,TopK,0.2,10,time,-1,,2063,88,27,385,61,1590,412,995,48.230731943771204,5.574406204556471,0.3068181818181818,0.06553398058252427,0.19970916141541445,0.6931818181818182,0.1949367088607595,412.0,0.0
LR,refitted,TopK_b20,TopK,0.2,20,time,-1,,2063,88,27,385,61,1590,412,1605,77.79932137663597,-7.513330101793505,0.3068181818181818,0.06553398058252427,0.19970916141541445,0.6931818181818182,0.1949367088607595,412.0,0.0
LR,refitted,TopK_b20,TopK,0.2,50,time,-1,,2063,88,27,385,61,1590,412,3435,166.50508967523024,-46.77653902084343,0.3068181818181818,0.06553398058252427,0.19970916141541445,0.6931818181818182,0.1949367088607595,412.0,0.0
CART,fixed,none,none,,5,time,-1,,2063,88,0,0,88,1975,0,440,21.328162869607368,0.0,0.0,0.0,0.0,1.0,0.0,,
CART,fixed,none,none,,10,time,-1,,2063,88,0,0,88,1975,0,880,42.656325739214736,0.0,0.0,0.0,0.0,1.0,0.0,,
CART,fixed,none,none,,20,time,-1,,2063,88,0,0,88,1975,0,1760,85.31265147842947,0.0,0.0,0.0,0.0,1.0,0.0,,
CART,fixed,none,none,,50,time,-1,,2063,88,0,0,88,1975,0,4400,213.28162869607368,0.0,0.0,0.0,0.0,1.0,0.0,,
CART,fixed,A_b01,A,0.01,5,time,-1,,2063,88,2,25,86,1950,27,455,22.055259331071255,0.7270964614638875,0.022727272727272728,0.07407407407407407,0.013087736306349976,0.9772727272727273,0.012658227848101266,20.0,11.0
CART,fixed,A_b01,A,0.01,10,time,-1,,2063,88,2,25,86,1950,27,885,42.898691226369365,0.2423654871546292,0.022727272727272728,0.07407407407407407,0.013087736306349976,0.9772727272727273,0.012658227848101266,20.0,11.0
CART,fixed,A_b01,A,0.01,20,time,-1,,2063,88,2,25,86,1950,27,1745,84.58555501696559,-0.7270964614638875,0.022727272727272728,0.07407407407407407,0.013087736306349976,0.9772727272727273,0.012658227848101266,20.0,11.0
CART,fixed,A_b01,A,0.01,50,time,-1,,2063,88,2,25,86,1950,27,4325,209.64614638875423,-3.6354823073194376,0.022727272727272728,0.07407407407407407,0.013087736306349976,0.9772727272727273,0.012658227848101266,20.0,11.0
CART,fixed,A_b05,A,0.05,5,time,-1,,2063,88,5,109,83,1866,114,524,25.399903053805136,4.07174018419777,0.056818181818181816,0.043859649122807015,0.055259331071255455,0.9431818181818182,0.05518987341772152,100.0,34.0
CART,fixed,A_b05,A,0.05,10,time,-1,,2063,88,5,109,83,1866,114,939,45.51623848763936,2.8599127484246245,0.056818181818181816,0.043859649122807015,0.055259331071255455,0.9431818181818182,0.05518987341772152,100.0,34.0
CART,fixed,A_b05,A,0.05,20,time,-1,,2063,88,5,109,83,1866,114,1769,85.7489093553078,0.4362578768783325,0.056818181818181816,0.043859649122807015,0.055259331071255455,0.9431818181818182,0.05518987341772152,100.0,34.0
CART,fixed,A_b05,A,0.05,50,time,-1,,2063,88,5,109,83,1866,114,4259,206.44692195831314,-6.834706737760543,0.056818181818181816,0.043859649122807015,0.055259331071255455,0.9431818181818182,0.05518987341772152,100.0,34.0
CART,fixed,A_b10,A,0.1,5,time,-1,,2063,88,13,221,75,1754,234,596,28.8899660688318,7.56180319922443,0.14772727272727273,0.05555555555555555,0.11342704798836646,0.8522727272727273,0.11189873417721519,204.0,70.0
CART,fixed,A_b10,A,0.1,10,time,-1,,2063,88,13,221,75,1754,234,971,47.06737760542899,4.411051866214251,0.14772727272727273,0.05555555555555555,0.11342704798836646,0.8522727272727273,0.11189873417721519,204.0,70.0
CART,fixed,A_b10,A,0.1,20,time,-1,,2063,88,13,221,75,1754,234,1721,83.42220067862337,-1.8904507998061075,0.14772727272727273,0.05555555555555555,0.11342704798836646,0.8522727272727273,0.11189873417721519,204.0,70.0
CART,fixed,A_b10,A,0.1,50,time,-1,,2063,88,13,221,75,1754,234,3971,192.4866698982065,-20.794958797867185,0.14772727272727273,0.05555555555555555,0.11342704798836646,0.8522727272727273,0.11189873417721519,204.0,70.0
CART,fixed,A_b20,A,0.2,5,time,-1,,2063,88,23,469,65,1506,492,794,38.487639360155114,17.159476490547746,0.26136363636363635,0.046747967479674794,0.2384876393601551,0.7386363636363636,0.23746835443037975,412.0,157.0
CART,fixed,A_b20,A,0.2,10,time,-1,,2063,88,23,469,65,1506,492,1119,54.24139602520601,11.585070285991275,0.26136363636363635,0.046747967479674794,0.2384876393601551,0.7386363636363636,0.23746835443037975,412.0,157.0
CART,fixed,A_b20,A,0.2,20,time,-1,,2063,88,23,469,65,1506,492,1769,85.7489093553078,0.4362578768783325,0.26136363636363635,0.046747967479674794,0.2384876393601551,0.7386363636363636,0.23746835443037975,412.0,157.0
CART,fixed,A_b20,A,0.2,50,time,-1,,2063,88,23,469,65,1506,492,3719,180.27144934561318,-33.0101793504605,0.26136363636363635,0.046747967479674794,0.2384876393601551,0.7386363636363636,0.23746835443037975,412.0,157.0
CART,fixed,B_r05,B,,5,time,-1,,2063,88,22,143,66,1832,165,473,22.92777508482792,1.5996122152205525,0.25,0.13333333333333333,0.07998061076102762,0.75,0.07240506329113924,,
CART,fixed,B_r10,B,,10,time,-1,,2063,88,38,529,50,1446,567,1029,49.878817256422685,7.22249151720795,0.4318181818181818,0.06701940035273368,0.2748424624333495,0.5681818181818182,0.26784810126582276,,
CART,fixed,B_r20,B,,20,time,-1,,2063,88,54,793,34,1182,847,1473,71.40087251575376,-13.911778962675715,0.6136363636363636,0.06375442739079103,0.4105671352399418,0.38636363636363635,0.40151898734177216,,
CART,fixed,B_r50,B,,50,time,-1,,2063,88,62,1103,26,872,1165,2403,116.48085312651479,-96.8007755695589,0.7045454545454546,0.05321888412017167,0.564711585070286,0.29545454545454547,0.5584810126582278,,
CART,fixed,C_b01_r05,C,0.01,5,time,-1,,2063,88,0,0,88,1975,0,440,21.328162869607368,0.0,0.0,0.0,0.0,1.0,0.0,20.0,0.0
CART,fixed,C_b01_r10,C,0.01,10,time,-1,,2063,88,0,0,88,1975,0,880,42.656325739214736,0.0,0.0,0.0,0.0,1.0,0.0,20.0,0.0
CART,fixed,C_b01_r20,C,0.01,20,time,-1,,2063,88,0,0,88,1975,0,1760,85.31265147842947,0.0,0.0,0.0,0.0,1.0,0.0,20.0,0.0
CART,fixed,C_b01_r50,C,0.01,50,time,-1,,2063,88,0,0,88,1975,0,4400,213.28162869607368,0.0,0.0,0.0,0.0,1.0,0.0,20.0,0.0
CART,fixed,C_b05_r05,C,0.05,5,time,-1,,2063,88,0,1,88,1974,1,441,21.376635967038293,0.048473097430925836,0.0,0.0,0.0004847309743092584,1.0,0.0005063291139240507,100.0,0.0
CART,fixed,C_b05_r10,C,0.05,10,time,-1,,2063,88,1,29,87,1946,30,899,43.577314590402324,0.9209888511875909,0.011363636363636364,0.03333333333333333,0.014541929229277752,0.9886363636363636,0.014683544303797468,100.0,4.0
CART,fixed,C_b05_r20,C,0.05,20,time,-1,,2063,88,1,29,87,1946,30,1769,85.7489093553078,0.4362578768783325,0.011363636363636364,0.03333333333333333,0.014541929229277752,0.9886363636363636,0.014683544303797468,100.0,4.0
CART,fixed,C_b05_r50,C,0.05,50,time,-1,,2063,88,1,29,87,1946,30,4379,212.26369365002424,-1.0179350460494425,0.011363636363636364,0.03333333333333333,0.014541929229277752,0.9886363636363636,0.014683544303797468,100.0,4.0
CART,fixed,C_b10_r05,C,0.1,5,time,-1,,2063,88,0,1,88,1974,1,441,21.376635967038293,0.048473097430925836,0.0,0.0,0.0004847309743092584,1.0,0.0005063291139240507,204.0,0.0
CART,fixed,C_b10_r10,C,0.1,10,time,-1,,2063,88,4,58,84,1917,62,898,43.5288414929714,0.872515753756665,0.045454545454545456,0.06451612903225806,0.030053320407174018,0.9545454545454546,0.029367088607594936,204.0,0.0
CART,fixed,C_b10_r20,C,0.1,20,time,-1,,2063,88,4,58,84,1917,62,1738,84.2462433349491,-1.0664081434803685,0.045454545454545456,0.06451612903225806,0.030053320407174018,0.9545454545454546,0.029367088607594936,204.0,0.0
CART,fixed,C_b10_r50,C,0.1,50,time,-1,,2063,88,8,109,80,1866,117,4109,199.17595734367427,-14.105671352399419,0.09090909090909091,0.06837606837606838,0.05671352399418323,0.9090909090909091,0.05518987341772152,204.0,4.0
CART,fixed,C_b20_r05,C,0.2,5,time,-1,,2063,88,2,24,86,1951,26,454,22.00678623364033,0.6786233640329618,0.022727272727272728,0.07692307692307693,0.012603005332040717,0.9772727272727273,0.012151898734177215,412.0,0.0
CART,fixed,C_b20_r10,C,0.2,10,time,-1,,2063,88,4,73,84,1902,77,913,44.25593795443529,1.5996122152205525,0.045454545454545456,0.05194805194805195,0.03732428502181289,0.9545454545454546,0.0369620253164557,412.0,0.0
CART,fixed,C_b20_r20,C,0.2,20,time,-1,,2063,88,8,110,80,1865,118,1710,82.88899660688318,-2.423654871546292,0.09090909090909091,0.06779661016949153,0.057198254968492485,0.9090909090909091,0.05569620253164557,412.0,0.0
CART,fixed,C_b20_r50,C,0.2,50,time,-1,,2063,88,12,161,76,1814,173,3961,192.00193892389723,-21.279689772176443,0.13636363636363635,0.06936416184971098,0.0838584585555017,0.8636363636363636,0.08151898734177215,412.0,0.0
CART,fixed,TopK_b01,TopK,0.01,5,time,-1,,2063,88,2,18,86,1957,20,448,21.715947649054776,0.3877847794474067,0.022727272727272728,0.1,0.009694619486185167,0.9772727272727273,0.009113924050632912,20.0,0.0
CART,fixed,TopK_b01,TopK,0.01,10,time,-1,,2063,88,2,18,86,1957,20,878,42.559379544352886,-0.09694619486185167,0.022727272727272728,0.1,0.009694619486185167,0.9772727272727273,0.009113924050632912,20.0,0.0
CART,fixed,TopK_b01,TopK,0.01,20,time,-1,,2063,88,2,18,86,1957,20,1738,84.2462433349491,-1.0664081434803685,0.022727272727272728,0.1,0.009694619486185167,0.9772727272727273,0.009113924050632912,20.0,0.0
CART,fixed,TopK_b01,TopK,0.01,50,time,-1,,2063,88,2,18,86,1957,20,4318,209.30683470673776,-3.9747939893359185,0.022727272727272728,0.1,0.009694619486185167,0.9772727272727273,0.009113924050632912,20.0,0.0
CART,fixed,TopK_b05,TopK,0.05,5,time,-1,,2063,88,5,95,83,1880,100,510,24.721279689772178,3.3931168201648085,0.056818181818181816,0.05,0.048473097430925836,0.9431818181818182,0.04810126582278481,100.0,0.0
CART,fixed,TopK_b05,TopK,0.05,10,time,-1,,2063,88,5,95,83,1880,100,925,44.8376151236064,2.1812893843916625,0.056818181818181816,0.05,0.048473097430925836,0.9431818181818182,0.04810126582278481,100.0,0.0
CART,fixed,TopK_b05,TopK,0.05,20,time,-1,,2063,88,5,95,83,1880,100,1755,85.07028599127484,-0.2423654871546292,0.056818181818181816,0.05,0.048473097430925836,0.9431818181818182,0.04810126582278481,100.0,0.0
CART,fixed,TopK_b05,TopK,0.05,50,time,-1,,2063,88,5,95,83,1880,100,4245,205.76829859428017,-7.513330101793505,0.056818181818181816,0.05,0.048473097430925836,0.9431818181818182,0.04810126582278481,100.0,0.0
CART,fixed,TopK_b10,TopK,0.1,5,time,-1,,2063,88,10,194,78,1781,204,584,28.30828889966069,6.98012603005332,0.11363636363636363,0.049019607843137254,0.0988851187590887,0.8863636363636364,0.09822784810126582,204.0,0.0
CART,fixed,TopK_b10,TopK,0.1,10,time,-1,,2063,88,10,194,78,1781,204,974,47.212796897721766,4.556471158507029,0.11363636363636363,0.049019607843137254,0.0988851187590887,0.8863636363636364,0.09822784810126582,204.0,0.0
CART,fixed,TopK_b10,TopK,0.1,20,time,-1,,2063,88,10,194,78,1781,204,1754,85.02181289384392,-0.290838584585555,0.11363636363636363,0.049019607843137254,0.0988851187590887,0.8863636363636364,0.09822784810126582,204.0,0.0
CART,fixed,TopK_b10,TopK,0.1,50,time,-1,,2063,88,10,194,78,1781,204,4094,198.44886088221037,-14.832767813863306,0.11363636363636363,0.049019607843137254,0.0988851187590887,0.8863636363636364,0.09822784810126582,204.0,0.0
CART,fixed,TopK_b20,TopK,0.2,5,time,-1,,2063,88,27,385,61,1590,412,690,33.446437227338826,12.118274357731458,0.3068181818181818,0.06553398058252427,0.19970916141541445,0.6931818181818182,0.1949367088607595,412.0,0.0
CART,fixed,TopK_b20,TopK,0.2,10,time,-1,,2063,88,27,385,61,1590,412,995,48.230731943771204,5.574406204556471,0.3068181818181818,0.06553398058252427,0.19970916141541445,0.6931818181818182,0.1949367088607595,412.0,0.0
CART,fixed,TopK_b20,TopK,0.2,20,time,-1,,2063,88,27,385,61,1590,412,1605,77.79932137663597,-7.513330101793505,0.3068181818181818,0.06553398058252427,0.19970916141541445,0.6931818181818182,0.1949367088607595,412.0,0.0
CART,fixed,TopK_b20,TopK,0.2,50,time,-1,,2063,88,27,385,61,1590,412,3435,166.50508967523024,-46.77653902084343,0.3068181818181818,0.06553398058252427,0.19970916141541445,0.6931818181818182,0.1949367088607595,412.0,0.0
CART,refitted,none,none,,5,time,-1,,2063,88,0,0,88,1975,0,440,21.328162869607368,0.0,0.0,0.0,0.0,1.0,0.0,,
CART,refitted,none,none,,10,time,-1,,2063,88,0,0,88,1975,0,880,42.656325739214736,0.0,0.0,0.0,0.0,1.0,0.0,,
CART,refitted,none,none,,20,time,-1,,2063,88,0,0,88,1975,0,1760,85.31265147842947,0.0,0.0,0.0,0.0,1.0,0.0,,
CART,refitted,none,none,,50,time,-1,,2063,88,0,0,88,1975,0,4400,213.28162869607368,0.0,0.0,0.0,0.0,1.0,0.0,,
CART,refitted,A_b01,A,0.01,5,time,-1,,2063,88,2,25,86,1950,27,455,22.055259331071255,0.7270964614638875,0.022727272727272728,0.07407407407407407,0.013087736306349976,0.9772727272727273,0.012658227848101266,20.0,15.0
CART,refitted,A_b01,A,0.01,10,time,-1,,2063,88,2,25,86,1950,27,885,42.898691226369365,0.2423654871546292,0.022727272727272728,0.07407407407407407,0.013087736306349976,0.9772727272727273,0.012658227848101266,20.0,15.0
CART,refitted,A_b01,A,0.01,20,time,-1,,2063,88,2,25,86,1950,27,1745,84.58555501696559,-0.7270964614638875,0.022727272727272728,0.07407407407407407,0.013087736306349976,0.9772727272727273,0.012658227848101266,20.0,15.0
CART,refitted,A_b01,A,0.01,50,time,-1,,2063,88,2,25,86,1950,27,4325,209.64614638875423,-3.6354823073194376,0.022727272727272728,0.07407407407407407,0.013087736306349976,0.9772727272727273,0.012658227848101266,20.0,15.0
CART,refitted,A_b05,A,0.05,5,time,-1,,2063,88,3,75,85,1900,78,500,24.236548715462916,2.90838584585555,0.03409090909090909,0.038461538461538464,0.03780901599612215,0.9659090909090909,0.0379746835443038,100.0,13.0
CART,refitted,A_b05,A,0.05,10,time,-1,,2063,88,3,75,85,1900,78,925,44.8376151236064,2.1812893843916625,0.03409090909090909,0.038461538461538464,0.03780901599612215,0.9659090909090909,0.0379746835443038,100.0,13.0
CART,refitted,A_b05,A,0.05,20,time,-1,,2063,88,3,75,85,1900,78,1775,86.03974793989336,0.7270964614638875,0.03409090909090909,0.038461538461538464,0.03780901599612215,0.9659090909090909,0.0379746835443038,100.0,13.0
CART,refitted,A_b05,A,0.05,50,time,-1,,2063,88,3,75,85,1900,78,4325,209.64614638875423,-3.6354823073194376,0.03409090909090909,0.038461538461538464,0.03780901599612215,0.9659090909090909,0.0379746835443038,100.0,13.0
CART,refitted,A_b10,A,0.1,5,time,-1,,2063,88,8,143,80,1832,151,543,26.320891904992727,4.992729035385361,0.09090909090909091,0.052980132450331126,0.07319437712069801,0.9090909090909091,0.07240506329113924,204.0,8.0
CART,refitted,A_b10,A,0.1,10,time,-1,,2063,88,8,143,80,1832,151,943,45.71013087736306,3.0538051381483275,0.09090909090909091,0.052980132450331126,0.07319437712069801,0.9090909090909091,0.07240506329113924,204.0,8.0
CART,refitted,A_b10,A,0.1,20,time,-1,,2063,88,8,143,80,1832,151,1743,84.48860882210373,-0.8240426563257393,0.09090909090909091,0.052980132450331126,0.07319437712069801,0.9090909090909091,0.07240506329113924,204.0,8.0
CART,refitted,A_b10,A,0.1,50,time,-1,,2063,88,8,143,80,1832,151,4143,200.82404265632573,-12.45758603974794,0.09090909090909091,0.052980132450331126,0.07319437712069801,0.9090909090909091,0.07240506329113924,204.0,8.0
CART,refitted,A_b20,A,0.2,5,time,-1,,2063,88,19,376,69,1599,395,721,34.94910324769753,13.62094037809016,0.2159090909090909,0.04810126582278481,0.19146873485215704,0.7840909090909091,0.19037974683544304,412.0,89.0
CART,refitted,A_b20,A,0.2,10,time,-1,,2063,88,19,376,69,1599,395,1066,51.67232186136694,9.015996122152206,0.2159090909090909,0.04810126582278481,0.19146873485215704,0.7840909090909091,0.19037974683544304,412.0,89.0
CART,refitted,A_b20,A,0.2,20,time,-1,,2063,88,19,376,69,1599,395,1756,85.11875908870577,-0.19389238972370335,0.2159090909090909,0.04810126582278481,0.19146873485215704,0.7840909090909091,0.19037974683544304,412.0,89.0
CART,refitted,A_b20,A,0.2,50,time,-1,,2063,88,19,376,69,1599,395,3826,185.45807077072226,-27.82355792535143,0.2159090909090909,0.04810126582278481,0.19146873485215704,0.7840909090909091,0.19037974683544304,412.0,89.0
CART,refitted,B_r05,B,,5,time,-1,,2063,88,17,108,71,1867,125,463,22.443044110518663,1.1148812409112943,0.19318181818181818,0.136,0.0605913717886573,0.8068181818181818,0.05468354430379747,,
CART,refitted,B_r10,B,,10,time,-1,,2063,88,39,518,49,1457,557,1008,48.86088221037324,6.204556471158507,0.4431818181818182,0.07001795332136446,0.2699951526902569,0.5568181818181818,0.2622784810126582,,
CART,refitted,B_r20,B,,20,time,-1,,2063,88,53,752,35,1223,805,1452,70.38293746970432,-14.929714008725158,0.6022727272727273,0.06583850931677018,0.39020843431895297,0.3977272727272727,0.3807594936708861,,
CART,refitted,B_r50,B,,50,time,-1,,2063,88,63,1092,25,883,1155,2342,113.52399418322831,-99.75763451284537,0.7159090909090909,0.05454545454545454,0.5598642753271934,0.2840909090909091,0.5529113924050633,,
CART,refitted,C_b01_r05,C,0.01,5,time,-1,,2063,88,0,0,88,1975,0,440,21.328162869607368,0.0,0.0,0.0,0.0,1.0,0.0,20.0,0.0
CART,refitted,C_b01_r10,C,0.01,10,time,-1,,2063,88,0,0,88,1975,0,880,42.656325739214736,0.0,0.0,0.0,0.0,1.0,0.0,20.0,0.0
CART,refitted,C_b01_r20,C,0.01,20,time,-1,,2063,88,0,0,88,1975,0,1760,85.31265147842947,0.0,0.0,0.0,0.0,1.0,0.0,20.0,0.0
CART,refitted,C_b01_r50,C,0.01,50,time,-1,,2063,88,0,0,88,1975,0,4400,213.28162869607368,0.0,0.0,0.0,0.0,1.0,0.0,20.0,0.0
CART,refitted,C_b05_r05,C,0.05,5,time,-1,,2063,88,0,1,88,1974,1,441,21.376635967038293,0.048473097430925836,0.0,0.0,0.0004847309743092584,1.0,0.0005063291139240507,100.0,0.0
CART,refitted,C_b05_r10,C,0.05,10,time,-1,,2063,88,3,31,85,1944,34,881,42.704798836645665,0.048473097430925836,0.03409090909090909,0.08823529411764706,0.016480853126514785,0.9659090909090909,0.01569620253164557,100.0,8.0
CART,refitted,C_b05_r20,C,0.05,20,time,-1,,2063,88,3,31,85,1944,34,1731,83.90693165293263,-1.4057198254968493,0.03409090909090909,0.08823529411764706,0.016480853126514785,0.9659090909090909,0.01569620253164557,100.0,8.0
CART,refitted,C_b05_r50,C,0.05,50,time,-1,,2063,88,3,31,85,1944,34,4281,207.5133301017935,-5.768298594280174,0.03409090909090909,0.08823529411764706,0.016480853126514785,0.9659090909090909,0.01569620253164557,100.0,8.0
CART,refitted,C_b10_r05,C,0.1,5,time,-1,,2063,88,0,1,88,1974,1,441,21.376635967038293,0.048473097430925836,0.0,0.0,0.0004847309743092584,1.0,0.0005063291139240507,204.0,0.0
CART,refitted,C_b10_r10,C,0.1,10,time,-1,,2063,88,3,39,85,1936,42,889,43.092583616093066,0.4362578768783325,0.03409090909090909,0.07142857142857142,0.02035870092098885,0.9659090909090909,0.019746835443037975,204.0,0.0
CART,refitted,C_b10_r20,C,0.1,20,time,-1,,2063,88,3,39,85,1936,42,1739,84.29471643238003,-1.0179350460494425,0.03409090909090909,0.07142857142857142,0.02035870092098885,0.9659090909090909,0.019746835443037975,204.0,0.0
CART,refitted,C_b10_r50,C,0.1,50,time,-1,,2063,88,5,68,83,1907,73,4218,204.45952496364518,-8.822103732428502,0.056818181818181816,0.0684931506849315,0.03538536112457586,0.9431818181818182,0.034430379746835445,204.0,0.0
CART,refitted,C_b20_r05,C,0.2,5,time,-1,,2063,88,0,4,88,1971,4,444,21.522055259331072,0.19389238972370335,0.0,0.0,0.0019389238972370335,1.0,0.0020253164556962027,412.0,0.0
CART,refitted,C_b20_r10,C,0.2,10,time,-1,,2063,88,3,42,85,1933,45,892,43.238002908385845,0.58167716917111,0.03409090909090909,0.06666666666666667,0.021812893843916627,0.9659090909090909,0.021265822784810127,412.0,0.0
CART,refitted,C_b20_r20,C,0.2,20,time,-1,,2063,88,6,75,82,1900,81,1715,83.13136209403781,-2.1812893843916625,0.06818181818181818,0.07407407407407407,0.03926320891904993,0.9318181818181818,0.0379746835443038,412.0,0.0
CART,refitted,C_b20_r50,C,0.2,50,time,-1,,2063,88,8,104,80,1871,112,4104,198.93359185651963,-14.348036839554048,0.09090909090909091,0.07142857142857142,0.05428986912263694,0.9090909090909091,0.052658227848101265,412.0,0.0
CART,refitted,TopK_b01,TopK,0.01,5,time,-1,,2063,88,1,19,87,1956,20,454,22.00678623364033,0.6786233640329618,0.011363636363636364,0.05,0.009694619486185167,0.9886363636363636,0.009620253164556962,20.0,0.0
CART,refitted,TopK_b01,TopK,0.01,10,time,-1,,2063,88,1,19,87,1956,20,889,43.092583616093066,0.4362578768783325,0.011363636363636364,0.05,0.009694619486185167,0.9886363636363636,0.009620253164556962,20.0,0.0
CART,refitted,TopK_b01,TopK,0.01,20,time,-1,,2063,88,1,19,87,1956,20,1759,85.26417838099854,-0.048473097430925836,0.011363636363636364,0.05,0.009694619486185167,0.9886363636363636,0.009620253164556962,20.0,0.0
CART,refitted,TopK_b01,TopK,0.01,50,time,-1,,2063,88,1,19,87,1956,20,4369,211.77896267571498,-1.502666020358701,0.011363636363636364,0.05,0.009694619486185167,0.9886363636363636,0.009620253164556962,20.0,0.0
CART,refitted,TopK_b05,TopK,0.05,5,time,-1,,2063,88,6,94,82,1881,100,504,24.43044110518662,3.1022782355792535,0.06818181818181818,0.06,0.048473097430925836,0.9318181818181818,0.04759493670886076,100.0,0.0
CART,refitted,TopK_b05,TopK,0.05,10,time,-1,,2063,88,6,94,82,1881,100,914,44.30441105186621,1.6480853126514785,0.06818181818181818,0.06,0.048473097430925836,0.9318181818181818,0.04759493670886076,100.0,0.0
CART,refitted,TopK_b05,TopK,0.05,20,time,-1,,2063,88,6,94,82,1881,100,1734,84.0523509452254,-1.2603005332040718,0.06818181818181818,0.06,0.048473097430925836,0.9318181818181818,0.04759493670886076,100.0,0.0
CART,refitted,TopK_b05,TopK,0.05,50,time,-1,,2063,88,6,94,82,1881,100,4194,203.29617062530295,-9.985458070770722,0.06818181818181818,0.06,0.048473097430925836,0.9318181818181818,0.04759493670886076,100.0,0.0
CART,refitted,TopK_b10,TopK,0.1,5,time,-1,,2063,88,12,192,76,1783,204,572,27.72661173048958,6.39844886088221,0.13636363636363635,0.058823529411764705,0.0988851187590887,0.8636363636363636,0.09721518987341772,204.0,0.0
CART,refitted,TopK_b10,TopK,0.1,10,time,-1,,2063,88,12,192,76,1783,204,952,46.14638875424139,3.49006301502666,0.13636363636363635,0.058823529411764705,0.0988851187590887,0.8636363636363636,0.09721518987341772,204.0,0.0
CART,refitted,TopK_b10,TopK,0.1,20,time,-1,,2063,88,12,192,76,1783,204,1712,82.98594280174503,-2.32670867668444,0.13636363636363635,0.058823529411764705,0.0988851187590887,0.8636363636363636,0.09721518987341772,204.0,0.0
CART,refitted,TopK_b10,TopK,0.1,50,time,-1,,2063,88,12,192,76,1783,204,3992,193.50460494425593,-19.77702375181774,0.13636363636363635,0.058823529411764705,0.0988851187590887,0.8636363636363636,0.09721518987341772,204.0,0.0
CART,refitted,TopK_b20,TopK,0.2,5,time,-1,,2063,88,29,383,59,1592,412,678,32.86476005816772,11.536597188560348,0.32954545454545453,0.0703883495145631,0.19970916141541445,0.6704545454545454,0.1939240506329114,412.0,0.0
CART,refitted,TopK_b20,TopK,0.2,10,time,-1,,2063,88,29,383,59,1592,412,973,47.16432380029084,4.507998061076103,0.32954545454545453,0.0703883495145631,0.19970916141541445,0.6704545454545454,0.1939240506329114,412.0,0.0
CART,refitted,TopK_b20,TopK,0.2,20,time,-1,,2063,88,29,383,59,1592,412,1563,75.76345128453708,-9.54920019389239,0.32954545454545453,0.0703883495145631,0.19970916141541445,0.6704545454545454,0.1939240506329114,412.0,0.0
CART,refitted,TopK_b20,TopK,0.2,50,time,-1,,2063,88,29,383,59,1592,412,3333,161.5608337372758,-51.72079495879787,0.32954545454545453,0.0703883495145631,0.19970916141541445,0.6704545454545454,0.1939240506329114,412.0,0.0
