model,scheme,fold,rule,mechanism,budget,cost,candidate,threshold,reference_n,reference_positives,reference_alerts,reference_tp,reference_fp,reference_fn,reference_loss,candidate_count,feasible_count,optimal_decisions,loss_gap,slots,capacity_binding,feasible_on_reference,reference_prevalence,threshold_kind,loss_gap_100,reference_capacity_zero,reference_capacity_utilization,unconstrained_cost_optimum_exceeds_reference_capacity,no_alarm_reason,no_alarm_tied_with_other_optimum,unconstrained_reference_alerts
XGBoost,time,0,A_b01,A,0.01,,1,0.4266574680805206,103,21,1,0,1,21,,74,2,1,,1.0,,True,0.20388349514563106,finite,,False,1.0,,,,
XGBoost,time,0,A_b05,A,0.05,,3,0.4136250019073486,103,21,5,1,4,20,,74,4,1,,5.0,,True,0.20388349514563106,finite,,False,1.0,,,,
XGBoost,time,0,A_b10,A,0.1,,4,0.4115284383296966,103,21,10,2,8,19,,74,5,1,,10.0,,True,0.20388349514563106,finite,,False,1.0,,,,
XGBoost,time,0,A_b20,A,0.2,,12,0.3858535885810852,103,21,20,6,14,15,,74,13,1,,20.0,,True,0.20388349514563106,finite,,False,1.0,,,,
XGBoost,time,0,B_r05,B,,5.0,28,0.2989656925201416,103,21,44,13,31,8,71.0,74,74,1,1.0,,False,True,0.20388349514563106,finite,0.970873786407767,,,False,,,
XGBoost,time,0,B_r10,B,,10.0,71,0.0277282074093818,103,21,100,21,79,0,79.0,74,74,1,1.0,,False,True,0.20388349514563106,finite,0.970873786407767,,,False,,,
XGBoost,time,0,B_r20,B,,20.0,71,0.0277282074093818,103,21,100,21,79,0,79.0,74,74,1,1.0,,False,True,0.20388349514563106,finite,0.970873786407767,,,False,,,
XGBoost,time,0,B_r50,B,,50.0,71,0.0277282074093818,103,21,100,21,79,0,79.0,74,74,1,1.0,,False,True,0.20388349514563106,finite,0.970873786407767,,,False,,,
XGBoost,time,0,C_b01_r05,C,0.01,5.0,0,inf,103,21,0,0,0,21,105.0,74,2,1,1.0,1.0,True,True,0.20388349514563106,no_alarm,0.970873786407767,False,0.0,True,capacity_changes_to_no_alarm,False,44.0
XGBoost,time,0,C_b01_r10,C,0.01,10.0,0,inf,103,21,0,0,0,21,210.0,74,2,1,1.0,1.0,True,True,0.20388349514563106,no_alarm,0.970873786407767,False,0.0,True,capacity_changes_to_no_alarm,False,100.0
XGBoost,time,0,C_b01_r20,C,0.01,20.0,0,inf,103,21,0,0,0,21,420.0,74,2,1,1.0,1.0,True,True,0.20388349514563106,no_alarm,0.970873786407767,False,0.0,True,capacity_changes_to_no_alarm,False,100.0
XGBoost,time,0,C_b01_r50,C,0.01,50.0,0,inf,103,21,0,0,0,21,1050.0,74,2,1,1.0,1.0,True,True,0.20388349514563106,no_alarm,0.970873786407767,False,0.0,True,capacity_changes_to_no_alarm,False,100.0
XGBoost,time,0,C_b05_r05,C,0.05,5.0,2,0.425698459148407,103,21,3,1,2,20,102.0,74,4,1,2.0,5.0,True,True,0.20388349514563106,finite,1.941747572815534,False,0.6,True,alarm_selected,False,44.0
XGBoost,time,0,C_b05_r10,C,0.05,10.0,2,0.425698459148407,103,21,3,1,2,20,202.0,74,4,1,2.0,5.0,True,True,0.20388349514563106,finite,1.941747572815534,False,0.6,True,alarm_selected,False,100.0
XGBoost,time,0,C_b05_r20,C,0.05,20.0,2,0.425698459148407,103,21,3,1,2,20,402.0,74,4,1,2.0,5.0,True,True,0.20388349514563106,finite,1.941747572815534,False,0.6,True,alarm_selected,False,100.0
XGBoost,time,0,C_b05_r50,C,0.05,50.0,2,0.425698459148407,103,21,3,1,2,20,1002.0,74,4,1,2.0,5.0,True,True,0.20388349514563106,finite,1.941747572815534,False,0.6,True,alarm_selected,False,100.0
XGBoost,time,0,C_b10_r05,C,0.1,5.0,2,0.425698459148407,103,21,3,1,2,20,102.0,74,5,1,1.0,10.0,True,True,0.20388349514563106,finite,0.970873786407767,False,0.3,True,alarm_selected,False,44.0
XGBoost,time,0,C_b10_r10,C,0.1,10.0,4,0.4115284383296966,103,21,10,2,8,19,198.0,74,5,1,4.0,10.0,True,True,0.20388349514563106,finite,3.883495145631068,False,1.0,True,alarm_selected,False,100.0
XGBoost,time,0,C_b10_r20,C,0.1,20.0,4,0.4115284383296966,103,21,10,2,8,19,388.0,74,5,1,14.0,10.0,True,True,0.20388349514563106,finite,13.592233009708737,False,1.0,True,alarm_selected,False,100.0
XGBoost,time,0,C_b10_r50,C,0.1,50.0,4,0.4115284383296966,103,21,10,2,8,19,958.0,74,5,1,44.0,10.0,True,True,0.20388349514563106,finite,42.71844660194175,False,1.0,True,alarm_selected,False,100.0
XGBoost,time,0,C_b20_r05,C,0.2,5.0,9,0.3949406743049621,103,21,17,6,11,15,86.0,74,13,1,1.0,20.0,True,True,0.20388349514563106,finite,0.970873786407767,False,0.85,True,alarm_selected,False,44.0
XGBoost,time,0,C_b20_r10,C,0.2,10.0,9,0.3949406743049621,103,21,17,6,11,15,161.0,74,13,1,1.0,20.0,True,True,0.20388349514563106,finite,0.970873786407767,False,0.85,True,alarm_selected,False,100.0
XGBoost,time,0,C_b20_r20,C,0.2,20.0,9,0.3949406743049621,103,21,17,6,11,15,311.0,74,13,1,1.0,20.0,True,True,0.20388349514563106,finite,0.970873786407767,False,0.85,True,alarm_selected,False,100.0
XGBoost,time,0,C_b20_r50,C,0.2,50.0,9,0.3949406743049621,103,21,17,6,11,15,761.0,74,13,1,1.0,20.0,True,True,0.20388349514563106,finite,0.970873786407767,False,0.85,True,alarm_selected,False,100.0
XGBoost,time,1,A_b01,A,0.01,,2,0.1362728625535965,207,1,2,0,2,1,,122,3,1,,2.0,,True,0.004830917874396135,finite,,False,1.0,,,,
XGBoost,time,1,A_b05,A,0.05,,10,0.0958014577627182,207,1,10,0,10,1,,122,11,1,,10.0,,True,0.004830917874396135,finite,,False,1.0,,,,
XGBoost,time,1,A_b10,A,0.1,,20,0.069511279463768,207,1,20,0,20,1,,122,21,1,,20.0,,True,0.004830917874396135,finite,,False,1.0,,,,
XGBoost,time,1,A_b20,A,0.2,,37,0.0447379685938358,207,1,41,0,41,1,,122,38,1,,41.0,,True,0.004830917874396135,finite,,False,1.0,,,,
XGBoost,time,1,B_r05,B,,5.0,0,inf,207,1,0,0,0,1,5.0,122,122,1,1.0,,False,True,0.004830917874396135,no_alarm,0.4830917874396135,,,False,,,
XGBoost,time,1,B_r10,B,,10.0,0,inf,207,1,0,0,0,1,10.0,122,122,1,1.0,,False,True,0.004830917874396135,no_alarm,0.4830917874396135,,,False,,,
XGBoost,time,1,B_r20,B,,20.0,0,inf,207,1,0,0,0,1,20.0,122,122,1,1.0,,False,True,0.004830917874396135,no_alarm,0.4830917874396135,,,False,,,
XGBoost,time,1,B_r50,B,,50.0,0,inf,207,1,0,0,0,1,50.0,122,122,1,1.0,,False,True,0.004830917874396135,no_alarm,0.4830917874396135,,,False,,,
XGBoost,time,1,C_b01_r05,C,0.01,5.0,0,inf,207,1,0,0,0,1,5.0,122,3,1,1.0,2.0,False,True,0.004830917874396135,no_alarm,0.4830917874396135,False,0.0,False,cost_selects_no_alarm,False,0.0
XGBoost,time,1,C_b01_r10,C,0.01,10.0,0,inf,207,1,0,0,0,1,10.0,122,3,1,1.0,2.0,False,True,0.004830917874396135,no_alarm,0.4830917874396135,False,0.0,False,cost_selects_no_alarm,False,0.0
XGBoost,time,1,C_b01_r20,C,0.01,20.0,0,inf,207,1,0,0,0,1,20.0,122,3,1,1.0,2.0,False,True,0.004830917874396135,no_alarm,0.4830917874396135,False,0.0,False,cost_selects_no_alarm,False,0.0
XGBoost,time,1,C_b01_r50,C,0.01,50.0,0,inf,207,1,0,0,0,1,50.0,122,3,1,1.0,2.0,False,True,0.004830917874396135,no_alarm,0.4830917874396135,False,0.0,False,cost_selects_no_alarm,False,0.0
XGBoost,time,1,C_b05_r05,C,0.05,5.0,0,inf,207,1,0,0,0,1,5.0,122,11,1,1.0,10.0,False,True,0.004830917874396135,no_alarm,0.4830917874396135,False,0.0,False,cost_selects_no_alarm,False,0.0
XGBoost,time,1,C_b05_r10,C,0.05,10.0,0,inf,207,1,0,0,0,1,10.0,122,11,1,1.0,10.0,False,True,0.004830917874396135,no_alarm,0.4830917874396135,False,0.0,False,cost_selects_no_alarm,False,0.0
XGBoost,time,1,C_b05_r20,C,0.05,20.0,0,inf,207,1,0,0,0,1,20.0,122,11,1,1.0,10.0,False,True,0.004830917874396135,no_alarm,0.4830917874396135,False,0.0,False,cost_selects_no_alarm,False,0.0
XGBoost,time,1,C_b05_r50,C,0.05,50.0,0,inf,207,1,0,0,0,1,50.0,122,11,1,1.0,10.0,False,True,0.004830917874396135,no_alarm,0.4830917874396135,False,0.0,False,cost_selects_no_alarm,False,0.0
XGBoost,time,1,C_b10_r05,C,0.1,5.0,0,inf,207,1,0,0,0,1,5.0,122,21,1,1.0,20.0,False,True,0.004830917874396135,no_alarm,0.4830917874396135,False,0.0,False,cost_selects_no_alarm,False,0.0
XGBoost,time,1,C_b10_r10,C,0.1,10.0,0,inf,207,1,0,0,0,1,10.0,122,21,1,1.0,20.0,False,True,0.004830917874396135,no_alarm,0.4830917874396135,False,0.0,False,cost_selects_no_alarm,False,0.0
XGBoost,time,1,C_b10_r20,C,0.1,20.0,0,inf,207,1,0,0,0,1,20.0,122,21,1,1.0,20.0,False,True,0.004830917874396135,no_alarm,0.4830917874396135,False,0.0,False,cost_selects_no_alarm,False,0.0
XGBoost,time,1,C_b10_r50,C,0.1,50.0,0,inf,207,1,0,0,0,1,50.0,122,21,1,1.0,20.0,False,True,0.004830917874396135,no_alarm,0.4830917874396135,False,0.0,False,cost_selects_no_alarm,False,0.0
XGBoost,time,1,C_b20_r05,C,0.2,5.0,0,inf,207,1,0,0,0,1,5.0,122,38,1,1.0,41.0,False,True,0.004830917874396135,no_alarm,0.4830917874396135,False,0.0,False,cost_selects_no_alarm,False,0.0
XGBoost,time,1,C_b20_r10,C,0.2,10.0,0,inf,207,1,0,0,0,1,10.0,122,38,1,1.0,41.0,False,True,0.004830917874396135,no_alarm,0.4830917874396135,False,0.0,False,cost_selects_no_alarm,False,0.0
XGBoost,time,1,C_b20_r20,C,0.2,20.0,0,inf,207,1,0,0,0,1,20.0,122,38,1,1.0,41.0,False,True,0.004830917874396135,no_alarm,0.4830917874396135,False,0.0,False,cost_selects_no_alarm,False,0.0
XGBoost,time,1,C_b20_r50,C,0.2,50.0,0,inf,207,1,0,0,0,1,50.0,122,38,1,1.0,41.0,False,True,0.004830917874396135,no_alarm,0.4830917874396135,False,0.0,False,cost_selects_no_alarm,False,0.0
XGBoost,time,2,A_b01,A,0.01,,3,0.2580332458019256,310,7,3,0,3,7,,195,4,1,,3.0,,True,0.02258064516129032,finite,,False,1.0,,,,
XGBoost,time,2,A_b05,A,0.05,,14,0.1305900663137436,310,7,15,0,15,7,,195,15,1,,15.0,,True,0.02258064516129032,finite,,False,1.0,,,,
XGBoost,time,2,A_b10,A,0.1,,29,0.0943457707762718,310,7,31,0,31,7,,195,30,1,,31.0,,True,0.02258064516129032,finite,,False,1.0,,,,
XGBoost,time,2,A_b20,A,0.2,,57,0.0354070663452148,310,7,62,1,61,6,,195,58,1,,62.0,,True,0.02258064516129032,finite,,False,1.0,,,,
XGBoost,time,2,B_r05,B,,5.0,0,inf,310,7,0,0,0,7,35.0,195,195,1,1.0,,False,True,0.02258064516129032,no_alarm,0.3225806451612903,,,False,,,
XGBoost,time,2,B_r10,B,,10.0,0,inf,310,7,0,0,0,7,70.0,195,195,1,1.0,,False,True,0.02258064516129032,no_alarm,0.3225806451612903,,,False,,,
XGBoost,time,2,B_r20,B,,20.0,0,inf,310,7,0,0,0,7,140.0,195,195,1,1.0,,False,True,0.02258064516129032,no_alarm,0.3225806451612903,,,False,,,
XGBoost,time,2,B_r50,B,,50.0,103,0.0274993423372507,310,7,157,6,151,1,201.0,195,195,1,2.0,,False,True,0.02258064516129032,finite,0.6451612903225806,,,False,,,
XGBoost,time,2,C_b01_r05,C,0.01,5.0,0,inf,310,7,0,0,0,7,35.0,195,4,1,1.0,3.0,False,True,0.02258064516129032,no_alarm,0.3225806451612903,False,0.0,False,cost_selects_no_alarm,False,0.0
XGBoost,time,2,C_b01_r10,C,0.01,10.0,0,inf,310,7,0,0,0,7,70.0,195,4,1,1.0,3.0,False,True,0.02258064516129032,no_alarm,0.3225806451612903,False,0.0,False,cost_selects_no_alarm,False,0.0
XGBoost,time,2,C_b01_r20,C,0.01,20.0,0,inf,310,7,0,0,0,7,140.0,195,4,1,1.0,3.0,False,True,0.02258064516129032,no_alarm,0.3225806451612903,False,0.0,False,cost_selects_no_alarm,False,0.0
XGBoost,time,2,C_b01_r50,C,0.01,50.0,0,inf,310,7,0,0,0,7,350.0,195,4,1,1.0,3.0,True,True,0.02258064516129032,no_alarm,0.3225806451612903,False,0.0,True,capacity_changes_to_no_alarm,False,157.0
XGBoost,time,2,C_b05_r05,C,0.05,5.0,0,inf,310,7,0,0,0,7,35.0,195,15,1,1.0,15.0,False,True,0.02258064516129032,no_alarm,0.3225806451612903,False,0.0,False,cost_selects_no_alarm,False,0.0
XGBoost,time,2,C_b05_r10,C,0.05,10.0,0,inf,310,7,0,0,0,7,70.0,195,15,1,1.0,15.0,False,True,0.02258064516129032,no_alarm,0.3225806451612903,False,0.0,False,cost_selects_no_alarm,False,0.0
XGBoost,time,2,C_b05_r20,C,0.05,20.0,0,inf,310,7,0,0,0,7,140.0,195,15,1,1.0,15.0,False,True,0.02258064516129032,no_alarm,0.3225806451612903,False,0.0,False,cost_selects_no_alarm,False,0.0
XGBoost,time,2,C_b05_r50,C,0.05,50.0,0,inf,310,7,0,0,0,7,350.0,195,15,1,1.0,15.0,True,True,0.02258064516129032,no_alarm,0.3225806451612903,False,0.0,True,capacity_changes_to_no_alarm,False,157.0
XGBoost,time,2,C_b10_r05,C,0.1,5.0,0,inf,310,7,0,0,0,7,35.0,195,30,1,1.0,31.0,False,True,0.02258064516129032,no_alarm,0.3225806451612903,False,0.0,False,cost_selects_no_alarm,False,0.0
XGBoost,time,2,C_b10_r10,C,0.1,10.0,0,inf,310,7,0,0,0,7,70.0,195,30,1,1.0,31.0,False,True,0.02258064516129032,no_alarm,0.3225806451612903,False,0.0,False,cost_selects_no_alarm,False,0.0
XGBoost,time,2,C_b10_r20,C,0.1,20.0,0,inf,310,7,0,0,0,7,140.0,195,30,1,1.0,31.0,False,True,0.02258064516129032,no_alarm,0.3225806451612903,False,0.0,False,cost_selects_no_alarm,False,0.0
XGBoost,time,2,C_b10_r50,C,0.1,50.0,0,inf,310,7,0,0,0,7,350.0,195,30,1,1.0,31.0,True,True,0.02258064516129032,no_alarm,0.3225806451612903,False,0.0,True,capacity_changes_to_no_alarm,False,157.0
XGBoost,time,2,C_b20_r05,C,0.2,5.0,0,inf,310,7,0,0,0,7,35.0,195,58,1,1.0,62.0,False,True,0.02258064516129032,no_alarm,0.3225806451612903,False,0.0,False,cost_selects_no_alarm,False,0.0
XGBoost,time,2,C_b20_r10,C,0.2,10.0,0,inf,310,7,0,0,0,7,70.0,195,58,1,1.0,62.0,False,True,0.02258064516129032,no_alarm,0.3225806451612903,False,0.0,False,cost_selects_no_alarm,False,0.0
XGBoost,time,2,C_b20_r20,C,0.2,20.0,0,inf,310,7,0,0,0,7,140.0,195,58,1,1.0,62.0,False,True,0.02258064516129032,no_alarm,0.3225806451612903,False,0.0,False,cost_selects_no_alarm,False,0.0
XGBoost,time,2,C_b20_r50,C,0.2,50.0,0,inf,310,7,0,0,0,7,350.0,195,58,1,1.0,62.0,True,True,0.02258064516129032,no_alarm,0.3225806451612903,False,0.0,True,capacity_changes_to_no_alarm,False,157.0
XGBoost,time,3,A_b01,A,0.01,,4,0.1847144663333892,413,20,4,0,4,20,,264,5,1,,4.0,,True,0.048426150121065374,finite,,False,1.0,,,,
XGBoost,time,3,A_b05,A,0.05,,20,0.115551546216011,413,20,20,3,17,17,,264,21,1,,20.0,,True,0.048426150121065374,finite,,False,1.0,,,,
XGBoost,time,3,A_b10,A,0.1,,41,0.0930024236440658,413,20,41,5,36,15,,264,42,1,,41.0,,True,0.048426150121065374,finite,,False,1.0,,,,
XGBoost,time,3,A_b20,A,0.2,,75,0.0620892755687236,413,20,82,6,76,14,,264,76,1,,82.0,,True,0.048426150121065374,finite,,False,1.0,,,,
XGBoost,time,3,B_r05,B,,5.0,12,0.1392924785614013,413,20,12,3,9,17,94.0,264,264,1,1.0,,False,True,0.048426150121065374,finite,0.24213075060532688,,,False,,,
XGBoost,time,3,B_r10,B,,10.0,12,0.1392924785614013,413,20,12,3,9,17,179.0,264,264,1,1.0,,False,True,0.048426150121065374,finite,0.24213075060532688,,,False,,,
XGBoost,time,3,B_r20,B,,20.0,217,0.0212721042335033,413,20,268,18,250,2,290.0,264,264,1,1.0,,False,True,0.048426150121065374,finite,0.24213075060532688,,,False,,,
XGBoost,time,3,B_r50,B,,50.0,251,0.0154421813786029,413,20,360,20,340,0,340.0,264,264,1,1.0,,False,True,0.048426150121065374,finite,0.24213075060532688,,,False,,,
XGBoost,time,3,C_b01_r05,C,0.01,5.0,0,inf,413,20,0,0,0,20,100.0,264,5,1,1.0,4.0,True,True,0.048426150121065374,no_alarm,0.24213075060532688,False,0.0,True,capacity_changes_to_no_alarm,False,12.0
XGBoost,time,3,C_b01_r10,C,0.01,10.0,0,inf,413,20,0,0,0,20,200.0,264,5,1,1.0,4.0,True,True,0.048426150121065374,no_alarm,0.24213075060532688,False,0.0,True,capacity_changes_to_no_alarm,False,12.0
XGBoost,time,3,C_b01_r20,C,0.01,20.0,0,inf,413,20,0,0,0,20,400.0,264,5,1,1.0,4.0,True,True,0.048426150121065374,no_alarm,0.24213075060532688,False,0.0,True,capacity_changes_to_no_alarm,False,268.0
XGBoost,time,3,C_b01_r50,C,0.01,50.0,0,inf,413,20,0,0,0,20,1000.0,264,5,1,1.0,4.0,True,True,0.048426150121065374,no_alarm,0.24213075060532688,False,0.0,True,capacity_changes_to_no_alarm,False,360.0
XGBoost,time,3,C_b05_r05,C,0.05,5.0,12,0.1392924785614013,413,20,12,3,9,17,94.0,264,21,1,1.0,20.0,False,True,0.048426150121065374,finite,0.24213075060532688,False,0.6,False,alarm_selected,False,12.0
XGBoost,time,3,C_b05_r10,C,0.05,10.0,12,0.1392924785614013,413,20,12,3,9,17,179.0,264,21,1,1.0,20.0,False,True,0.048426150121065374,finite,0.24213075060532688,False,0.6,False,alarm_selected,False,12.0
XGBoost,time,3,C_b05_r20,C,0.05,20.0,12,0.1392924785614013,413,20,12,3,9,17,349.0,264,21,1,1.0,20.0,True,True,0.048426150121065374,finite,0.24213075060532688,False,0.6,True,alarm_selected,False,268.0
XGBoost,time,3,C_b05_r50,C,0.05,50.0,12,0.1392924785614013,413,20,12,3,9,17,859.0,264,21,1,1.0,20.0,True,True,0.048426150121065374,finite,0.24213075060532688,False,0.6,True,alarm_selected,False,360.0
XGBoost,time,3,C_b10_r05,C,0.1,5.0,12,0.1392924785614013,413,20,12,3,9,17,94.0,264,42,1,1.0,41.0,False,True,0.048426150121065374,finite,0.24213075060532688,False,0.2926829268292683,False,alarm_selected,False,12.0
XGBoost,time,3,C_b10_r10,C,0.1,10.0,12,0.1392924785614013,413,20,12,3,9,17,179.0,264,42,1,1.0,41.0,False,True,0.048426150121065374,finite,0.24213075060532688,False,0.2926829268292683,False,alarm_selected,False,12.0
XGBoost,time,3,C_b10_r20,C,0.1,20.0,41,0.0930024236440658,413,20,41,5,36,15,336.0,264,42,1,10.0,41.0,True,True,0.048426150121065374,finite,2.4213075060532687,False,1.0,True,alarm_selected,False,268.0
XGBoost,time,3,C_b10_r50,C,0.1,50.0,41,0.0930024236440658,413,20,41,5,36,15,786.0,264,42,1,40.0,41.0,True,True,0.048426150121065374,finite,9.685230024213075,False,1.0,True,alarm_selected,False,360.0
XGBoost,time,3,C_b20_r05,C,0.2,5.0,12,0.1392924785614013,413,20,12,3,9,17,94.0,264,76,1,1.0,82.0,False,True,0.048426150121065374,finite,0.24213075060532688,False,0.14634146341463414,False,alarm_selected,False,12.0
XGBoost,time,3,C_b20_r10,C,0.2,10.0,12,0.1392924785614013,413,20,12,3,9,17,179.0,264,76,1,1.0,82.0,False,True,0.048426150121065374,finite,0.24213075060532688,False,0.14634146341463414,False,alarm_selected,False,12.0
XGBoost,time,3,C_b20_r20,C,0.2,20.0,41,0.0930024236440658,413,20,41,5,36,15,336.0,264,76,1,1.0,82.0,True,True,0.048426150121065374,finite,0.24213075060532688,False,0.5,True,alarm_selected,False,268.0
XGBoost,time,3,C_b20_r50,C,0.2,50.0,63,0.0699763149023056,413,20,68,6,62,14,762.0,264,76,1,1.0,82.0,True,True,0.048426150121065374,finite,0.24213075060532688,False,0.8292682926829268,True,alarm_selected,False,360.0
XGBoost,holdout,0,A_b01,A,0.01,,2,0.3822552859783172,361,21,3,0,3,21,,298,3,1,,3.0,,True,0.05817174515235457,finite,,False,1.0,,,,
XGBoost,holdout,0,A_b05,A,0.05,,15,0.2313634604215622,361,21,18,0,18,21,,298,16,1,,18.0,,True,0.05817174515235457,finite,,False,1.0,,,,
XGBoost,holdout,0,A_b10,A,0.1,,30,0.1650644838809967,361,21,36,3,33,18,,298,31,1,,36.0,,True,0.05817174515235457,finite,,False,1.0,,,,
XGBoost,holdout,0,A_b20,A,0.2,,64,0.0934135690331459,361,21,72,5,67,16,,298,65,1,,72.0,,True,0.05817174515235457,finite,,False,1.0,,,,
XGBoost,holdout,0,B_r05,B,,5.0,0,inf,361,21,0,0,0,21,105.0,298,298,1,1.0,,False,True,0.05817174515235457,no_alarm,0.2770083102493075,,,False,,,
XGBoost,holdout,0,B_r10,B,,10.0,43,0.1280456930398941,361,21,51,5,46,16,206.0,298,298,1,1.0,,False,True,0.05817174515235457,finite,0.2770083102493075,,,False,,,
XGBoost,holdout,0,B_r20,B,,20.0,232,0.0154908513650298,361,21,291,19,272,2,312.0,298,298,1,1.0,,False,True,0.05817174515235457,finite,0.2770083102493075,,,False,,,
XGBoost,holdout,0,B_r50,B,,50.0,290,0.0096515342593193,361,21,353,21,332,0,332.0,298,298,1,1.0,,False,True,0.05817174515235457,finite,0.2770083102493075,,,False,,,
XGBoost,holdout,0,C_b01_r05,C,0.01,5.0,0,inf,361,21,0,0,0,21,105.0,298,3,1,1.0,3.0,False,True,0.05817174515235457,no_alarm,0.2770083102493075,False,0.0,False,cost_selects_no_alarm,False,0.0
XGBoost,holdout,0,C_b01_r10,C,0.01,10.0,0,inf,361,21,0,0,0,21,210.0,298,3,1,1.0,3.0,True,True,0.05817174515235457,no_alarm,0.2770083102493075,False,0.0,True,capacity_changes_to_no_alarm,False,51.0
XGBoost,holdout,0,C_b01_r20,C,0.01,20.0,0,inf,361,21,0,0,0,21,420.0,298,3,1,1.0,3.0,True,True,0.05817174515235457,no_alarm,0.2770083102493075,False,0.0,True,capacity_changes_to_no_alarm,False,291.0
XGBoost,holdout,0,C_b01_r50,C,0.01,50.0,0,inf,361,21,0,0,0,21,1050.0,298,3,1,1.0,3.0,True,True,0.05817174515235457,no_alarm,0.2770083102493075,False,0.0,True,capacity_changes_to_no_alarm,False,353.0
XGBoost,holdout,0,C_b05_r05,C,0.05,5.0,0,inf,361,21,0,0,0,21,105.0,298,16,1,1.0,18.0,False,True,0.05817174515235457,no_alarm,0.2770083102493075,False,0.0,False,cost_selects_no_alarm,False,0.0
XGBoost,holdout,0,C_b05_r10,C,0.05,10.0,0,inf,361,21,0,0,0,21,210.0,298,16,1,1.0,18.0,True,True,0.05817174515235457,no_alarm,0.2770083102493075,False,0.0,True,capacity_changes_to_no_alarm,False,51.0
XGBoost,holdout,0,C_b05_r20,C,0.05,20.0,0,inf,361,21,0,0,0,21,420.0,298,16,1,1.0,18.0,True,True,0.05817174515235457,no_alarm,0.2770083102493075,False,0.0,True,capacity_changes_to_no_alarm,False,291.0
XGBoost,holdout,0,C_b05_r50,C,0.05,50.0,0,inf,361,21,0,0,0,21,1050.0,298,16,1,1.0,18.0,True,True,0.05817174515235457,no_alarm,0.2770083102493075,False,0.0,True,capacity_changes_to_no_alarm,False,353.0
XGBoost,holdout,0,C_b10_r05,C,0.1,5.0,0,inf,361,21,0,0,0,21,105.0,298,31,1,1.0,36.0,False,True,0.05817174515235457,no_alarm,0.2770083102493075,False,0.0,False,cost_selects_no_alarm,False,0.0
XGBoost,holdout,0,C_b10_r10,C,0.1,10.0,0,inf,361,21,0,0,0,21,210.0,298,31,2,0.0,36.0,True,True,0.05817174515235457,no_alarm,0.0,False,0.0,True,capacity_changes_to_no_alarm,True,51.0
XGBoost,holdout,0,C_b10_r20,C,0.1,20.0,29,0.1681224256753921,361,21,35,3,32,18,392.0,298,31,1,1.0,36.0,True,True,0.05817174515235457,finite,0.2770083102493075,False,0.9722222222222222,True,alarm_selected,False,291.0
XGBoost,holdout,0,C_b10_r50,C,0.1,50.0,29,0.1681224256753921,361,21,35,3,32,18,932.0,298,31,1,1.0,36.0,True,True,0.05817174515235457,finite,0.2770083102493075,False,0.9722222222222222,True,alarm_selected,False,353.0
XGBoost,holdout,0,C_b20_r05,C,0.2,5.0,0,inf,361,21,0,0,0,21,105.0,298,65,1,1.0,72.0,False,True,0.05817174515235457,no_alarm,0.2770083102493075,False,0.0,False,cost_selects_no_alarm,False,0.0
XGBoost,holdout,0,C_b20_r10,C,0.2,10.0,43,0.1280456930398941,361,21,51,5,46,16,206.0,298,65,1,1.0,72.0,False,True,0.05817174515235457,finite,0.2770083102493075,False,0.7083333333333334,False,alarm_selected,False,51.0
XGBoost,holdout,0,C_b20_r20,C,0.2,20.0,43,0.1280456930398941,361,21,51,5,46,16,366.0,298,65,1,1.0,72.0,True,True,0.05817174515235457,finite,0.2770083102493075,False,0.7083333333333334,True,alarm_selected,False,291.0
XGBoost,holdout,0,C_b20_r50,C,0.2,50.0,43,0.1280456930398941,361,21,51,5,46,16,846.0,298,65,1,1.0,72.0,True,True,0.05817174515235457,finite,0.2770083102493075,False,0.7083333333333334,True,alarm_selected,False,353.0
LR,time,0,A_b01,A,0.01,,1,0.9893605885397324,103,21,1,1,0,20,,104,2,1,,1.0,,True,0.20388349514563106,finite,,False,1.0,,,,
LR,time,0,A_b05,A,0.05,,5,0.9473238529710096,103,21,5,2,3,19,,104,6,1,,5.0,,True,0.20388349514563106,finite,,False,1.0,,,,
LR,time,0,A_b10,A,0.1,,10,0.92564325562416,103,21,10,3,7,18,,104,11,1,,10.0,,True,0.20388349514563106,finite,,False,1.0,,,,
LR,time,0,A_b20,A,0.2,,20,0.8462006741090106,103,21,20,5,15,16,,104,21,1,,20.0,,True,0.20388349514563106,finite,,False,1.0,,,,
LR,time,0,B_r05,B,,5.0,67,0.3797037975843209,103,21,67,16,51,5,76.0,104,104,1,1.0,,False,True,0.20388349514563106,finite,0.970873786407767,,,False,,,
LR,time,0,B_r10,B,,10.0,102,0.0388556611082684,103,21,102,21,81,0,81.0,104,104,1,1.0,,False,True,0.20388349514563106,finite,0.970873786407767,,,False,,,
LR,time,0,B_r20,B,,20.0,102,0.0388556611082684,103,21,102,21,81,0,81.0,104,104,1,1.0,,False,True,0.20388349514563106,finite,0.970873786407767,,,False,,,
LR,time,0,B_r50,B,,50.0,102,0.0388556611082684,103,21,102,21,81,0,81.0,104,104,1,1.0,,False,True,0.20388349514563106,finite,0.970873786407767,,,False,,,
LR,time,0,C_b01_r05,C,0.01,5.0,1,0.9893605885397324,103,21,1,1,0,20,100.0,104,2,1,5.0,1.0,True,True,0.20388349514563106,finite,4.854368932038835,False,1.0,True,alarm_selected,False,67.0
LR,time,0,C_b01_r10,C,0.01,10.0,1,0.9893605885397324,103,21,1,1,0,20,200.0,104,2,1,10.0,1.0,True,True,0.20388349514563106,finite,9.70873786407767,False,1.0,True,alarm_selected,False,102.0
LR,time,0,C_b01_r20,C,0.01,20.0,1,0.9893605885397324,103,21,1,1,0,20,400.0,104,2,1,20.0,1.0,True,True,0.20388349514563106,finite,19.41747572815534,False,1.0,True,alarm_selected,False,102.0
LR,time,0,C_b01_r50,C,0.01,50.0,1,0.9893605885397324,103,21,1,1,0,20,1000.0,104,2,1,50.0,1.0,True,True,0.20388349514563106,finite,48.54368932038835,False,1.0,True,alarm_selected,False,102.0
LR,time,0,C_b05_r05,C,0.05,5.0,4,0.9616056316446646,103,21,4,2,2,19,97.0,104,6,1,1.0,5.0,True,True,0.20388349514563106,finite,0.970873786407767,False,0.8,True,alarm_selected,False,67.0
LR,time,0,C_b05_r10,C,0.05,10.0,4,0.9616056316446646,103,21,4,2,2,19,192.0,104,6,1,1.0,5.0,True,True,0.20388349514563106,finite,0.970873786407767,False,0.8,True,alarm_selected,False,102.0
LR,time,0,C_b05_r20,C,0.05,20.0,4,0.9616056316446646,103,21,4,2,2,19,382.0,104,6,1,1.0,5.0,True,True,0.20388349514563106,finite,0.970873786407767,False,0.8,True,alarm_selected,False,102.0
LR,time,0,C_b05_r50,C,0.05,50.0,4,0.9616056316446646,103,21,4,2,2,19,952.0,104,6,1,1.0,5.0,True,True,0.20388349514563106,finite,0.970873786407767,False,0.8,True,alarm_selected,False,102.0
LR,time,0,C_b10_r05,C,0.1,5.0,7,0.9432097916760026,103,21,7,3,4,18,94.0,104,11,1,1.0,10.0,True,True,0.20388349514563106,finite,0.970873786407767,False,0.7,True,alarm_selected,False,67.0
LR,time,0,C_b10_r10,C,0.1,10.0,7,0.9432097916760026,103,21,7,3,4,18,184.0,104,11,1,1.0,10.0,True,True,0.20388349514563106,finite,0.970873786407767,False,0.7,True,alarm_selected,False,102.0
LR,time,0,C_b10_r20,C,0.1,20.0,7,0.9432097916760026,103,21,7,3,4,18,364.0,104,11,1,1.0,10.0,True,True,0.20388349514563106,finite,0.970873786407767,False,0.7,True,alarm_selected,False,102.0
LR,time,0,C_b10_r50,C,0.1,50.0,7,0.9432097916760026,103,21,7,3,4,18,904.0,104,11,1,1.0,10.0,True,True,0.20388349514563106,finite,0.970873786407767,False,0.7,True,alarm_selected,False,102.0
LR,time,0,C_b20_r05,C,0.2,5.0,7,0.9432097916760026,103,21,7,3,4,18,94.0,104,21,3,0.0,20.0,True,True,0.20388349514563106,finite,0.0,False,0.35,True,alarm_selected,False,67.0
LR,time,0,C_b20_r10,C,0.2,10.0,19,0.8464248162111904,103,21,19,5,14,16,174.0,104,21,1,1.0,20.0,True,True,0.20388349514563106,finite,0.970873786407767,False,0.95,True,alarm_selected,False,102.0
LR,time,0,C_b20_r20,C,0.2,20.0,19,0.8464248162111904,103,21,19,5,14,16,334.0,104,21,1,1.0,20.0,True,True,0.20388349514563106,finite,0.970873786407767,False,0.95,True,alarm_selected,False,102.0
LR,time,0,C_b20_r50,C,0.2,50.0,19,0.8464248162111904,103,21,19,5,14,16,814.0,104,21,1,1.0,20.0,True,True,0.20388349514563106,finite,0.970873786407767,False,0.95,True,alarm_selected,False,102.0
LR,time,1,A_b01,A,0.01,,2,0.5183449899947501,207,1,2,0,2,1,,208,3,1,,2.0,,True,0.004830917874396135,finite,,False,1.0,,,,
LR,time,1,A_b05,A,0.05,,10,0.3972897000518887,207,1,10,0,10,1,,208,11,1,,10.0,,True,0.004830917874396135,finite,,False,1.0,,,,
LR,time,1,A_b10,A,0.1,,20,0.3420356333516078,207,1,20,0,20,1,,208,21,1,,20.0,,True,0.004830917874396135,finite,,False,1.0,,,,
LR,time,1,A_b20,A,0.2,,41,0.2434879357645244,207,1,41,0,41,1,,208,42,1,,41.0,,True,0.004830917874396135,finite,,False,1.0,,,,
LR,time,1,B_r05,B,,5.0,0,inf,207,1,0,0,0,1,5.0,208,208,1,1.0,,False,True,0.004830917874396135,no_alarm,0.4830917874396135,,,False,,,
LR,time,1,B_r10,B,,10.0,0,inf,207,1,0,0,0,1,10.0,208,208,1,1.0,,False,True,0.004830917874396135,no_alarm,0.4830917874396135,,,False,,,
LR,time,1,B_r20,B,,20.0,0,inf,207,1,0,0,0,1,20.0,208,208,1,1.0,,False,True,0.004830917874396135,no_alarm,0.4830917874396135,,,False,,,
LR,time,1,B_r50,B,,50.0,0,inf,207,1,0,0,0,1,50.0,208,208,1,1.0,,False,True,0.004830917874396135,no_alarm,0.4830917874396135,,,False,,,
LR,time,1,C_b01_r05,C,0.01,5.0,0,inf,207,1,0,0,0,1,5.0,208,3,1,1.0,2.0,False,True,0.004830917874396135,no_alarm,0.4830917874396135,False,0.0,False,cost_selects_no_alarm,False,0.0
LR,time,1,C_b01_r10,C,0.01,10.0,0,inf,207,1,0,0,0,1,10.0,208,3,1,1.0,2.0,False,True,0.004830917874396135,no_alarm,0.4830917874396135,False,0.0,False,cost_selects_no_alarm,False,0.0
LR,time,1,C_b01_r20,C,0.01,20.0,0,inf,207,1,0,0,0,1,20.0,208,3,1,1.0,2.0,False,True,0.004830917874396135,no_alarm,0.4830917874396135,False,0.0,False,cost_selects_no_alarm,False,0.0
LR,time,1,C_b01_r50,C,0.01,50.0,0,inf,207,1,0,0,0,1,50.0,208,3,1,1.0,2.0,False,True,0.004830917874396135,no_alarm,0.4830917874396135,False,0.0,False,cost_selects_no_alarm,False,0.0
LR,time,1,C_b05_r05,C,0.05,5.0,0,inf,207,1,0,0,0,1,5.0,208,11,1,1.0,10.0,False,True,0.004830917874396135,no_alarm,0.4830917874396135,False,0.0,False,cost_selects_no_alarm,False,0.0
LR,time,1,C_b05_r10,C,0.05,10.0,0,inf,207,1,0,0,0,1,10.0,208,11,1,1.0,10.0,False,True,0.004830917874396135,no_alarm,0.4830917874396135,False,0.0,False,cost_selects_no_alarm,False,0.0
LR,time,1,C_b05_r20,C,0.05,20.0,0,inf,207,1,0,0,0,1,20.0,208,11,1,1.0,10.0,False,True,0.004830917874396135,no_alarm,0.4830917874396135,False,0.0,False,cost_selects_no_alarm,False,0.0
LR,time,1,C_b05_r50,C,0.05,50.0,0,inf,207,1,0,0,0,1,50.0,208,11,1,1.0,10.0,False,True,0.004830917874396135,no_alarm,0.4830917874396135,False,0.0,False,cost_selects_no_alarm,False,0.0
LR,time,1,C_b10_r05,C,0.1,5.0,0,inf,207,1,0,0,0,1,5.0,208,21,1,1.0,20.0,False,True,0.004830917874396135,no_alarm,0.4830917874396135,False,0.0,False,cost_selects_no_alarm,False,0.0
LR,time,1,C_b10_r10,C,0.1,10.0,0,inf,207,1,0,0,0,1,10.0,208,21,1,1.0,20.0,False,True,0.004830917874396135,no_alarm,0.4830917874396135,False,0.0,False,cost_selects_no_alarm,False,0.0
LR,time,1,C_b10_r20,C,0.1,20.0,0,inf,207,1,0,0,0,1,20.0,208,21,1,1.0,20.0,False,True,0.004830917874396135,no_alarm,0.4830917874396135,False,0.0,False,cost_selects_no_alarm,False,0.0
LR,time,1,C_b10_r50,C,0.1,50.0,0,inf,207,1,0,0,0,1,50.0,208,21,1,1.0,20.0,False,True,0.004830917874396135,no_alarm,0.4830917874396135,False,0.0,False,cost_selects_no_alarm,False,0.0
LR,time,1,C_b20_r05,C,0.2,5.0,0,inf,207,1,0,0,0,1,5.0,208,42,1,1.0,41.0,False,True,0.004830917874396135,no_alarm,0.4830917874396135,False,0.0,False,cost_selects_no_alarm,False,0.0
LR,time,1,C_b20_r10,C,0.2,10.0,0,inf,207,1,0,0,0,1,10.0,208,42,1,1.0,41.0,False,True,0.004830917874396135,no_alarm,0.4830917874396135,False,0.0,False,cost_selects_no_alarm,False,0.0
LR,time,1,C_b20_r20,C,0.2,20.0,0,inf,207,1,0,0,0,1,20.0,208,42,1,1.0,41.0,False,True,0.004830917874396135,no_alarm,0.4830917874396135,False,0.0,False,cost_selects_no_alarm,False,0.0
LR,time,1,C_b20_r50,C,0.2,50.0,0,inf,207,1,0,0,0,1,50.0,208,42,1,1.0,41.0,False,True,0.004830917874396135,no_alarm,0.4830917874396135,False,0.0,False,cost_selects_no_alarm,False,0.0
LR,time,2,A_b01,A,0.01,,3,0.7463504108162324,310,7,3,0,3,7,,311,4,1,,3.0,,True,0.02258064516129032,finite,,False,1.0,,,,
LR,time,2,A_b05,A,0.05,,15,0.5599890110743366,310,7,15,0,15,7,,311,16,1,,15.0,,True,0.02258064516129032,finite,,False,1.0,,,,
LR,time,2,A_b10,A,0.1,,31,0.4787115586848765,310,7,31,0,31,7,,311,32,1,,31.0,,True,0.02258064516129032,finite,,False,1.0,,,,
LR,time,2,A_b20,A,0.2,,62,0.3873375604907102,310,7,62,0,62,7,,311,63,1,,62.0,,True,0.02258064516129032,finite,,False,1.0,,,,
LR,time,2,B_r05,B,,5.0,0,inf,310,7,0,0,0,7,35.0,311,311,1,1.0,,False,True,0.02258064516129032,no_alarm,0.3225806451612903,,,False,,,
LR,time,2,B_r10,B,,10.0,0,inf,310,7,0,0,0,7,70.0,311,311,1,1.0,,False,True,0.02258064516129032,no_alarm,0.3225806451612903,,,False,,,
LR,time,2,B_r20,B,,20.0,0,inf,310,7,0,0,0,7,140.0,311,311,1,1.0,,False,True,0.02258064516129032,no_alarm,0.3225806451612903,,,False,,,
LR,time,2,B_r50,B,,50.0,262,0.151684032963474,310,7,262,7,255,0,255.0,311,311,1,1.0,,False,True,0.02258064516129032,finite,0.3225806451612903,,,False,,,
LR,time,2,C_b01_r05,C,0.01,5.0,0,inf,310,7,0,0,0,7,35.0,311,4,1,1.0,3.0,False,True,0.02258064516129032,no_alarm,0.3225806451612903,False,0.0,False,cost_selects_no_alarm,False,0.0
LR,time,2,C_b01_r10,C,0.01,10.0,0,inf,310,7,0,0,0,7,70.0,311,4,1,1.0,3.0,False,True,0.02258064516129032,no_alarm,0.3225806451612903,False,0.0,False,cost_selects_no_alarm,False,0.0
LR,time,2,C_b01_r20,C,0.01,20.0,0,inf,310,7,0,0,0,7,140.0,311,4,1,1.0,3.0,False,True,0.02258064516129032,no_alarm,0.3225806451612903,False,0.0,False,cost_selects_no_alarm,False,0.0
LR,time,2,C_b01_r50,C,0.01,50.0,0,inf,310,7,0,0,0,7,350.0,311,4,1,1.0,3.0,True,True,0.02258064516129032,no_alarm,0.3225806451612903,False,0.0,True,capacity_changes_to_no_alarm,False,262.0
LR,time,2,C_b05_r05,C,0.05,5.0,0,inf,310,7,0,0,0,7,35.0,311,16,1,1.0,15.0,False,True,0.02258064516129032,no_alarm,0.3225806451612903,False,0.0,False,cost_selects_no_alarm,False,0.0
LR,time,2,C_b05_r10,C,0.05,10.0,0,inf,310,7,0,0,0,7,70.0,311,16,1,1.0,15.0,False,True,0.02258064516129032,no_alarm,0.3225806451612903,False,0.0,False,cost_selects_no_alarm,False,0.0
LR,time,2,C_b05_r20,C,0.05,20.0,0,inf,310,7,0,0,0,7,140.0,311,16,1,1.0,15.0,False,True,0.02258064516129032,no_alarm,0.3225806451612903,False,0.0,False,cost_selects_no_alarm,False,0.0
LR,time,2,C_b05_r50,C,0.05,50.0,0,inf,310,7,0,0,0,7,350.0,311,16,1,1.0,15.0,True,True,0.02258064516129032,no_alarm,0.3225806451612903,False,0.0,True,capacity_changes_to_no_alarm,False,262.0
LR,time,2,C_b10_r05,C,0.1,5.0,0,inf,310,7,0,0,0,7,35.0,311,32,1,1.0,31.0,False,True,0.02258064516129032,no_alarm,0.3225806451612903,False,0.0,False,cost_selects_no_alarm,False,0.0
LR,time,2,C_b10_r10,C,0.1,10.0,0,inf,310,7,0,0,0,7,70.0,311,32,1,1.0,31.0,False,True,0.02258064516129032,no_alarm,0.3225806451612903,False,0.0,False,cost_selects_no_alarm,False,0.0
LR,time,2,C_b10_r20,C,0.1,20.0,0,inf,310,7,0,0,0,7,140.0,311,32,1,1.0,31.0,False,True,0.02258064516129032,no_alarm,0.3225806451612903,False,0.0,False,cost_selects_no_alarm,False,0.0
LR,time,2,C_b10_r50,C,0.1,50.0,0,inf,310,7,0,0,0,7,350.0,311,32,1,1.0,31.0,True,True,0.02258064516129032,no_alarm,0.3225806451612903,False,0.0,True,capacity_changes_to_no_alarm,False,262.0
LR,time,2,C_b20_r05,C,0.2,5.0,0,inf,310,7,0,0,0,7,35.0,311,63,1,1.0,62.0,False,True,0.02258064516129032,no_alarm,0.3225806451612903,False,0.0,False,cost_selects_no_alarm,False,0.0
LR,time,2,C_b20_r10,C,0.2,10.0,0,inf,310,7,0,0,0,7,70.0,311,63,1,1.0,62.0,False,True,0.02258064516129032,no_alarm,0.3225806451612903,False,0.0,False,cost_selects_no_alarm,False,0.0
LR,time,2,C_b20_r20,C,0.2,20.0,0,inf,310,7,0,0,0,7,140.0,311,63,1,1.0,62.0,False,True,0.02258064516129032,no_alarm,0.3225806451612903,False,0.0,False,cost_selects_no_alarm,False,0.0
LR,time,2,C_b20_r50,C,0.2,50.0,0,inf,310,7,0,0,0,7,350.0,311,63,1,1.0,62.0,True,True,0.02258064516129032,no_alarm,0.3225806451612903,False,0.0,True,capacity_changes_to_no_alarm,False,262.0
LR,time,3,A_b01,A,0.01,,4,0.6558917926681779,413,20,4,2,2,18,,414,5,1,,4.0,,True,0.048426150121065374,finite,,False,1.0,,,,
LR,time,3,A_b05,A,0.05,,20,0.5753350209792557,413,20,20,4,16,16,,414,21,1,,20.0,,True,0.048426150121065374,finite,,False,1.0,,,,
LR,time,3,A_b10,A,0.1,,41,0.5215334577724159,413,20,41,4,37,16,,414,42,1,,41.0,,True,0.048426150121065374,finite,,False,1.0,,,,
LR,time,3,A_b20,A,0.2,,82,0.4497297694026001,413,20,82,7,75,13,,414,83,1,,82.0,,True,0.048426150121065374,finite,,False,1.0,,,,
LR,time,3,B_r05,B,,5.0,2,0.6876011531646407,413,20,2,2,0,18,90.0,414,414,1,1.0,,False,True,0.048426150121065374,finite,0.24213075060532688,,,False,,,
LR,time,3,B_r10,B,,10.0,17,0.5863057993778873,413,20,17,4,13,16,173.0,414,414,1,1.0,,False,True,0.048426150121065374,finite,0.24213075060532688,,,False,,,
LR,time,3,B_r20,B,,20.0,92,0.4443820623123951,413,20,92,10,82,10,282.0,414,414,1,1.0,,False,True,0.048426150121065374,finite,0.24213075060532688,,,False,,,
LR,time,3,B_r50,B,,50.0,302,0.2515153757580399,413,20,302,19,283,1,333.0,414,414,1,1.0,,False,True,0.048426150121065374,finite,0.24213075060532688,,,False,,,
LR,time,3,C_b01_r05,C,0.01,5.0,2,0.6876011531646407,413,20,2,2,0,18,90.0,414,5,1,1.0,4.0,False,True,0.048426150121065374,finite,0.24213075060532688,False,0.5,False,alarm_selected,False,2.0
LR,time,3,C_b01_r10,C,0.01,10.0,2,0.6876011531646407,413,20,2,2,0,18,180.0,414,5,1,1.0,4.0,True,True,0.048426150121065374,finite,0.24213075060532688,False,0.5,True,alarm_selected,False,17.0
LR,time,3,C_b01_r20,C,0.01,20.0,2,0.6876011531646407,413,20,2,2,0,18,360.0,414,5,1,1.0,4.0,True,True,0.048426150121065374,finite,0.24213075060532688,False,0.5,True,alarm_selected,False,92.0
LR,time,3,C_b01_r50,C,0.01,50.0,2,0.6876011531646407,413,20,2,2,0,18,900.0,414,5,1,1.0,4.0,True,True,0.048426150121065374,finite,0.24213075060532688,False,0.5,True,alarm_selected,False,302.0
LR,time,3,C_b05_r05,C,0.05,5.0,2,0.6876011531646407,413,20,2,2,0,18,90.0,414,21,1,1.0,20.0,False,True,0.048426150121065374,finite,0.24213075060532688,False,0.1,False,alarm_selected,False,2.0
LR,time,3,C_b05_r10,C,0.05,10.0,17,0.5863057993778873,413,20,17,4,13,16,173.0,414,21,1,1.0,20.0,False,True,0.048426150121065374,finite,0.24213075060532688,False,0.85,False,alarm_selected,False,17.0
LR,time,3,C_b05_r20,C,0.05,20.0,17,0.5863057993778873,413,20,17,4,13,16,333.0,414,21,1,1.0,20.0,True,True,0.048426150121065374,finite,0.24213075060532688,False,0.85,True,alarm_selected,False,92.0
LR,time,3,C_b05_r50,C,0.05,50.0,17,0.5863057993778873,413,20,17,4,13,16,813.0,414,21,1,1.0,20.0,True,True,0.048426150121065374,finite,0.24213075060532688,False,0.85,True,alarm_selected,False,302.0
LR,time,3,C_b10_r05,C,0.1,5.0,2,0.6876011531646407,413,20,2,2,0,18,90.0,414,42,1,1.0,41.0,False,True,0.048426150121065374,finite,0.24213075060532688,False,0.04878048780487805,False,alarm_selected,False,2.0
LR,time,3,C_b10_r10,C,0.1,10.0,17,0.5863057993778873,413,20,17,4,13,16,173.0,414,42,1,1.0,41.0,False,True,0.048426150121065374,finite,0.24213075060532688,False,0.4146341463414634,False,alarm_selected,False,17.0
LR,time,3,C_b10_r20,C,0.1,20.0,17,0.5863057993778873,413,20,17,4,13,16,333.0,414,42,1,1.0,41.0,True,True,0.048426150121065374,finite,0.24213075060532688,False,0.4146341463414634,True,alarm_selected,False,92.0
LR,time,3,C_b10_r50,C,0.1,50.0,17,0.5863057993778873,413,20,17,4,13,16,813.0,414,42,1,1.0,41.0,True,True,0.048426150121065374,finite,0.24213075060532688,False,0.4146341463414634,True,alarm_selected,False,302.0
LR,time,3,C_b20_r05,C,0.2,5.0,2,0.6876011531646407,413,20,2,2,0,18,90.0,414,83,1,1.0,82.0,False,True,0.048426150121065374,finite,0.24213075060532688,False,0.024390243902439025,False,alarm_selected,False,2.0
LR,time,3,C_b20_r10,C,0.2,10.0,17,0.5863057993778873,413,20,17,4,13,16,173.0,414,83,1,1.0,82.0,False,True,0.048426150121065374,finite,0.24213075060532688,False,0.2073170731707317,False,alarm_selected,False,17.0
LR,time,3,C_b20_r20,C,0.2,20.0,59,0.4915349631956028,413,20,59,7,52,13,312.0,414,83,1,1.0,82.0,True,True,0.048426150121065374,finite,0.24213075060532688,False,0.7195121951219512,True,alarm_selected,False,92.0
LR,time,3,C_b20_r50,C,0.2,50.0,59,0.4915349631956028,413,20,59,7,52,13,702.0,414,83,1,1.0,82.0,True,True,0.048426150121065374,finite,0.24213075060532688,False,0.7195121951219512,True,alarm_selected,False,302.0
LR,holdout,0,A_b01,A,0.01,,3,0.812747402290846,361,21,3,0,3,21,,362,4,1,,3.0,,True,0.05817174515235457,finite,,False,1.0,,,,
LR,holdout,0,A_b05,A,0.05,,18,0.6961583831259185,361,21,18,0,18,21,,362,19,1,,18.0,,True,0.05817174515235457,finite,,False,1.0,,,,
LR,holdout,0,A_b10,A,0.1,,36,0.6521631990837431,361,21,36,1,35,20,,362,37,1,,36.0,,True,0.05817174515235457,finite,,False,1.0,,,,
LR,holdout,0,A_b20,A,0.2,,72,0.5674783488702786,361,21,72,5,67,16,,362,73,1,,72.0,,True,0.05817174515235457,finite,,False,1.0,,,,
LR,holdout,0,B_r05,B,,5.0,0,inf,361,21,0,0,0,21,105.0,362,362,1,1.0,,False,True,0.05817174515235457,no_alarm,0.2770083102493075,,,False,,,
LR,holdout,0,B_r10,B,,10.0,0,inf,361,21,0,0,0,21,210.0,362,362,1,1.0,,False,True,0.05817174515235457,no_alarm,0.2770083102493075,,,False,,,
LR,holdout,0,B_r20,B,,20.0,268,0.2415644398635453,361,21,268,19,249,2,289.0,362,362,1,1.0,,False,True,0.05817174515235457,finite,0.2770083102493075,,,False,,,
LR,holdout,0,B_r50,B,,50.0,328,0.1596653076146879,361,21,328,21,307,0,307.0,362,362,1,1.0,,False,True,0.05817174515235457,finite,0.2770083102493075,,,False,,,
LR,holdout,0,C_b01_r05,C,0.01,5.0,0,inf,361,21,0,0,0,21,105.0,362,4,1,1.0,3.0,False,True,0.05817174515235457,no_alarm,0.2770083102493075,False,0.0,False,cost_selects_no_alarm,False,0.0
LR,holdout,0,C_b01_r10,C,0.01,10.0,0,inf,361,21,0,0,0,21,210.0,362,4,1,1.0,3.0,False,True,0.05817174515235457,no_alarm,0.2770083102493075,False,0.0,False,cost_selects_no_alarm,False,0.0
LR,holdout,0,C_b01_r20,C,0.01,20.0,0,inf,361,21,0,0,0,21,420.0,362,4,1,1.0,3.0,True,True,0.05817174515235457,no_alarm,0.2770083102493075,False,0.0,True,capacity_changes_to_no_alarm,False,268.0
LR,holdout,0,C_b01_r50,C,0.01,50.0,0,inf,361,21,0,0,0,21,1050.0,362,4,1,1.0,3.0,True,True,0.05817174515235457,no_alarm,0.2770083102493075,False,0.0,True,capacity_changes_to_no_alarm,False,328.0
LR,holdout,0,C_b05_r05,C,0.05,5.0,0,inf,361,21,0,0,0,21,105.0,362,19,1,1.0,18.0,False,True,0.05817174515235457,no_alarm,0.2770083102493075,False,0.0,False,cost_selects_no_alarm,False,0.0
LR,holdout,0,C_b05_r10,C,0.05,10.0,0,inf,361,21,0,0,0,21,210.0,362,19,1,1.0,18.0,False,True,0.05817174515235457,no_alarm,0.2770083102493075,False,0.0,False,cost_selects_no_alarm,False,0.0
LR,holdout,0,C_b05_r20,C,0.05,20.0,0,inf,361,21,0,0,0,21,420.0,362,19,1,1.0,18.0,True,True,0.05817174515235457,no_alarm,0.2770083102493075,False,0.0,True,capacity_changes_to_no_alarm,False,268.0
LR,holdout,0,C_b05_r50,C,0.05,50.0,0,inf,361,21,0,0,0,21,1050.0,362,19,1,1.0,18.0,True,True,0.05817174515235457,no_alarm,0.2770083102493075,False,0.0,True,capacity_changes_to_no_alarm,False,328.0
LR,holdout,0,C_b10_r05,C,0.1,5.0,0,inf,361,21,0,0,0,21,105.0,362,37,1,1.0,36.0,False,True,0.05817174515235457,no_alarm,0.2770083102493075,False,0.0,False,cost_selects_no_alarm,False,0.0
LR,holdout,0,C_b10_r10,C,0.1,10.0,0,inf,361,21,0,0,0,21,210.0,362,37,1,1.0,36.0,False,True,0.05817174515235457,no_alarm,0.2770083102493075,False,0.0,False,cost_selects_no_alarm,False,0.0
LR,holdout,0,C_b10_r20,C,0.1,20.0,0,inf,361,21,0,0,0,21,420.0,362,37,1,1.0,36.0,True,True,0.05817174515235457,no_alarm,0.2770083102493075,False,0.0,True,capacity_changes_to_no_alarm,False,268.0
LR,holdout,0,C_b10_r50,C,0.1,50.0,27,0.6709945360897981,361,21,27,1,26,20,1026.0,362,37,1,1.0,36.0,True,True,0.05817174515235457,finite,0.2770083102493075,False,0.75,True,alarm_selected,False,328.0
LR,holdout,0,C_b20_r05,C,0.2,5.0,0,inf,361,21,0,0,0,21,105.0,362,73,1,1.0,72.0,False,True,0.05817174515235457,no_alarm,0.2770083102493075,False,0.0,False,cost_selects_no_alarm,False,0.0
LR,holdout,0,C_b20_r10,C,0.2,10.0,0,inf,361,21,0,0,0,21,210.0,362,73,1,1.0,72.0,False,True,0.05817174515235457,no_alarm,0.2770083102493075,False,0.0,False,cost_selects_no_alarm,False,0.0
LR,holdout,0,C_b20_r20,C,0.2,20.0,63,0.5898690659995661,361,21,63,5,58,16,378.0,362,73,1,1.0,72.0,True,True,0.05817174515235457,finite,0.2770083102493075,False,0.875,True,alarm_selected,False,268.0
LR,holdout,0,C_b20_r50,C,0.2,50.0,63,0.5898690659995661,361,21,63,5,58,16,858.0,362,73,1,1.0,72.0,True,True,0.05817174515235457,finite,0.2770083102493075,False,0.875,True,alarm_selected,False,328.0
CART,time,0,A_b01,A,0.01,,1,0.5502739896200263,103,21,1,0,1,21,,97,2,1,,1.0,,True,0.20388349514563106,finite,,False,1.0,,,,
CART,time,0,A_b05,A,0.05,,5,0.5251522839377167,103,21,5,1,4,20,,97,6,1,,5.0,,True,0.20388349514563106,finite,,False,1.0,,,,
CART,time,0,A_b10,A,0.1,,10,0.4885314450373538,103,21,10,2,8,19,,97,11,1,,10.0,,True,0.20388349514563106,finite,,False,1.0,,,,
CART,time,0,A_b20,A,0.2,,19,0.456027957981943,103,21,20,7,13,14,,97,20,1,,20.0,,True,0.20388349514563106,finite,,False,1.0,,,,
CART,time,0,B_r05,B,,5.0,66,0.1739332718700245,103,21,67,16,51,5,76.0,97,97,1,1.0,,False,True,0.20388349514563106,finite,0.970873786407767,,,False,,,
CART,time,0,B_r10,B,,10.0,96,-inf,103,21,103,21,82,0,82.0,97,97,1,6.0,,False,True,0.20388349514563106,all_alarm,5.825242718446602,,,False,,,
CART,time,0,B_r20,B,,20.0,96,-inf,103,21,103,21,82,0,82.0,97,97,1,16.0,,False,True,0.20388349514563106,all_alarm,15.533980582524272,,,False,,,
CART,time,0,B_r50,B,,50.0,96,-inf,103,21,103,21,82,0,82.0,97,97,1,46.0,,False,True,0.20388349514563106,all_alarm,44.66019417475728,,,False,,,
CART,time,0,C_b01_r05,C,0.01,5.0,0,inf,103,21,0,0,0,21,105.0,97,2,1,1.0,1.0,True,True,0.20388349514563106,no_alarm,0.970873786407767,False,0.0,True,capacity_changes_to_no_alarm,False,67.0
CART,time,0,C_b01_r10,C,0.01,10.0,0,inf,103,21,0,0,0,21,210.0,97,2,1,1.0,1.0,True,True,0.20388349514563106,no_alarm,0.970873786407767,False,0.0,True,capacity_changes_to_no_alarm,False,103.0
CART,time,0,C_b01_r20,C,0.01,20.0,0,inf,103,21,0,0,0,21,420.0,97,2,1,1.0,1.0,True,True,0.20388349514563106,no_alarm,0.970873786407767,False,0.0,True,capacity_changes_to_no_alarm,False,103.0
CART,time,0,C_b01_r50,C,0.01,50.0,0,inf,103,21,0,0,0,21,1050.0,97,2,1,1.0,1.0,True,True,0.20388349514563106,no_alarm,0.970873786407767,False,0.0,True,capacity_changes_to_no_alarm,False,103.0
CART,time,0,C_b05_r05,C,0.05,5.0,2,0.5407843915847981,103,21,2,1,1,20,101.0,97,6,1,1.0,5.0,True,True,0.20388349514563106,finite,0.970873786407767,False,0.4,True,alarm_selected,False,67.0
CART,time,0,C_b05_r10,C,0.05,10.0,2,0.5407843915847981,103,21,2,1,1,20,201.0,97,6,1,1.0,5.0,True,True,0.20388349514563106,finite,0.970873786407767,False,0.4,True,alarm_selected,False,103.0
CART,time,0,C_b05_r20,C,0.05,20.0,2,0.5407843915847981,103,21,2,1,1,20,401.0,97,6,1,1.0,5.0,True,True,0.20388349514563106,finite,0.970873786407767,False,0.4,True,alarm_selected,False,103.0
CART,time,0,C_b05_r50,C,0.05,50.0,2,0.5407843915847981,103,21,2,1,1,20,1001.0,97,6,1,1.0,5.0,True,True,0.20388349514563106,finite,0.970873786407767,False,0.4,True,alarm_selected,False,103.0
CART,time,0,C_b10_r05,C,0.1,5.0,2,0.5407843915847981,103,21,2,1,1,20,101.0,97,11,2,0.0,10.0,True,True,0.20388349514563106,finite,0.0,False,0.2,True,alarm_selected,False,67.0
CART,time,0,C_b10_r10,C,0.1,10.0,8,0.5000887019166498,103,21,8,2,6,19,196.0,97,11,1,1.0,10.0,True,True,0.20388349514563106,finite,0.970873786407767,False,0.8,True,alarm_selected,False,103.0
CART,time,0,C_b10_r20,C,0.1,20.0,8,0.5000887019166498,103,21,8,2,6,19,386.0,97,11,1,1.0,10.0,True,True,0.20388349514563106,finite,0.970873786407767,False,0.8,True,alarm_selected,False,103.0
CART,time,0,C_b10_r50,C,0.1,50.0,8,0.5000887019166498,103,21,8,2,6,19,956.0,97,11,1,1.0,10.0,True,True,0.20388349514563106,finite,0.970873786407767,False,0.8,True,alarm_selected,False,103.0
CART,time,0,C_b20_r05,C,0.2,5.0,19,0.456027957981943,103,21,20,7,13,14,83.0,97,20,1,4.0,20.0,True,True,0.20388349514563106,finite,3.883495145631068,False,1.0,True,alarm_selected,False,67.0
CART,time,0,C_b20_r10,C,0.2,10.0,19,0.456027957981943,103,21,20,7,13,14,153.0,97,20,1,9.0,20.0,True,True,0.20388349514563106,finite,8.737864077669903,False,1.0,True,alarm_selected,False,103.0
CART,time,0,C_b20_r20,C,0.2,20.0,19,0.456027957981943,103,21,20,7,13,14,293.0,97,20,1,19.0,20.0,True,True,0.20388349514563106,finite,18.446601941747574,False,1.0,True,alarm_selected,False,103.0
CART,time,0,C_b20_r50,C,0.2,50.0,19,0.456027957981943,103,21,20,7,13,14,713.0,97,20,1,49.0,20.0,True,True,0.20388349514563106,finite,47.57281553398058,False,1.0,True,alarm_selected,False,103.0
CART,time,1,A_b01,A,0.01,,2,0.2392152041467678,207,1,2,0,2,1,,176,3,1,,2.0,,True,0.004830917874396135,finite,,False,1.0,,,,
CART,time,1,A_b05,A,0.05,,10,0.150274229844754,207,1,10,0,10,1,,176,11,1,,10.0,,True,0.004830917874396135,finite,,False,1.0,,,,
CART,time,1,A_b10,A,0.1,,20,0.1072731658047998,207,1,20,0,20,1,,176,21,1,,20.0,,True,0.004830917874396135,finite,,False,1.0,,,,
CART,time,1,A_b20,A,0.2,,41,0.0645449054866464,207,1,41,0,41,1,,176,42,1,,41.0,,True,0.004830917874396135,finite,,False,1.0,,,,
CART,time,1,B_r05,B,,5.0,0,inf,207,1,0,0,0,1,5.0,176,176,1,1.0,,False,True,0.004830917874396135,no_alarm,0.4830917874396135,,,False,,,
CART,time,1,B_r10,B,,10.0,0,inf,207,1,0,0,0,1,10.0,176,176,1,1.0,,False,True,0.004830917874396135,no_alarm,0.4830917874396135,,,False,,,
CART,time,1,B_r20,B,,20.0,0,inf,207,1,0,0,0,1,20.0,176,176,1,1.0,,False,True,0.004830917874396135,no_alarm,0.4830917874396135,,,False,,,
CART,time,1,B_r50,B,,50.0,0,inf,207,1,0,0,0,1,50.0,176,176,1,1.0,,False,True,0.004830917874396135,no_alarm,0.4830917874396135,,,False,,,
CART,time,1,C_b01_r05,C,0.01,5.0,0,inf,207,1,0,0,0,1,5.0,176,3,1,1.0,2.0,False,True,0.004830917874396135,no_alarm,0.4830917874396135,False,0.0,False,cost_selects_no_alarm,False,0.0
CART,time,1,C_b01_r10,C,0.01,10.0,0,inf,207,1,0,0,0,1,10.0,176,3,1,1.0,2.0,False,True,0.004830917874396135,no_alarm,0.4830917874396135,False,0.0,False,cost_selects_no_alarm,False,0.0
CART,time,1,C_b01_r20,C,0.01,20.0,0,inf,207,1,0,0,0,1,20.0,176,3,1,1.0,2.0,False,True,0.004830917874396135,no_alarm,0.4830917874396135,False,0.0,False,cost_selects_no_alarm,False,0.0
CART,time,1,C_b01_r50,C,0.01,50.0,0,inf,207,1,0,0,0,1,50.0,176,3,1,1.0,2.0,False,True,0.004830917874396135,no_alarm,0.4830917874396135,False,0.0,False,cost_selects_no_alarm,False,0.0
CART,time,1,C_b05_r05,C,0.05,5.0,0,inf,207,1,0,0,0,1,5.0,176,11,1,1.0,10.0,False,True,0.004830917874396135,no_alarm,0.4830917874396135,False,0.0,False,cost_selects_no_alarm,False,0.0
CART,time,1,C_b05_r10,C,0.05,10.0,0,inf,207,1,0,0,0,1,10.0,176,11,1,1.0,10.0,False,True,0.004830917874396135,no_alarm,0.4830917874396135,False,0.0,False,cost_selects_no_alarm,False,0.0
CART,time,1,C_b05_r20,C,0.05,20.0,0,inf,207,1,0,0,0,1,20.0,176,11,1,1.0,10.0,False,True,0.004830917874396135,no_alarm,0.4830917874396135,False,0.0,False,cost_selects_no_alarm,False,0.0
CART,time,1,C_b05_r50,C,0.05,50.0,0,inf,207,1,0,0,0,1,50.0,176,11,1,1.0,10.0,False,True,0.004830917874396135,no_alarm,0.4830917874396135,False,0.0,False,cost_selects_no_alarm,False,0.0
CART,time,1,C_b10_r05,C,0.1,5.0,0,inf,207,1,0,0,0,1,5.0,176,21,1,1.0,20.0,False,True,0.004830917874396135,no_alarm,0.4830917874396135,False,0.0,False,cost_selects_no_alarm,False,0.0
CART,time,1,C_b10_r10,C,0.1,10.0,0,inf,207,1,0,0,0,1,10.0,176,21,1,1.0,20.0,False,True,0.004830917874396135,no_alarm,0.4830917874396135,False,0.0,False,cost_selects_no_alarm,False,0.0
CART,time,1,C_b10_r20,C,0.1,20.0,0,inf,207,1,0,0,0,1,20.0,176,21,1,1.0,20.0,False,True,0.004830917874396135,no_alarm,0.4830917874396135,False,0.0,False,cost_selects_no_alarm,False,0.0
CART,time,1,C_b10_r50,C,0.1,50.0,0,inf,207,1,0,0,0,1,50.0,176,21,1,1.0,20.0,False,True,0.004830917874396135,no_alarm,0.4830917874396135,False,0.0,False,cost_selects_no_alarm,False,0.0
CART,time,1,C_b20_r05,C,0.2,5.0,0,inf,207,1,0,0,0,1,5.0,176,42,1,1.0,41.0,False,True,0.004830917874396135,no_alarm,0.4830917874396135,False,0.0,False,cost_selects_no_alarm,False,0.0
CART,time,1,C_b20_r10,C,0.2,10.0,0,inf,207,1,0,0,0,1,10.0,176,42,1,1.0,41.0,False,True,0.004830917874396135,no_alarm,0.4830917874396135,False,0.0,False,cost_selects_no_alarm,False,0.0
CART,time,1,C_b20_r20,C,0.2,20.0,0,inf,207,1,0,0,0,1,20.0,176,42,1,1.0,41.0,False,True,0.004830917874396135,no_alarm,0.4830917874396135,False,0.0,False,cost_selects_no_alarm,False,0.0
CART,time,1,C_b20_r50,C,0.2,50.0,0,inf,207,1,0,0,0,1,50.0,176,42,1,1.0,41.0,False,True,0.004830917874396135,no_alarm,0.4830917874396135,False,0.0,False,cost_selects_no_alarm,False,0.0
CART,time,2,A_b01,A,0.01,,3,0.2622481365305015,310,7,3,0,3,7,,304,4,1,,3.0,,True,0.02258064516129032,finite,,False,1.0,,,,
CART,time,2,A_b05,A,0.05,,15,0.1707648085412514,310,7,15,0,15,7,,304,16,1,,15.0,,True,0.02258064516129032,finite,,False,1.0,,,,
CART,time,2,A_b10,A,0.1,,31,0.1279105808407977,310,7,31,1,30,6,,304,32,1,,31.0,,True,0.02258064516129032,finite,,False,1.0,,,,
CART,time,2,A_b20,A,0.2,,61,0.0715275641409647,310,7,62,1,61,6,,304,62,1,,62.0,,True,0.02258064516129032,finite,,False,1.0,,,,
CART,time,2,B_r05,B,,5.0,0,inf,310,7,0,0,0,7,35.0,304,304,1,1.0,,False,True,0.02258064516129032,no_alarm,0.3225806451612903,,,False,,,
CART,time,2,B_r10,B,,10.0,0,inf,310,7,0,0,0,7,70.0,304,304,1,1.0,,False,True,0.02258064516129032,no_alarm,0.3225806451612903,,,False,,,
CART,time,2,B_r20,B,,20.0,111,0.0374259223254732,310,7,113,6,107,1,127.0,304,304,1,1.0,,False,True,0.02258064516129032,finite,0.3225806451612903,,,False,,,
CART,time,2,B_r50,B,,50.0,111,0.0374259223254732,310,7,113,6,107,1,157.0,304,304,1,1.0,,False,True,0.02258064516129032,finite,0.3225806451612903,,,False,,,
CART,time,2,C_b01_r05,C,0.01,5.0,0,inf,310,7,0,0,0,7,35.0,304,4,1,1.0,3.0,False,True,0.02258064516129032,no_alarm,0.3225806451612903,False,0.0,False,cost_selects_no_alarm,False,0.0
CART,time,2,C_b01_r10,C,0.01,10.0,0,inf,310,7,0,0,0,7,70.0,304,4,1,1.0,3.0,False,True,0.02258064516129032,no_alarm,0.3225806451612903,False,0.0,False,cost_selects_no_alarm,False,0.0
CART,time,2,C_b01_r20,C,0.01,20.0,0,inf,310,7,0,0,0,7,140.0,304,4,1,1.0,3.0,True,True,0.02258064516129032,no_alarm,0.3225806451612903,False,0.0,True,capacity_changes_to_no_alarm,False,113.0
CART,time,2,C_b01_r50,C,0.01,50.0,0,inf,310,7,0,0,0,7,350.0,304,4,1,1.0,3.0,True,True,0.02258064516129032,no_alarm,0.3225806451612903,False,0.0,True,capacity_changes_to_no_alarm,False,113.0
CART,time,2,C_b05_r05,C,0.05,5.0,0,inf,310,7,0,0,0,7,35.0,304,16,1,1.0,15.0,False,True,0.02258064516129032,no_alarm,0.3225806451612903,False,0.0,False,cost_selects_no_alarm,False,0.0
CART,time,2,C_b05_r10,C,0.05,10.0,0,inf,310,7,0,0,0,7,70.0,304,16,1,1.0,15.0,False,True,0.02258064516129032,no_alarm,0.3225806451612903,False,0.0,False,cost_selects_no_alarm,False,0.0
CART,time,2,C_b05_r20,C,0.05,20.0,0,inf,310,7,0,0,0,7,140.0,304,16,1,1.0,15.0,True,True,0.02258064516129032,no_alarm,0.3225806451612903,False,0.0,True,capacity_changes_to_no_alarm,False,113.0
CART,time,2,C_b05_r50,C,0.05,50.0,0,inf,310,7,0,0,0,7,350.0,304,16,1,1.0,15.0,True,True,0.02258064516129032,no_alarm,0.3225806451612903,False,0.0,True,capacity_changes_to_no_alarm,False,113.0
CART,time,2,C_b10_r05,C,0.1,5.0,0,inf,310,7,0,0,0,7,35.0,304,32,1,1.0,31.0,False,True,0.02258064516129032,no_alarm,0.3225806451612903,False,0.0,False,cost_selects_no_alarm,False,0.0
CART,time,2,C_b10_r10,C,0.1,10.0,0,inf,310,7,0,0,0,7,70.0,304,32,1,1.0,31.0,False,True,0.02258064516129032,no_alarm,0.3225806451612903,False,0.0,False,cost_selects_no_alarm,False,0.0
CART,time,2,C_b10_r20,C,0.1,20.0,0,inf,310,7,0,0,0,7,140.0,304,32,1,1.0,31.0,True,True,0.02258064516129032,no_alarm,0.3225806451612903,False,0.0,True,capacity_changes_to_no_alarm,False,113.0
CART,time,2,C_b10_r50,C,0.1,50.0,27,0.1355271674979766,310,7,27,1,26,6,326.0,304,32,1,1.0,31.0,True,True,0.02258064516129032,finite,0.3225806451612903,False,0.8709677419354839,True,alarm_selected,False,113.0
CART,time,2,C_b20_r05,C,0.2,5.0,0,inf,310,7,0,0,0,7,35.0,304,62,1,1.0,62.0,False,True,0.02258064516129032,no_alarm,0.3225806451612903,False,0.0,False,cost_selects_no_alarm,False,0.0
CART,time,2,C_b20_r10,C,0.2,10.0,0,inf,310,7,0,0,0,7,70.0,304,62,1,1.0,62.0,False,True,0.02258064516129032,no_alarm,0.3225806451612903,False,0.0,False,cost_selects_no_alarm,False,0.0
CART,time,2,C_b20_r20,C,0.2,20.0,0,inf,310,7,0,0,0,7,140.0,304,62,1,1.0,62.0,True,True,0.02258064516129032,no_alarm,0.3225806451612903,False,0.0,True,capacity_changes_to_no_alarm,False,113.0
CART,time,2,C_b20_r50,C,0.2,50.0,27,0.1355271674979766,310,7,27,1,26,6,326.0,304,62,1,1.0,62.0,True,True,0.02258064516129032,finite,0.3225806451612903,False,0.43548387096774194,True,alarm_selected,False,113.0
CART,time,3,A_b01,A,0.01,,4,0.1428088439236585,413,20,4,0,4,20,,389,5,1,,4.0,,True,0.048426150121065374,finite,,False,1.0,,,,
CART,time,3,A_b05,A,0.05,,20,0.1187371530223521,413,20,20,2,18,18,,389,21,1,,20.0,,True,0.048426150121065374,finite,,False,1.0,,,,
CART,time,3,A_b10,A,0.1,,41,0.092887428250163,413,20,41,4,37,16,,389,42,1,,41.0,,True,0.048426150121065374,finite,,False,1.0,,,,
CART,time,3,A_b20,A,0.2,,81,0.064233995466531,413,20,82,7,75,13,,389,82,1,,82.0,,True,0.048426150121065374,finite,,False,1.0,,,,
CART,time,3,B_r05,B,,5.0,0,inf,413,20,0,0,0,20,100.0,389,389,1,1.0,,False,True,0.048426150121065374,no_alarm,0.24213075060532688,,,False,,,
CART,time,3,B_r10,B,,10.0,32,0.1025599175693957,413,20,32,4,28,16,188.0,389,389,1,1.0,,False,True,0.048426150121065374,finite,0.24213075060532688,,,False,,,
CART,time,3,B_r20,B,,20.0,71,0.073144816578683,413,20,72,7,65,13,325.0,389,389,1,1.0,,False,True,0.048426150121065374,finite,0.24213075060532688,,,False,,,
CART,time,3,B_r50,B,,50.0,323,0.0103402000698404,413,20,339,19,320,1,370.0,389,389,1,1.0,,False,True,0.048426150121065374,finite,0.24213075060532688,,,False,,,
CART,time,3,C_b01_r05,C,0.01,5.0,0,inf,413,20,0,0,0,20,100.0,389,5,1,1.0,4.0,False,True,0.048426150121065374,no_alarm,0.24213075060532688,False,0.0,False,cost_selects_no_alarm,False,0.0
CART,time,3,C_b01_r10,C,0.01,10.0,0,inf,413,20,0,0,0,20,200.0,389,5,1,1.0,4.0,True,True,0.048426150121065374,no_alarm,0.24213075060532688,False,0.0,True,capacity_changes_to_no_alarm,False,32.0
CART,time,3,C_b01_r20,C,0.01,20.0,0,inf,413,20,0,0,0,20,400.0,389,5,1,1.0,4.0,True,True,0.048426150121065374,no_alarm,0.24213075060532688,False,0.0,True,capacity_changes_to_no_alarm,False,72.0
CART,time,3,C_b01_r50,C,0.01,50.0,0,inf,413,20,0,0,0,20,1000.0,389,5,1,1.0,4.0,True,True,0.048426150121065374,no_alarm,0.24213075060532688,False,0.0,True,capacity_changes_to_no_alarm,False,339.0
CART,time,3,C_b05_r05,C,0.05,5.0,0,inf,413,20,0,0,0,20,100.0,389,21,1,1.0,20.0,False,True,0.048426150121065374,no_alarm,0.24213075060532688,False,0.0,False,cost_selects_no_alarm,False,0.0
CART,time,3,C_b05_r10,C,0.05,10.0,16,0.1211893816892521,413,20,16,2,14,18,194.0,389,21,1,1.0,20.0,True,True,0.048426150121065374,finite,0.24213075060532688,False,0.8,True,alarm_selected,False,32.0
CART,time,3,C_b05_r20,C,0.05,20.0,16,0.1211893816892521,413,20,16,2,14,18,374.0,389,21,1,1.0,20.0,True,True,0.048426150121065374,finite,0.24213075060532688,False,0.8,True,alarm_selected,False,72.0
CART,time,3,C_b05_r50,C,0.05,50.0,16,0.1211893816892521,413,20,16,2,14,18,914.0,389,21,1,1.0,20.0,True,True,0.048426150121065374,finite,0.24213075060532688,False,0.8,True,alarm_selected,False,339.0
CART,time,3,C_b10_r05,C,0.1,5.0,0,inf,413,20,0,0,0,20,100.0,389,42,1,1.0,41.0,False,True,0.048426150121065374,no_alarm,0.24213075060532688,False,0.0,False,cost_selects_no_alarm,False,0.0
CART,time,3,C_b10_r10,C,0.1,10.0,32,0.1025599175693957,413,20,32,4,28,16,188.0,389,42,1,1.0,41.0,False,True,0.048426150121065374,finite,0.24213075060532688,False,0.7804878048780488,False,alarm_selected,False,32.0
CART,time,3,C_b10_r20,C,0.1,20.0,32,0.1025599175693957,413,20,32,4,28,16,348.0,389,42,1,1.0,41.0,True,True,0.048426150121065374,finite,0.24213075060532688,False,0.7804878048780488,True,alarm_selected,False,72.0
CART,time,3,C_b10_r50,C,0.1,50.0,32,0.1025599175693957,413,20,32,4,28,16,828.0,389,42,1,1.0,41.0,True,True,0.048426150121065374,finite,0.24213075060532688,False,0.7804878048780488,True,alarm_selected,False,339.0
CART,time,3,C_b20_r05,C,0.2,5.0,0,inf,413,20,0,0,0,20,100.0,389,82,1,1.0,82.0,False,True,0.048426150121065374,no_alarm,0.24213075060532688,False,0.0,False,cost_selects_no_alarm,False,0.0
CART,time,3,C_b20_r10,C,0.2,10.0,32,0.1025599175693957,413,20,32,4,28,16,188.0,389,82,1,1.0,82.0,False,True,0.048426150121065374,finite,0.24213075060532688,False,0.3902439024390244,False,alarm_selected,False,32.0
CART,time,3,C_b20_r20,C,0.2,20.0,71,0.073144816578683,413,20,72,7,65,13,325.0,389,82,1,1.0,82.0,False,True,0.048426150121065374,finite,0.24213075060532688,False,0.8780487804878049,False,alarm_selected,False,72.0
CART,time,3,C_b20_r50,C,0.2,50.0,71,0.073144816578683,413,20,72,7,65,13,715.0,389,82,1,1.0,82.0,True,True,0.048426150121065374,finite,0.24213075060532688,False,0.8780487804878049,True,alarm_selected,False,339.0
CART,holdout,0,A_b01,A,0.01,,3,0.3160298197881431,361,21,3,0,3,21,,350,4,1,,3.0,,True,0.05817174515235457,finite,,False,1.0,,,,
CART,holdout,0,A_b05,A,0.05,,18,0.2001690824921686,361,21,18,1,17,20,,350,19,1,,18.0,,True,0.05817174515235457,finite,,False,1.0,,,,
CART,holdout,0,A_b10,A,0.1,,36,0.1757603339018622,361,21,36,2,34,19,,350,37,1,,36.0,,True,0.05817174515235457,finite,,False,1.0,,,,
CART,holdout,0,A_b20,A,0.2,,72,0.1062076954112462,361,21,72,6,66,15,,350,73,1,,72.0,,True,0.05817174515235457,finite,,False,1.0,,,,
CART,holdout,0,B_r05,B,,5.0,0,inf,361,21,0,0,0,21,105.0,350,350,2,0.0,,False,True,0.05817174515235457,no_alarm,0.0,,,False,,,
CART,holdout,0,B_r10,B,,10.0,6,0.2566242016292342,361,21,6,1,5,20,205.0,350,350,1,1.0,,False,True,0.05817174515235457,finite,0.2770083102493075,,,False,,,
CART,holdout,0,B_r20,B,,20.0,142,0.0510046218300218,361,21,142,11,131,10,331.0,350,350,1,1.0,,False,True,0.05817174515235457,finite,0.2770083102493075,,,False,,,
CART,holdout,0,B_r50,B,,50.0,348,0.0019909031011866,361,21,359,21,338,0,338.0,350,350,1,2.0,,False,True,0.05817174515235457,finite,0.554016620498615,,,False,,,
CART,holdout,0,C_b01_r05,C,0.01,5.0,0,inf,361,21,0,0,0,21,105.0,350,4,1,1.0,3.0,False,True,0.05817174515235457,no_alarm,0.2770083102493075,False,0.0,False,cost_selects_no_alarm,False,0.0
CART,holdout,0,C_b01_r10,C,0.01,10.0,0,inf,361,21,0,0,0,21,210.0,350,4,1,1.0,3.0,True,True,0.05817174515235457,no_alarm,0.2770083102493075,False,0.0,True,capacity_changes_to_no_alarm,False,6.0
CART,holdout,0,C_b01_r20,C,0.01,20.0,0,inf,361,21,0,0,0,21,420.0,350,4,1,1.0,3.0,True,True,0.05817174515235457,no_alarm,0.2770083102493075,False,0.0,True,capacity_changes_to_no_alarm,False,142.0
CART,holdout,0,C_b01_r50,C,0.01,50.0,0,inf,361,21,0,0,0,21,1050.0,350,4,1,1.0,3.0,True,True,0.05817174515235457,no_alarm,0.2770083102493075,False,0.0,True,capacity_changes_to_no_alarm,False,359.0
CART,holdout,0,C_b05_r05,C,0.05,5.0,0,inf,361,21,0,0,0,21,105.0,350,19,2,0.0,18.0,False,True,0.05817174515235457,no_alarm,0.0,False,0.0,False,cost_selects_no_alarm,True,0.0
CART,holdout,0,C_b05_r10,C,0.05,10.0,6,0.2566242016292342,361,21,6,1,5,20,205.0,350,19,1,1.0,18.0,False,True,0.05817174515235457,finite,0.2770083102493075,False,0.3333333333333333,False,alarm_selected,False,6.0
CART,holdout,0,C_b05_r20,C,0.05,20.0,6,0.2566242016292342,361,21,6,1,5,20,405.0,350,19,1,1.0,18.0,True,True,0.05817174515235457,finite,0.2770083102493075,False,0.3333333333333333,True,alarm_selected,False,142.0
CART,holdout,0,C_b05_r50,C,0.05,50.0,6,0.2566242016292342,361,21,6,1,5,20,1005.0,350,19,1,1.0,18.0,True,True,0.05817174515235457,finite,0.2770083102493075,False,0.3333333333333333,True,alarm_selected,False,359.0
CART,holdout,0,C_b10_r05,C,0.1,5.0,0,inf,361,21,0,0,0,21,105.0,350,37,2,0.0,36.0,False,True,0.05817174515235457,no_alarm,0.0,False,0.0,False,cost_selects_no_alarm,True,0.0
CART,holdout,0,C_b10_r10,C,0.1,10.0,6,0.2566242016292342,361,21,6,1,5,20,205.0,350,37,1,1.0,36.0,False,True,0.05817174515235457,finite,0.2770083102493075,False,0.16666666666666666,False,alarm_selected,False,6.0
CART,holdout,0,C_b10_r20,C,0.1,20.0,26,0.1840957821271718,361,21,26,2,24,19,404.0,350,37,1,1.0,36.0,True,True,0.05817174515235457,finite,0.2770083102493075,False,0.7222222222222222,True,alarm_selected,False,142.0
CART,holdout,0,C_b10_r50,C,0.1,50.0,26,0.1840957821271718,361,21,26,2,24,19,974.0,350,37,1,1.0,36.0,True,True,0.05817174515235457,finite,0.2770083102493075,False,0.7222222222222222,True,alarm_selected,False,359.0
CART,holdout,0,C_b20_r05,C,0.2,5.0,0,inf,361,21,0,0,0,21,105.0,350,73,2,0.0,72.0,False,True,0.05817174515235457,no_alarm,0.0,False,0.0,False,cost_selects_no_alarm,True,0.0
CART,holdout,0,C_b20_r10,C,0.2,10.0,6,0.2566242016292342,361,21,6,1,5,20,205.0,350,73,1,1.0,72.0,False,True,0.05817174515235457,finite,0.2770083102493075,False,0.08333333333333333,False,alarm_selected,False,6.0
CART,holdout,0,C_b20_r20,C,0.2,20.0,69,0.1086877858840445,361,21,69,6,63,15,363.0,350,73,1,1.0,72.0,True,True,0.05817174515235457,finite,0.2770083102493075,False,0.9583333333333334,True,alarm_selected,False,142.0
CART,holdout,0,C_b20_r50,C,0.2,50.0,69,0.1086877858840445,361,21,69,6,63,15,813.0,350,73,1,1.0,72.0,True,True,0.05817174515235457,finite,0.2770083102493075,False,0.9583333333333334,True,alarm_selected,False,359.0
