model,scheme,fold,candidate,depth,rounds,selection_metric,value,selected
XGBoost,time,0,0,2,80,AP,0.41273885771242863,True
XGBoost,time,0,1,2,160,AP,0.3978397898117573,False
XGBoost,time,0,2,3,80,AP,0.41273885771242863,False
XGBoost,time,0,3,3,160,AP,0.3978397898117573,False
XGBoost,time,1,0,2,80,AP,0.13815159271757668,False
XGBoost,time,1,1,2,160,AP,0.14329513433868848,True
XGBoost,time,1,2,3,80,AP,0.1331095607981787,False
XGBoost,time,1,3,3,160,AP,0.13680849189648733,False
XGBoost,time,2,0,2,80,AP,0.03668806232170287,False
XGBoost,time,2,1,2,160,AP,0.03570060207991242,False
XGBoost,time,2,2,3,80,AP,0.037870199975463134,True
XGBoost,time,2,3,3,160,AP,0.02588344071286749,False
XGBoost,time,3,0,2,80,AP,0.046054002247147355,False
XGBoost,time,3,1,2,160,AP,0.047947702968721306,False
XGBoost,time,3,2,3,80,AP,0.04804897677063644,True
XGBoost,time,3,3,3,160,AP,0.0466726178158309,False
XGBoost,holdout,0,0,2,80,AP,0.018922194235224794,False
XGBoost,holdout,0,1,2,160,AP,0.022148870980332545,True
XGBoost,holdout,0,2,3,80,AP,0.0213984115375674,False
XGBoost,holdout,0,3,3,160,AP,0.01982108056051718,False
