fold,policy,budget,threshold,train_start,train_end,n_train,inner_fit_start,inner_fit_end,inner_fit_n,reference_start,reference_end,reference_n,reference_alerts,test_start,test_end,n_test,training_prior,model,variant,validation
0,historical_prevalence,0.1480582524271844,0.8589463638905747,0,514,515,0,411,412,412,514,103,15,515,1030,516,0.1592233009708737,LR,full,time
0,budget,0.01,0.9808438955365404,0,514,515,0,411,412,412,514,103,1,515,1030,516,0.1592233009708737,LR,full,time
0,budget,0.05,0.9449999668459914,0,514,515,0,411,412,412,514,103,5,515,1030,516,0.1592233009708737,LR,full,time
0,budget,0.1,0.905067228826594,0,514,515,0,411,412,412,514,103,10,515,1030,516,0.1592233009708737,LR,full,time
0,budget,0.2,0.8385006690747037,0,514,515,0,411,412,412,514,103,20,515,1030,516,0.1592233009708737,LR,full,time
1,historical_prevalence,0.1419902912621359,0.2949771576029709,0,1030,1031,0,823,824,824,1030,207,29,1031,1545,515,0.1144519883608147,LR,full,time
1,budget,0.01,0.4978326361364852,0,1030,1031,0,823,824,824,1030,207,2,1031,1545,515,0.1144519883608147,LR,full,time
1,budget,0.05,0.3968156552305628,0,1030,1031,0,823,824,824,1030,207,10,1031,1545,515,0.1144519883608147,LR,full,time
1,budget,0.1,0.3408325818481839,0,1030,1031,0,823,824,824,1030,207,20,1031,1545,515,0.1144519883608147,LR,full,time
1,budget,0.2,0.2404941594109389,0,1030,1031,0,823,824,824,1030,207,41,1031,1545,515,0.1144519883608147,LR,full,time
2,historical_prevalence,0.0978964401294498,0.4787115586848766,0,1545,1546,0,1235,1236,1236,1545,310,30,1546,2061,516,0.0827943078913324,LR,full,time
2,budget,0.01,0.7158824978467592,0,1545,1546,0,1235,1236,1236,1545,310,3,1546,2061,516,0.0827943078913324,LR,full,time
2,budget,0.05,0.5463075591298205,0,1545,1546,0,1235,1236,1236,1545,310,15,1546,2061,516,0.0827943078913324,LR,full,time
2,budget,0.1,0.4786040168684942,0,1545,1546,0,1235,1236,1236,1545,310,31,1546,2061,516,0.0827943078913324,LR,full,time
2,budget,0.2,0.3844032723079191,0,1545,1546,0,1235,1236,1236,1545,310,62,1546,2061,516,0.0827943078913324,LR,full,time
3,historical_prevalence,0.0800485142510612,0.5445771762654114,0,2061,2062,0,1648,1649,1649,2061,413,33,2062,2577,516,0.0737148399612027,LR,full,time
3,budget,0.01,0.6485729500951414,0,2061,2062,0,1648,1649,1649,2061,413,4,2062,2577,516,0.0737148399612027,LR,full,time
3,budget,0.05,0.5702731870404734,0,2061,2062,0,1648,1649,1649,2061,413,20,2062,2577,516,0.0737148399612027,LR,full,time
3,budget,0.1,0.5194383814176867,0,2061,2062,0,1648,1649,1649,2061,413,41,2062,2577,516,0.0737148399612027,LR,full,time
3,budget,0.2,0.4492456617521049,0,2061,2062,0,1648,1649,1649,2061,413,82,2062,2577,516,0.0737148399612027,LR,full,time
0,historical_prevalence,0.1480582524271844,0.7182666604303959,0,514,515,0,411,412,412,514,103,0,515,1030,516,0.1592233009708737,LR,ratings_only,time
0,budget,0.01,0.7182666604303959,0,514,515,0,411,412,412,514,103,0,515,1030,516,0.1592233009708737,LR,ratings_only,time
0,budget,0.05,0.7182666604303959,0,514,515,0,411,412,412,514,103,0,515,1030,516,0.1592233009708737,LR,ratings_only,time
0,budget,0.1,0.7182666604303959,0,514,515,0,411,412,412,514,103,0,515,1030,516,0.1592233009708737,LR,ratings_only,time
0,budget,0.2,0.7182666604303959,0,514,515,0,411,412,412,514,103,0,515,1030,516,0.1592233009708737,LR,ratings_only,time
1,historical_prevalence,0.1419902912621359,0.4250664303430423,0,1030,1031,0,823,824,824,1030,207,11,1031,1545,515,0.1144519883608147,LR,ratings_only,time
1,budget,0.01,0.7864493786564297,0,1030,1031,0,823,824,824,1030,207,0,1031,1545,515,0.1144519883608147,LR,ratings_only,time
1,budget,0.05,0.549824289350497,0,1030,1031,0,823,824,824,1030,207,3,1031,1545,515,0.1144519883608147,LR,ratings_only,time
1,budget,0.1,0.4250664303430423,0,1030,1031,0,823,824,824,1030,207,11,1031,1545,515,0.1144519883608147,LR,ratings_only,time
1,budget,0.2,0.4250664303430423,0,1030,1031,0,823,824,824,1030,207,11,1031,1545,515,0.1144519883608147,LR,ratings_only,time
2,historical_prevalence,0.0978964401294498,0.7289875795200964,0,1545,1546,0,1235,1236,1236,1545,310,22,1546,2061,516,0.0827943078913324,LR,ratings_only,time
2,budget,0.01,0.7819370225064873,0,1545,1546,0,1235,1236,1236,1545,310,0,1546,2061,516,0.0827943078913324,LR,ratings_only,time
2,budget,0.05,0.7819370225064873,0,1545,1546,0,1235,1236,1236,1545,310,0,1546,2061,516,0.0827943078913324,LR,ratings_only,time
2,budget,0.1,0.7289875795200964,0,1545,1546,0,1235,1236,1236,1545,310,22,1546,2061,516,0.0827943078913324,LR,ratings_only,time
2,budget,0.2,0.6906298079675546,0,1545,1546,0,1235,1236,1236,1545,310,59,1546,2061,516,0.0827943078913324,LR,ratings_only,time
3,historical_prevalence,0.0800485142510612,0.6896714248349854,0,2061,2062,0,1648,1649,1649,2061,413,0,2062,2577,516,0.0737148399612027,LR,ratings_only,time
3,budget,0.01,0.6896714248349854,0,2061,2062,0,1648,1649,1649,2061,413,0,2062,2577,516,0.0737148399612027,LR,ratings_only,time
3,budget,0.05,0.6896714248349854,0,2061,2062,0,1648,1649,1649,2061,413,0,2062,2577,516,0.0737148399612027,LR,ratings_only,time
3,budget,0.1,0.6896714248349854,0,2061,2062,0,1648,1649,1649,2061,413,0,2062,2577,516,0.0737148399612027,LR,ratings_only,time
3,budget,0.2,0.6896714248349854,0,2061,2062,0,1648,1649,1649,2061,413,0,2062,2577,516,0.0737148399612027,LR,ratings_only,time
0,historical_prevalence,0.1480582524271844,0.8752758860700938,0,514,515,0,411,412,412,514,103,15,515,1030,516,0.1592233009708737,LR,without_ratings,time
0,budget,0.01,0.9876043294863396,0,514,515,0,411,412,412,514,103,1,515,1030,516,0.1592233009708737,LR,without_ratings,time
0,budget,0.05,0.9555721480345952,0,514,515,0,411,412,412,514,103,5,515,1030,516,0.1592233009708737,LR,without_ratings,time
0,budget,0.1,0.930785642145906,0,514,515,0,411,412,412,514,103,10,515,1030,516,0.1592233009708737,LR,without_ratings,time
0,budget,0.2,0.8434205684330481,0,514,515,0,411,412,412,514,103,20,515,1030,516,0.1592233009708737,LR,without_ratings,time
1,historical_prevalence,0.1419902912621359,0.3077992671199316,0,1030,1031,0,823,824,824,1030,207,29,1031,1545,515,0.1144519883608147,LR,without_ratings,time
1,budget,0.01,0.5257535430241155,0,1030,1031,0,823,824,824,1030,207,2,1031,1545,515,0.1144519883608147,LR,without_ratings,time
1,budget,0.05,0.4233254576171263,0,1030,1031,0,823,824,824,1030,207,10,1031,1545,515,0.1144519883608147,LR,without_ratings,time
1,budget,0.1,0.3458438824824623,0,1030,1031,0,823,824,824,1030,207,20,1031,1545,515,0.1144519883608147,LR,without_ratings,time
1,budget,0.2,0.2404578498922855,0,1030,1031,0,823,824,824,1030,207,41,1031,1545,515,0.1144519883608147,LR,without_ratings,time
2,historical_prevalence,0.0978964401294498,0.3898452678556304,0,1545,1546,0,1235,1236,1236,1545,310,30,1546,2061,516,0.0827943078913324,LR,without_ratings,time
2,budget,0.01,0.6249091284368852,0,1545,1546,0,1235,1236,1236,1545,310,3,1546,2061,516,0.0827943078913324,LR,without_ratings,time
2,budget,0.05,0.4371796065674128,0,1545,1546,0,1235,1236,1236,1545,310,15,1546,2061,516,0.0827943078913324,LR,without_ratings,time
2,budget,0.1,0.3888942577427483,0,1545,1546,0,1235,1236,1236,1545,310,31,1546,2061,516,0.0827943078913324,LR,without_ratings,time
2,budget,0.2,0.3540361094976171,0,1545,1546,0,1235,1236,1236,1545,310,62,1546,2061,516,0.0827943078913324,LR,without_ratings,time
3,historical_prevalence,0.0800485142510612,0.4961486522069992,0,2061,2062,0,1648,1649,1649,2061,413,33,2062,2577,516,0.0737148399612027,LR,without_ratings,time
3,budget,0.01,0.6062147780064683,0,2061,2062,0,1648,1649,1649,2061,413,4,2062,2577,516,0.0737148399612027,LR,without_ratings,time
3,budget,0.05,0.5337961631466066,0,2061,2062,0,1648,1649,1649,2061,413,20,2062,2577,516,0.0737148399612027,LR,without_ratings,time
3,budget,0.1,0.4821071650415361,0,2061,2062,0,1648,1649,1649,2061,413,41,2062,2577,516,0.0737148399612027,LR,without_ratings,time
3,budget,0.2,0.4237097564750475,0,2061,2062,0,1648,1649,1649,2061,413,82,2062,2577,516,0.0737148399612027,LR,without_ratings,time
0,historical_prevalence,0.1480582524271844,0.375687196397948,0,514,515,0,411,412,412,514,103,15,515,1030,516,0.1592233009708737,LR,geophone_only,time
0,budget,0.01,0.5240982056174361,0,514,515,0,411,412,412,514,103,1,515,1030,516,0.1592233009708737,LR,geophone_only,time
0,budget,0.05,0.4506910140311238,0,514,515,0,411,412,412,514,103,5,515,1030,516,0.1592233009708737,LR,geophone_only,time
0,budget,0.1,0.4095185058534287,0,514,515,0,411,412,412,514,103,10,515,1030,516,0.1592233009708737,LR,geophone_only,time
0,budget,0.2,0.3510466242866457,0,514,515,0,411,412,412,514,103,20,515,1030,516,0.1592233009708737,LR,geophone_only,time
1,historical_prevalence,0.1419902912621359,0.3562661088062319,0,1030,1031,0,823,824,824,1030,207,29,1031,1545,515,0.1144519883608147,LR,geophone_only,time
1,budget,0.01,0.3718909524743286,0,1030,1031,0,823,824,824,1030,207,2,1031,1545,515,0.1144519883608147,LR,geophone_only,time
1,budget,0.05,0.3616189034317012,0,1030,1031,0,823,824,824,1030,207,10,1031,1545,515,0.1144519883608147,LR,geophone_only,time
1,budget,0.1,0.3592437098612153,0,1030,1031,0,823,824,824,1030,207,20,1031,1545,515,0.1144519883608147,LR,geophone_only,time
1,budget,0.2,0.3546406651377376,0,1030,1031,0,823,824,824,1030,207,41,1031,1545,515,0.1144519883608147,LR,geophone_only,time
2,historical_prevalence,0.0978964401294498,0.5688591103365914,0,1545,1546,0,1235,1236,1236,1545,310,30,1546,2061,516,0.0827943078913324,LR,geophone_only,time
2,budget,0.01,0.7987352263929488,0,1545,1546,0,1235,1236,1236,1545,310,3,1546,2061,516,0.0827943078913324,LR,geophone_only,time
2,budget,0.05,0.6472945734912643,0,1545,1546,0,1235,1236,1236,1545,310,15,1546,2061,516,0.0827943078913324,LR,geophone_only,time
2,budget,0.1,0.567644112885677,0,1545,1546,0,1235,1236,1236,1545,310,31,1546,2061,516,0.0827943078913324,LR,geophone_only,time
2,budget,0.2,0.4921770297672565,0,1545,1546,0,1235,1236,1236,1545,310,62,1546,2061,516,0.0827943078913324,LR,geophone_only,time
3,historical_prevalence,0.0800485142510612,0.5199102645081047,0,2061,2062,0,1648,1649,1649,2061,413,33,2062,2577,516,0.0737148399612027,LR,geophone_only,time
3,budget,0.01,0.6693915678910677,0,2061,2062,0,1648,1649,1649,2061,413,4,2062,2577,516,0.0737148399612027,LR,geophone_only,time
3,budget,0.05,0.5472497085401907,0,2061,2062,0,1648,1649,1649,2061,413,20,2062,2577,516,0.0737148399612027,LR,geophone_only,time
3,budget,0.1,0.5059663524381118,0,2061,2062,0,1648,1649,1649,2061,413,41,2062,2577,516,0.0737148399612027,LR,geophone_only,time
3,budget,0.2,0.4797970436353577,0,2061,2062,0,1648,1649,1649,2061,413,82,2062,2577,516,0.0737148399612027,LR,geophone_only,time
0,historical_prevalence,0.1480582524271844,0.9102118324383836,0,514,515,0,411,412,412,514,103,15,515,1030,516,0.1592233009708737,LR,without_geophone,time
0,budget,0.01,0.990935228044338,0,514,515,0,411,412,412,514,103,1,515,1030,516,0.1592233009708737,LR,without_geophone,time
0,budget,0.05,0.9764907725898948,0,514,515,0,411,412,412,514,103,5,515,1030,516,0.1592233009708737,LR,without_geophone,time
0,budget,0.1,0.9186104685314176,0,514,515,0,411,412,412,514,103,10,515,1030,516,0.1592233009708737,LR,without_geophone,time
0,budget,0.2,0.8991907489724846,0,514,515,0,411,412,412,514,103,20,515,1030,516,0.1592233009708737,LR,without_geophone,time
1,historical_prevalence,0.1419902912621359,0.3904418706081224,0,1030,1031,0,823,824,824,1030,207,28,1031,1545,515,0.1144519883608147,LR,without_geophone,time
1,budget,0.01,0.595548555613666,0,1030,1031,0,823,824,824,1030,207,1,1031,1545,515,0.1144519883608147,LR,without_geophone,time
1,budget,0.05,0.4928467724767879,0,1030,1031,0,823,824,824,1030,207,10,1031,1545,515,0.1144519883608147,LR,without_geophone,time
1,budget,0.1,0.438882525224134,0,1030,1031,0,823,824,824,1030,207,20,1031,1545,515,0.1144519883608147,LR,without_geophone,time
1,budget,0.2,0.3444829462826279,0,1030,1031,0,823,824,824,1030,207,35,1031,1545,515,0.1144519883608147,LR,without_geophone,time
2,historical_prevalence,0.0978964401294498,0.6464013798533411,0,1545,1546,0,1235,1236,1236,1545,310,22,1546,2061,516,0.0827943078913324,LR,without_geophone,time
2,budget,0.01,0.7278160589714322,0,1545,1546,0,1235,1236,1236,1545,310,3,1546,2061,516,0.0827943078913324,LR,without_geophone,time
2,budget,0.05,0.6509123029822101,0,1545,1546,0,1235,1236,1236,1545,310,14,1546,2061,516,0.0827943078913324,LR,without_geophone,time
2,budget,0.1,0.6464013798533411,0,1545,1546,0,1235,1236,1236,1545,310,22,1546,2061,516,0.0827943078913324,LR,without_geophone,time
2,budget,0.2,0.5630156268081146,0,1545,1546,0,1235,1236,1236,1545,310,39,1546,2061,516,0.0827943078913324,LR,without_geophone,time
3,historical_prevalence,0.0800485142510612,0.6206978409957599,0,2061,2062,0,1648,1649,1649,2061,413,32,2062,2577,516,0.0737148399612027,LR,without_geophone,time
3,budget,0.01,0.7209823719520232,0,2061,2062,0,1648,1649,1649,2061,413,4,2062,2577,516,0.0737148399612027,LR,without_geophone,time
3,budget,0.05,0.6382093193594196,0,2061,2062,0,1648,1649,1649,2061,413,20,2062,2577,516,0.0737148399612027,LR,without_geophone,time
3,budget,0.1,0.6039643586364396,0,2061,2062,0,1648,1649,1649,2061,413,40,2062,2577,516,0.0737148399612027,LR,without_geophone,time
3,budget,0.2,0.527976592972166,0,2061,2062,0,1648,1649,1649,2061,413,57,2062,2577,516,0.0737148399612027,LR,without_geophone,time
0,historical_prevalence,0.1480582524271844,0.9581039646932658,0,514,515,0,411,412,412,514,103,15,515,1030,516,0.1592233009708737,LR,seismic_activity_only,time
0,budget,0.01,0.9985620328770608,0,514,515,0,411,412,412,514,103,1,515,1030,516,0.1592233009708737,LR,seismic_activity_only,time
0,budget,0.05,0.99219643828755,0,514,515,0,411,412,412,514,103,5,515,1030,516,0.1592233009708737,LR,seismic_activity_only,time
0,budget,0.1,0.9688738221508172,0,514,515,0,411,412,412,514,103,10,515,1030,516,0.1592233009708737,LR,seismic_activity_only,time
0,budget,0.2,0.9524805190300202,0,514,515,0,411,412,412,514,103,20,515,1030,516,0.1592233009708737,LR,seismic_activity_only,time
1,historical_prevalence,0.1419902912621359,0.4105742609809731,0,1030,1031,0,823,824,824,1030,207,26,1031,1545,515,0.1144519883608147,LR,seismic_activity_only,time
1,budget,0.01,0.6576714097200751,0,1030,1031,0,823,824,824,1030,207,2,1031,1545,515,0.1144519883608147,LR,seismic_activity_only,time
1,budget,0.05,0.5097865708879504,0,1030,1031,0,823,824,824,1030,207,10,1031,1545,515,0.1144519883608147,LR,seismic_activity_only,time
1,budget,0.1,0.475643850072726,0,1030,1031,0,823,824,824,1030,207,20,1031,1545,515,0.1144519883608147,LR,seismic_activity_only,time
1,budget,0.2,0.3962643840841627,0,1030,1031,0,823,824,824,1030,207,37,1031,1545,515,0.1144519883608147,LR,seismic_activity_only,time
2,historical_prevalence,0.0978964401294498,0.3958800084287319,0,1545,1546,0,1235,1236,1236,1545,310,29,1546,2061,516,0.0827943078913324,LR,seismic_activity_only,time
2,budget,0.01,0.5316772496405651,0,1545,1546,0,1235,1236,1236,1545,310,3,1546,2061,516,0.0827943078913324,LR,seismic_activity_only,time
2,budget,0.05,0.4130023123259873,0,1545,1546,0,1235,1236,1236,1545,310,14,1546,2061,516,0.0827943078913324,LR,seismic_activity_only,time
2,budget,0.1,0.3958800084287319,0,1545,1546,0,1235,1236,1236,1545,310,29,1546,2061,516,0.0827943078913324,LR,seismic_activity_only,time
2,budget,0.2,0.39139167280961,0,1545,1546,0,1235,1236,1236,1545,310,59,1546,2061,516,0.0827943078913324,LR,seismic_activity_only,time
3,historical_prevalence,0.0800485142510612,0.4964508303529248,0,2061,2062,0,1648,1649,1649,2061,413,29,2062,2577,516,0.0737148399612027,LR,seismic_activity_only,time
3,budget,0.01,0.6763878337196605,0,2061,2062,0,1648,1649,1649,2061,413,4,2062,2577,516,0.0737148399612027,LR,seismic_activity_only,time
3,budget,0.05,0.556457335666069,0,2061,2062,0,1648,1649,1649,2061,413,20,2062,2577,516,0.0737148399612027,LR,seismic_activity_only,time
3,budget,0.1,0.4311515615759836,0,2061,2062,0,1648,1649,1649,2061,413,39,2062,2577,516,0.0737148399612027,LR,seismic_activity_only,time
3,budget,0.2,0.4142478720203184,0,2061,2062,0,1648,1649,1649,2061,413,82,2062,2577,516,0.0737148399612027,LR,seismic_activity_only,time
0,historical_prevalence,0.1480582524271844,0.6539439691324989,0,514,515,0,411,412,412,514,103,15,515,1030,516,0.1592233009708737,LR,without_seismic_activity,time
0,budget,0.01,0.7935360283609536,0,514,515,0,411,412,412,514,103,1,515,1030,516,0.1592233009708737,LR,without_seismic_activity,time
0,budget,0.05,0.7052849904126868,0,514,515,0,411,412,412,514,103,5,515,1030,516,0.1592233009708737,LR,without_seismic_activity,time
0,budget,0.1,0.6690400490629145,0,514,515,0,411,412,412,514,103,10,515,1030,516,0.1592233009708737,LR,without_seismic_activity,time
0,budget,0.2,0.629449708759401,0,514,515,0,411,412,412,514,103,20,515,1030,516,0.1592233009708737,LR,without_seismic_activity,time
1,historical_prevalence,0.1419902912621359,0.3881106666804289,0,1030,1031,0,823,824,824,1030,207,29,1031,1545,515,0.1144519883608147,LR,without_seismic_activity,time
1,budget,0.01,0.4960394626424846,0,1030,1031,0,823,824,824,1030,207,2,1031,1545,515,0.1144519883608147,LR,without_seismic_activity,time
1,budget,0.05,0.4406121795848897,0,1030,1031,0,823,824,824,1030,207,10,1031,1545,515,0.1144519883608147,LR,without_seismic_activity,time
1,budget,0.1,0.4002260831539526,0,1030,1031,0,823,824,824,1030,207,20,1031,1545,515,0.1144519883608147,LR,without_seismic_activity,time
1,budget,0.2,0.3550021650570035,0,1030,1031,0,823,824,824,1030,207,41,1031,1545,515,0.1144519883608147,LR,without_seismic_activity,time
2,historical_prevalence,0.0978964401294498,0.7169721467685883,0,1545,1546,0,1235,1236,1236,1545,310,30,1546,2061,516,0.0827943078913324,LR,without_seismic_activity,time
2,budget,0.01,0.842406824504482,0,1545,1546,0,1235,1236,1236,1545,310,3,1546,2061,516,0.0827943078913324,LR,without_seismic_activity,time
2,budget,0.05,0.7582003134109869,0,1545,1546,0,1235,1236,1236,1545,310,15,1546,2061,516,0.0827943078913324,LR,without_seismic_activity,time
2,budget,0.1,0.7152689728540494,0,1545,1546,0,1235,1236,1236,1545,310,31,1546,2061,516,0.0827943078913324,LR,without_seismic_activity,time
2,budget,0.2,0.6250291386667741,0,1545,1546,0,1235,1236,1236,1545,310,62,1546,2061,516,0.0827943078913324,LR,without_seismic_activity,time
3,historical_prevalence,0.0800485142510612,0.666824501584654,0,2061,2062,0,1648,1649,1649,2061,413,33,2062,2577,516,0.0737148399612027,LR,without_seismic_activity,time
3,budget,0.01,0.714692735064892,0,2061,2062,0,1648,1649,1649,2061,413,4,2062,2577,516,0.0737148399612027,LR,without_seismic_activity,time
3,budget,0.05,0.6821664767203169,0,2061,2062,0,1648,1649,1649,2061,413,20,2062,2577,516,0.0737148399612027,LR,without_seismic_activity,time
3,budget,0.1,0.6591445895898035,0,2061,2062,0,1648,1649,1649,2061,413,41,2062,2577,516,0.0737148399612027,LR,without_seismic_activity,time
3,budget,0.2,0.6148318173258832,0,2061,2062,0,1648,1649,1649,2061,413,82,2062,2577,516,0.0737148399612027,LR,without_seismic_activity,time
0,historical_prevalence,0.1480582524271844,0.6210358664401925,0,514,515,0,411,412,412,514,103,0,515,1030,516,0.1592233009708737,LR,operation_only,time
0,budget,0.01,0.6210358664401925,0,514,515,0,411,412,412,514,103,0,515,1030,516,0.1592233009708737,LR,operation_only,time
0,budget,0.05,0.6210358664401925,0,514,515,0,411,412,412,514,103,0,515,1030,516,0.1592233009708737,LR,operation_only,time
0,budget,0.1,0.6210358664401925,0,514,515,0,411,412,412,514,103,0,515,1030,516,0.1592233009708737,LR,operation_only,time
0,budget,0.2,0.6210358664401925,0,514,515,0,411,412,412,514,103,0,515,1030,516,0.1592233009708737,LR,operation_only,time
1,historical_prevalence,0.1419902912621359,0.5755344146872491,0,1030,1031,0,823,824,824,1030,207,0,1031,1545,515,0.1144519883608147,LR,operation_only,time
1,budget,0.01,0.5755344146872491,0,1030,1031,0,823,824,824,1030,207,0,1031,1545,515,0.1144519883608147,LR,operation_only,time
1,budget,0.05,0.5755344146872491,0,1030,1031,0,823,824,824,1030,207,0,1031,1545,515,0.1144519883608147,LR,operation_only,time
1,budget,0.1,0.5755344146872491,0,1030,1031,0,823,824,824,1030,207,0,1031,1545,515,0.1144519883608147,LR,operation_only,time
1,budget,0.2,0.2337703162016038,0,1030,1031,0,823,824,824,1030,207,41,1031,1545,515,0.1144519883608147,LR,operation_only,time
2,historical_prevalence,0.0978964401294498,0.6221662908809482,0,1545,1546,0,1235,1236,1236,1545,310,0,1546,2061,516,0.0827943078913324,LR,operation_only,time
2,budget,0.01,0.6221662908809482,0,1545,1546,0,1235,1236,1236,1545,310,0,1546,2061,516,0.0827943078913324,LR,operation_only,time
2,budget,0.05,0.6221662908809482,0,1545,1546,0,1235,1236,1236,1545,310,0,1546,2061,516,0.0827943078913324,LR,operation_only,time
2,budget,0.1,0.6221662908809482,0,1545,1546,0,1235,1236,1236,1545,310,0,1546,2061,516,0.0827943078913324,LR,operation_only,time
2,budget,0.2,0.6221662908809482,0,1545,1546,0,1235,1236,1236,1545,310,0,1546,2061,516,0.0827943078913324,LR,operation_only,time
3,historical_prevalence,0.0800485142510612,0.606488289828852,0,2061,2062,0,1648,1649,1649,2061,413,0,2062,2577,516,0.0737148399612027,LR,operation_only,time
3,budget,0.01,0.606488289828852,0,2061,2062,0,1648,1649,1649,2061,413,0,2062,2577,516,0.0737148399612027,LR,operation_only,time
3,budget,0.05,0.606488289828852,0,2061,2062,0,1648,1649,1649,2061,413,0,2062,2577,516,0.0737148399612027,LR,operation_only,time
3,budget,0.1,0.606488289828852,0,2061,2062,0,1648,1649,1649,2061,413,0,2062,2577,516,0.0737148399612027,LR,operation_only,time
3,budget,0.2,0.606488289828852,0,2061,2062,0,1648,1649,1649,2061,413,0,2062,2577,516,0.0737148399612027,LR,operation_only,time
0,historical_prevalence,0.1480582524271844,0.8533031463440554,0,514,515,0,411,412,412,514,103,15,515,1030,516,0.1592233009708737,LR,without_operation,time
0,budget,0.01,0.9841614229515268,0,514,515,0,411,412,412,514,103,1,515,1030,516,0.1592233009708737,LR,without_operation,time
0,budget,0.05,0.9554804311530518,0,514,515,0,411,412,412,514,103,5,515,1030,516,0.1592233009708737,LR,without_operation,time
0,budget,0.1,0.9063559125339546,0,514,515,0,411,412,412,514,103,10,515,1030,516,0.1592233009708737,LR,without_operation,time
0,budget,0.2,0.828575694897783,0,514,515,0,411,412,412,514,103,20,515,1030,516,0.1592233009708737,LR,without_operation,time
1,historical_prevalence,0.1419902912621359,0.2812576397338864,0,1030,1031,0,823,824,824,1030,207,29,1031,1545,515,0.1144519883608147,LR,without_operation,time
1,budget,0.01,0.5085196969031368,0,1030,1031,0,823,824,824,1030,207,2,1031,1545,515,0.1144519883608147,LR,without_operation,time
1,budget,0.05,0.3665494296812993,0,1030,1031,0,823,824,824,1030,207,10,1031,1545,515,0.1144519883608147,LR,without_operation,time
1,budget,0.1,0.3146515154935477,0,1030,1031,0,823,824,824,1030,207,20,1031,1545,515,0.1144519883608147,LR,without_operation,time
1,budget,0.2,0.2547761114386679,0,1030,1031,0,823,824,824,1030,207,41,1031,1545,515,0.1144519883608147,LR,without_operation,time
2,historical_prevalence,0.0978964401294498,0.4256051144356466,0,1545,1546,0,1235,1236,1236,1545,310,30,1546,2061,516,0.0827943078913324,LR,without_operation,time
2,budget,0.01,0.7179761741789565,0,1545,1546,0,1235,1236,1236,1545,310,3,1546,2061,516,0.0827943078913324,LR,without_operation,time
2,budget,0.05,0.5066201608509552,0,1545,1546,0,1235,1236,1236,1545,310,15,1546,2061,516,0.0827943078913324,LR,without_operation,time
2,budget,0.1,0.4250337369030169,0,1545,1546,0,1235,1236,1236,1545,310,31,1546,2061,516,0.0827943078913324,LR,without_operation,time
2,budget,0.2,0.3243739123830953,0,1545,1546,0,1235,1236,1236,1545,310,62,1546,2061,516,0.0827943078913324,LR,without_operation,time
3,historical_prevalence,0.0800485142510612,0.5113297179459749,0,2061,2062,0,1648,1649,1649,2061,413,33,2062,2577,516,0.0737148399612027,LR,without_operation,time
3,budget,0.01,0.6453284765011542,0,2061,2062,0,1648,1649,1649,2061,413,4,2062,2577,516,0.0737148399612027,LR,without_operation,time
3,budget,0.05,0.5406258171517103,0,2061,2062,0,1648,1649,1649,2061,413,20,2062,2577,516,0.0737148399612027,LR,without_operation,time
3,budget,0.1,0.5011809107667689,0,2061,2062,0,1648,1649,1649,2061,413,41,2062,2577,516,0.0737148399612027,LR,without_operation,time
3,budget,0.2,0.4149854821277399,0,2061,2062,0,1648,1649,1649,2061,413,82,2062,2577,516,0.0737148399612027,LR,without_operation,time
0,historical_prevalence,0.0852390852390852,0.6620016741357315,0,1803,1804,0,1442,1443,1443,1803,361,30,1804,2577,774,0.0798226164079822,LR,full,holdout
0,budget,0.01,0.8088367163983151,0,1803,1804,0,1442,1443,1443,1803,361,3,1804,2577,774,0.0798226164079822,LR,full,holdout
0,budget,0.05,0.6925856060407827,0,1803,1804,0,1442,1443,1443,1803,361,18,1804,2577,774,0.0798226164079822,LR,full,holdout
0,budget,0.1,0.6499718382372003,0,1803,1804,0,1442,1443,1443,1803,361,36,1804,2577,774,0.0798226164079822,LR,full,holdout
0,budget,0.2,0.5628565578517313,0,1803,1804,0,1442,1443,1443,1803,361,72,1804,2577,774,0.0798226164079822,LR,full,holdout
0,historical_prevalence,0.1480582524271844,0.4685474194418121,0,514,515,0,411,412,412,514,103,15,515,1030,516,0.1592233009708737,CART,full,time
0,budget,0.01,0.5407843915847982,0,514,515,0,411,412,412,514,103,1,515,1030,516,0.1592233009708737,CART,full,time
0,budget,0.05,0.5237683349667529,0,514,515,0,411,412,412,514,103,5,515,1030,516,0.1592233009708737,CART,full,time
0,budget,0.1,0.4885155589003987,0,514,515,0,411,412,412,514,103,10,515,1030,516,0.1592233009708737,CART,full,time
0,budget,0.2,0.4489178250293449,0,514,515,0,411,412,412,514,103,20,515,1030,516,0.1592233009708737,CART,full,time
1,historical_prevalence,0.1419902912621359,0.0862940403543126,0,1030,1031,0,823,824,824,1030,207,29,1031,1545,515,0.1144519883608147,CART,full,time
1,budget,0.01,0.2241666358878805,0,1030,1031,0,823,824,824,1030,207,2,1031,1545,515,0.1144519883608147,CART,full,time
1,budget,0.05,0.1482289521342435,0,1030,1031,0,823,824,824,1030,207,10,1031,1545,515,0.1144519883608147,CART,full,time
1,budget,0.1,0.1050401786238049,0,1030,1031,0,823,824,824,1030,207,20,1031,1545,515,0.1144519883608147,CART,full,time
1,budget,0.2,0.0613629362669344,0,1030,1031,0,823,824,824,1030,207,41,1031,1545,515,0.1144519883608147,CART,full,time
2,historical_prevalence,0.0978964401294498,0.1279105808407977,0,1545,1546,0,1235,1236,1236,1545,310,30,1546,2061,516,0.0827943078913324,CART,full,time
2,budget,0.01,0.2452866839732278,0,1545,1546,0,1235,1236,1236,1545,310,3,1546,2061,516,0.0827943078913324,CART,full,time
2,budget,0.05,0.1636288914630078,0,1545,1546,0,1235,1236,1236,1545,310,15,1546,2061,516,0.0827943078913324,CART,full,time
2,budget,0.1,0.1225019059113839,0,1545,1546,0,1235,1236,1236,1545,310,31,1546,2061,516,0.0827943078913324,CART,full,time
2,budget,0.2,0.068194265645099,0,1545,1546,0,1235,1236,1236,1545,310,62,1546,2061,516,0.0827943078913324,CART,full,time
3,historical_prevalence,0.0800485142510612,0.1009558699018486,0,2061,2062,0,1648,1649,1649,2061,413,33,2062,2577,516,0.0737148399612027,CART,full,time
3,budget,0.01,0.139092052223639,0,2061,2062,0,1648,1649,1649,2061,413,4,2062,2577,516,0.0737148399612027,CART,full,time
3,budget,0.05,0.1150520132787478,0,2061,2062,0,1648,1649,1649,2061,413,20,2062,2577,516,0.0737148399612027,CART,full,time
3,budget,0.1,0.0927176764205181,0,2061,2062,0,1648,1649,1649,2061,413,41,2062,2577,516,0.0737148399612027,CART,full,time
3,budget,0.2,0.0636667052471812,0,2061,2062,0,1648,1649,1649,2061,413,82,2062,2577,516,0.0737148399612027,CART,full,time
0,historical_prevalence,0.1480582524271844,0.2298648839890305,0,514,515,0,411,412,412,514,103,14,515,1030,516,0.1592233009708737,CART,ratings_only,time
0,budget,0.01,0.3089669658594101,0,514,515,0,411,412,412,514,103,0,515,1030,516,0.1592233009708737,CART,ratings_only,time
0,budget,0.05,0.3089669658594101,0,514,515,0,411,412,412,514,103,0,515,1030,516,0.1592233009708737,CART,ratings_only,time
0,budget,0.1,0.3089669658594101,0,514,515,0,411,412,412,514,103,0,515,1030,516,0.1592233009708737,CART,ratings_only,time
0,budget,0.2,0.2298648839890305,0,514,515,0,411,412,412,514,103,14,515,1030,516,0.1592233009708737,CART,ratings_only,time
1,historical_prevalence,0.1419902912621359,0.1248848668719095,0,1030,1031,0,823,824,824,1030,207,3,1031,1545,515,0.1144519883608147,CART,ratings_only,time
1,budget,0.01,0.2700121773503678,0,1030,1031,0,823,824,824,1030,207,0,1031,1545,515,0.1144519883608147,CART,ratings_only,time
1,budget,0.05,0.1248848668719095,0,1030,1031,0,823,824,824,1030,207,3,1031,1545,515,0.1144519883608147,CART,ratings_only,time
1,budget,0.1,0.1248848668719095,0,1030,1031,0,823,824,824,1030,207,3,1031,1545,515,0.1144519883608147,CART,ratings_only,time
1,budget,0.2,0.1248848668719095,0,1030,1031,0,823,824,824,1030,207,3,1031,1545,515,0.1144519883608147,CART,ratings_only,time
2,historical_prevalence,0.0978964401294498,0.2394830752897657,0,1545,1546,0,1235,1236,1236,1545,310,21,1546,2061,516,0.0827943078913324,CART,ratings_only,time
2,budget,0.01,0.2558554676336407,0,1545,1546,0,1235,1236,1236,1545,310,0,1546,2061,516,0.0827943078913324,CART,ratings_only,time
2,budget,0.05,0.2558554676336407,0,1545,1546,0,1235,1236,1236,1545,310,0,1546,2061,516,0.0827943078913324,CART,ratings_only,time
2,budget,0.1,0.2394830752897657,0,1545,1546,0,1235,1236,1236,1545,310,21,1546,2061,516,0.0827943078913324,CART,ratings_only,time
2,budget,0.2,0.1933473355510942,0,1545,1546,0,1235,1236,1236,1545,310,59,1546,2061,516,0.0827943078913324,CART,ratings_only,time
3,historical_prevalence,0.0800485142510612,0.1725016039860209,0,2061,2062,0,1648,1649,1649,2061,413,0,2062,2577,516,0.0737148399612027,CART,ratings_only,time
3,budget,0.01,0.1725016039860209,0,2061,2062,0,1648,1649,1649,2061,413,0,2062,2577,516,0.0737148399612027,CART,ratings_only,time
3,budget,0.05,0.1725016039860209,0,2061,2062,0,1648,1649,1649,2061,413,0,2062,2577,516,0.0737148399612027,CART,ratings_only,time
3,budget,0.1,0.1725016039860209,0,2061,2062,0,1648,1649,1649,2061,413,0,2062,2577,516,0.0737148399612027,CART,ratings_only,time
3,budget,0.2,0.1725016039860209,0,2061,2062,0,1648,1649,1649,2061,413,0,2062,2577,516,0.0737148399612027,CART,ratings_only,time
0,historical_prevalence,0.1480582524271844,0.4820772119927348,0,514,515,0,411,412,412,514,103,15,515,1030,516,0.1592233009708737,CART,without_ratings,time
0,budget,0.01,0.553505246539555,0,514,515,0,411,412,412,514,103,1,515,1030,516,0.1592233009708737,CART,without_ratings,time
0,budget,0.05,0.5350916573489878,0,514,515,0,411,412,412,514,103,5,515,1030,516,0.1592233009708737,CART,without_ratings,time
0,budget,0.1,0.4982469241213947,0,514,515,0,411,412,412,514,103,10,515,1030,516,0.1592233009708737,CART,without_ratings,time
0,budget,0.2,0.4623225606046431,0,514,515,0,411,412,412,514,103,20,515,1030,516,0.1592233009708737,CART,without_ratings,time
1,historical_prevalence,0.1419902912621359,0.0809676537762495,0,1030,1031,0,823,824,824,1030,207,29,1031,1545,515,0.1144519883608147,CART,without_ratings,time
1,budget,0.01,0.2040665087972621,0,1030,1031,0,823,824,824,1030,207,2,1031,1545,515,0.1144519883608147,CART,without_ratings,time
1,budget,0.05,0.1481518730265571,0,1030,1031,0,823,824,824,1030,207,10,1031,1545,515,0.1144519883608147,CART,without_ratings,time
1,budget,0.1,0.1057240264725407,0,1030,1031,0,823,824,824,1030,207,20,1031,1545,515,0.1144519883608147,CART,without_ratings,time
1,budget,0.2,0.0673636689272696,0,1030,1031,0,823,824,824,1030,207,41,1031,1545,515,0.1144519883608147,CART,without_ratings,time
2,historical_prevalence,0.0978964401294498,0.1246446516593353,0,1545,1546,0,1235,1236,1236,1545,310,30,1546,2061,516,0.0827943078913324,CART,without_ratings,time
2,budget,0.01,0.2125219384173321,0,1545,1546,0,1235,1236,1236,1545,310,3,1546,2061,516,0.0827943078913324,CART,without_ratings,time
2,budget,0.05,0.1587337447640131,0,1545,1546,0,1235,1236,1236,1545,310,15,1546,2061,516,0.0827943078913324,CART,without_ratings,time
2,budget,0.1,0.1240000020855214,0,1545,1546,0,1235,1236,1236,1545,310,31,1546,2061,516,0.0827943078913324,CART,without_ratings,time
2,budget,0.2,0.0673814763644147,0,1545,1546,0,1235,1236,1236,1545,310,62,1546,2061,516,0.0827943078913324,CART,without_ratings,time
3,historical_prevalence,0.0800485142510612,0.0917136598502209,0,2061,2062,0,1648,1649,1649,2061,413,33,2062,2577,516,0.0737148399612027,CART,without_ratings,time
3,budget,0.01,0.1557704058217942,0,2061,2062,0,1648,1649,1649,2061,413,4,2062,2577,516,0.0737148399612027,CART,without_ratings,time
3,budget,0.05,0.1071117817226257,0,2061,2062,0,1648,1649,1649,2061,413,20,2062,2577,516,0.0737148399612027,CART,without_ratings,time
3,budget,0.1,0.0845838019666554,0,2061,2062,0,1648,1649,1649,2061,413,41,2062,2577,516,0.0737148399612027,CART,without_ratings,time
3,budget,0.2,0.0622474602860743,0,2061,2062,0,1648,1649,1649,2061,413,82,2062,2577,516,0.0737148399612027,CART,without_ratings,time
0,historical_prevalence,0.1480582524271844,0.2408881619791115,0,514,515,0,411,412,412,514,103,15,515,1030,516,0.1592233009708737,CART,geophone_only,time
0,budget,0.01,0.3039731648441306,0,514,515,0,411,412,412,514,103,1,515,1030,516,0.1592233009708737,CART,geophone_only,time
0,budget,0.05,0.2646902868906817,0,514,515,0,411,412,412,514,103,5,515,1030,516,0.1592233009708737,CART,geophone_only,time
0,budget,0.1,0.2479844352710369,0,514,515,0,411,412,412,514,103,10,515,1030,516,0.1592233009708737,CART,geophone_only,time
0,budget,0.2,0.2290471102923161,0,514,515,0,411,412,412,514,103,20,515,1030,516,0.1592233009708737,CART,geophone_only,time
1,historical_prevalence,0.1419902912621359,0.1013409945006369,0,1030,1031,0,823,824,824,1030,207,29,1031,1545,515,0.1144519883608147,CART,geophone_only,time
1,budget,0.01,0.1580604803779725,0,1030,1031,0,823,824,824,1030,207,2,1031,1545,515,0.1144519883608147,CART,geophone_only,time
1,budget,0.05,0.1251381651012337,0,1030,1031,0,823,824,824,1030,207,10,1031,1545,515,0.1144519883608147,CART,geophone_only,time
1,budget,0.1,0.1086772396908219,0,1030,1031,0,823,824,824,1030,207,20,1031,1545,515,0.1144519883608147,CART,geophone_only,time
1,budget,0.2,0.0863000990283527,0,1030,1031,0,823,824,824,1030,207,41,1031,1545,515,0.1144519883608147,CART,geophone_only,time
2,historical_prevalence,0.0978964401294498,0.1748852450855711,0,1545,1546,0,1235,1236,1236,1545,310,30,1546,2061,516,0.0827943078913324,CART,geophone_only,time
2,budget,0.01,0.234281319017982,0,1545,1546,0,1235,1236,1236,1545,310,3,1546,2061,516,0.0827943078913324,CART,geophone_only,time
2,budget,0.05,0.1975859295649087,0,1545,1546,0,1235,1236,1236,1545,310,15,1546,2061,516,0.0827943078913324,CART,geophone_only,time
2,budget,0.1,0.1746273982636733,0,1545,1546,0,1235,1236,1236,1545,310,31,1546,2061,516,0.0827943078913324,CART,geophone_only,time
2,budget,0.2,0.1372089945949889,0,1545,1546,0,1235,1236,1236,1545,310,62,1546,2061,516,0.0827943078913324,CART,geophone_only,time
3,historical_prevalence,0.0800485142510612,0.1285051689542462,0,2061,2062,0,1648,1649,1649,2061,413,33,2062,2577,516,0.0737148399612027,CART,geophone_only,time
3,budget,0.01,0.1526317829659315,0,2061,2062,0,1648,1649,1649,2061,413,4,2062,2577,516,0.0737148399612027,CART,geophone_only,time
3,budget,0.05,0.1342456840279881,0,2061,2062,0,1648,1649,1649,2061,413,20,2062,2577,516,0.0737148399612027,CART,geophone_only,time
3,budget,0.1,0.1221889245500387,0,2061,2062,0,1648,1649,1649,2061,413,41,2062,2577,516,0.0737148399612027,CART,geophone_only,time
3,budget,0.2,0.1051055880332692,0,2061,2062,0,1648,1649,1649,2061,413,82,2062,2577,516,0.0737148399612027,CART,geophone_only,time
0,historical_prevalence,0.1480582524271844,0.5557327374046674,0,514,515,0,411,412,412,514,103,15,515,1030,516,0.1592233009708737,CART,without_geophone,time
0,budget,0.01,0.6258087033498804,0,514,515,0,411,412,412,514,103,1,515,1030,516,0.1592233009708737,CART,without_geophone,time
0,budget,0.05,0.6001985593092878,0,514,515,0,411,412,412,514,103,5,515,1030,516,0.1592233009708737,CART,without_geophone,time
0,budget,0.1,0.5920296693434837,0,514,515,0,411,412,412,514,103,9,515,1030,516,0.1592233009708737,CART,without_geophone,time
0,budget,0.2,0.483138862505,0,514,515,0,411,412,412,514,103,20,515,1030,516,0.1592233009708737,CART,without_geophone,time
1,historical_prevalence,0.1419902912621359,0.1068363364422941,0,1030,1031,0,823,824,824,1030,207,29,1031,1545,515,0.1144519883608147,CART,without_geophone,time
1,budget,0.01,0.2719381026103344,0,1030,1031,0,823,824,824,1030,207,2,1031,1545,515,0.1144519883608147,CART,without_geophone,time
1,budget,0.05,0.1825335942058705,0,1030,1031,0,823,824,824,1030,207,10,1031,1545,515,0.1144519883608147,CART,without_geophone,time
1,budget,0.1,0.1447378720554159,0,1030,1031,0,823,824,824,1030,207,19,1031,1545,515,0.1144519883608147,CART,without_geophone,time
1,budget,0.2,0.0755369387831468,0,1030,1031,0,823,824,824,1030,207,41,1031,1545,515,0.1144519883608147,CART,without_geophone,time
2,historical_prevalence,0.0978964401294498,0.1075357089392021,0,1545,1546,0,1235,1236,1236,1545,310,30,1546,2061,516,0.0827943078913324,CART,without_geophone,time
2,budget,0.01,0.274056025169769,0,1545,1546,0,1235,1236,1236,1545,310,3,1546,2061,516,0.0827943078913324,CART,without_geophone,time
2,budget,0.05,0.2087791135654834,0,1545,1546,0,1235,1236,1236,1545,310,15,1546,2061,516,0.0827943078913324,CART,without_geophone,time
2,budget,0.1,0.1054276837878463,0,1545,1546,0,1235,1236,1236,1545,310,31,1546,2061,516,0.0827943078913324,CART,without_geophone,time
2,budget,0.2,0.0621941150937405,0,1545,1546,0,1235,1236,1236,1545,310,53,1546,2061,516,0.0827943078913324,CART,without_geophone,time
3,historical_prevalence,0.0800485142510612,0.1542442625506998,0,2061,2062,0,1648,1649,1649,2061,413,33,2062,2577,516,0.0737148399612027,CART,without_geophone,time
3,budget,0.01,0.239336629804352,0,2061,2062,0,1648,1649,1649,2061,413,4,2062,2577,516,0.0737148399612027,CART,without_geophone,time
3,budget,0.05,0.1971955074117884,0,2061,2062,0,1648,1649,1649,2061,413,20,2062,2577,516,0.0737148399612027,CART,without_geophone,time
3,budget,0.1,0.1428705763004316,0,2061,2062,0,1648,1649,1649,2061,413,41,2062,2577,516,0.0737148399612027,CART,without_geophone,time
3,budget,0.2,0.0758492008500238,0,2061,2062,0,1648,1649,1649,2061,413,77,2062,2577,516,0.0737148399612027,CART,without_geophone,time
0,historical_prevalence,0.1480582524271844,0.597365207055271,0,514,515,0,411,412,412,514,103,15,515,1030,516,0.1592233009708737,CART,seismic_activity_only,time
0,budget,0.01,0.6573445935897081,0,514,515,0,411,412,412,514,103,1,515,1030,516,0.1592233009708737,CART,seismic_activity_only,time
0,budget,0.05,0.6386188143480881,0,514,515,0,411,412,412,514,103,5,515,1030,516,0.1592233009708737,CART,seismic_activity_only,time
0,budget,0.1,0.6280484397811474,0,514,515,0,411,412,412,514,103,10,515,1030,516,0.1592233009708737,CART,seismic_activity_only,time
0,budget,0.2,0.5087282068167585,0,514,515,0,411,412,412,514,103,19,515,1030,516,0.1592233009708737,CART,seismic_activity_only,time
1,historical_prevalence,0.1419902912621359,0.1300150761106033,0,1030,1031,0,823,824,824,1030,207,28,1031,1545,515,0.1144519883608147,CART,seismic_activity_only,time
1,budget,0.01,0.3549494824914713,0,1030,1031,0,823,824,824,1030,207,2,1031,1545,515,0.1144519883608147,CART,seismic_activity_only,time
1,budget,0.05,0.2052686294762965,0,1030,1031,0,823,824,824,1030,207,10,1031,1545,515,0.1144519883608147,CART,seismic_activity_only,time
1,budget,0.1,0.1711593414248959,0,1030,1031,0,823,824,824,1030,207,15,1031,1545,515,0.1144519883608147,CART,seismic_activity_only,time
1,budget,0.2,0.0785314793236986,0,1030,1031,0,823,824,824,1030,207,40,1031,1545,515,0.1144519883608147,CART,seismic_activity_only,time
2,historical_prevalence,0.0978964401294498,0.1277104976969808,0,1545,1546,0,1235,1236,1236,1545,310,30,1546,2061,516,0.0827943078913324,CART,seismic_activity_only,time
2,budget,0.01,0.190060216311683,0,1545,1546,0,1235,1236,1236,1545,310,3,1546,2061,516,0.0827943078913324,CART,seismic_activity_only,time
2,budget,0.05,0.1549932991039946,0,1545,1546,0,1235,1236,1236,1545,310,14,1546,2061,516,0.0827943078913324,CART,seismic_activity_only,time
2,budget,0.1,0.1194833408325684,0,1545,1546,0,1235,1236,1236,1545,310,31,1546,2061,516,0.0827943078913324,CART,seismic_activity_only,time
2,budget,0.2,0.0406735102770755,0,1545,1546,0,1235,1236,1236,1545,310,58,1546,2061,516,0.0827943078913324,CART,seismic_activity_only,time
3,historical_prevalence,0.0800485142510612,0.1278751856125843,0,2061,2062,0,1648,1649,1649,2061,413,29,2062,2577,516,0.0737148399612027,CART,seismic_activity_only,time
3,budget,0.01,0.2652911296324436,0,2061,2062,0,1648,1649,1649,2061,413,4,2062,2577,516,0.0737148399612027,CART,seismic_activity_only,time
3,budget,0.05,0.1434582673720875,0,2061,2062,0,1648,1649,1649,2061,413,20,2062,2577,516,0.0737148399612027,CART,seismic_activity_only,time
3,budget,0.1,0.1135333735428079,0,2061,2062,0,1648,1649,1649,2061,413,41,2062,2577,516,0.0737148399612027,CART,seismic_activity_only,time
3,budget,0.2,0.0647772992558292,0,2061,2062,0,1648,1649,1649,2061,413,81,2062,2577,516,0.0737148399612027,CART,seismic_activity_only,time
0,historical_prevalence,0.1480582524271844,0.3377815072990657,0,514,515,0,411,412,412,514,103,14,515,1030,516,0.1592233009708737,CART,without_seismic_activity,time
0,budget,0.01,0.3774779439082274,0,514,515,0,411,412,412,514,103,1,515,1030,516,0.1592233009708737,CART,without_seismic_activity,time
0,budget,0.05,0.3698633928961997,0,514,515,0,411,412,412,514,103,5,515,1030,516,0.1592233009708737,CART,without_seismic_activity,time
0,budget,0.1,0.3556775963008518,0,514,515,0,411,412,412,514,103,10,515,1030,516,0.1592233009708737,CART,without_seismic_activity,time
0,budget,0.2,0.328174447692006,0,514,515,0,411,412,412,514,103,20,515,1030,516,0.1592233009708737,CART,without_seismic_activity,time
1,historical_prevalence,0.1419902912621359,0.0896834795849691,0,1030,1031,0,823,824,824,1030,207,29,1031,1545,515,0.1144519883608147,CART,without_seismic_activity,time
1,budget,0.01,0.1376707091417439,0,1030,1031,0,823,824,824,1030,207,2,1031,1545,515,0.1144519883608147,CART,without_seismic_activity,time
1,budget,0.05,0.1071847703190589,0,1030,1031,0,823,824,824,1030,207,10,1031,1545,515,0.1144519883608147,CART,without_seismic_activity,time
1,budget,0.1,0.1000908033914278,0,1030,1031,0,823,824,824,1030,207,20,1031,1545,515,0.1144519883608147,CART,without_seismic_activity,time
1,budget,0.2,0.0778558528060683,0,1030,1031,0,823,824,824,1030,207,41,1031,1545,515,0.1144519883608147,CART,without_seismic_activity,time
2,historical_prevalence,0.0978964401294498,0.1794034290137381,0,1545,1546,0,1235,1236,1236,1545,310,30,1546,2061,516,0.0827943078913324,CART,without_seismic_activity,time
2,budget,0.01,0.2587344648510425,0,1545,1546,0,1235,1236,1236,1545,310,3,1546,2061,516,0.0827943078913324,CART,without_seismic_activity,time
2,budget,0.05,0.2204885302159479,0,1545,1546,0,1235,1236,1236,1545,310,15,1546,2061,516,0.0827943078913324,CART,without_seismic_activity,time
2,budget,0.1,0.1788048438682021,0,1545,1546,0,1235,1236,1236,1545,310,31,1546,2061,516,0.0827943078913324,CART,without_seismic_activity,time
2,budget,0.2,0.146434807564317,0,1545,1546,0,1235,1236,1236,1545,310,62,1546,2061,516,0.0827943078913324,CART,without_seismic_activity,time
3,historical_prevalence,0.0800485142510612,0.1282068354695726,0,2061,2062,0,1648,1649,1649,2061,413,33,2062,2577,516,0.0737148399612027,CART,without_seismic_activity,time
3,budget,0.01,0.1701689666544378,0,2061,2062,0,1648,1649,1649,2061,413,4,2062,2577,516,0.0737148399612027,CART,without_seismic_activity,time
3,budget,0.05,0.1416338686741008,0,2061,2062,0,1648,1649,1649,2061,413,20,2062,2577,516,0.0737148399612027,CART,without_seismic_activity,time
3,budget,0.1,0.1239299081933471,0,2061,2062,0,1648,1649,1649,2061,413,41,2062,2577,516,0.0737148399612027,CART,without_seismic_activity,time
3,budget,0.2,0.1023957578650181,0,2061,2062,0,1648,1649,1649,2061,413,82,2062,2577,516,0.0737148399612027,CART,without_seismic_activity,time
0,historical_prevalence,0.1480582524271844,0.2262912741412765,0,514,515,0,411,412,412,514,103,0,515,1030,516,0.1592233009708737,CART,operation_only,time
0,budget,0.01,0.2262912741412765,0,514,515,0,411,412,412,514,103,0,515,1030,516,0.1592233009708737,CART,operation_only,time
0,budget,0.05,0.2262912741412765,0,514,515,0,411,412,412,514,103,0,515,1030,516,0.1592233009708737,CART,operation_only,time
0,budget,0.1,0.2262912741412765,0,514,515,0,411,412,412,514,103,0,515,1030,516,0.1592233009708737,CART,operation_only,time
0,budget,0.2,0.2262912741412765,0,514,515,0,411,412,412,514,103,0,515,1030,516,0.1592233009708737,CART,operation_only,time
1,historical_prevalence,0.1419902912621359,0.1832718119899197,0,1030,1031,0,823,824,824,1030,207,0,1031,1545,515,0.1144519883608147,CART,operation_only,time
1,budget,0.01,0.1832718119899197,0,1030,1031,0,823,824,824,1030,207,0,1031,1545,515,0.1144519883608147,CART,operation_only,time
1,budget,0.05,0.1832718119899197,0,1030,1031,0,823,824,824,1030,207,0,1031,1545,515,0.1144519883608147,CART,operation_only,time
1,budget,0.1,0.1832718119899197,0,1030,1031,0,823,824,824,1030,207,0,1031,1545,515,0.1144519883608147,CART,operation_only,time
1,budget,0.2,0.0468391292805379,0,1030,1031,0,823,824,824,1030,207,41,1031,1545,515,0.1144519883608147,CART,operation_only,time
2,historical_prevalence,0.0978964401294498,0.1496431458264382,0,1545,1546,0,1235,1236,1236,1545,310,0,1546,2061,516,0.0827943078913324,CART,operation_only,time
2,budget,0.01,0.1496431458264382,0,1545,1546,0,1235,1236,1236,1545,310,0,1546,2061,516,0.0827943078913324,CART,operation_only,time
2,budget,0.05,0.1496431458264382,0,1545,1546,0,1235,1236,1236,1545,310,0,1546,2061,516,0.0827943078913324,CART,operation_only,time
2,budget,0.1,0.1496431458264382,0,1545,1546,0,1235,1236,1236,1545,310,0,1546,2061,516,0.0827943078913324,CART,operation_only,time
2,budget,0.2,0.1496431458264382,0,1545,1546,0,1235,1236,1236,1545,310,0,1546,2061,516,0.0827943078913324,CART,operation_only,time
3,historical_prevalence,0.0800485142510612,0.1178102438453641,0,2061,2062,0,1648,1649,1649,2061,413,0,2062,2577,516,0.0737148399612027,CART,operation_only,time
3,budget,0.01,0.1178102438453641,0,2061,2062,0,1648,1649,1649,2061,413,0,2062,2577,516,0.0737148399612027,CART,operation_only,time
3,budget,0.05,0.1178102438453641,0,2061,2062,0,1648,1649,1649,2061,413,0,2062,2577,516,0.0737148399612027,CART,operation_only,time
3,budget,0.1,0.1178102438453641,0,2061,2062,0,1648,1649,1649,2061,413,0,2062,2577,516,0.0737148399612027,CART,operation_only,time
3,budget,0.2,0.1178102438453641,0,2061,2062,0,1648,1649,1649,2061,413,0,2062,2577,516,0.0737148399612027,CART,operation_only,time
0,historical_prevalence,0.1480582524271844,0.4685474194418121,0,514,515,0,411,412,412,514,103,15,515,1030,516,0.1592233009708737,CART,without_operation,time
0,budget,0.01,0.5407843915847982,0,514,515,0,411,412,412,514,103,1,515,1030,516,0.1592233009708737,CART,without_operation,time
0,budget,0.05,0.5237683349667529,0,514,515,0,411,412,412,514,103,5,515,1030,516,0.1592233009708737,CART,without_operation,time
0,budget,0.1,0.4885155589003987,0,514,515,0,411,412,412,514,103,10,515,1030,516,0.1592233009708737,CART,without_operation,time
0,budget,0.2,0.4489178250293449,0,514,515,0,411,412,412,514,103,20,515,1030,516,0.1592233009708737,CART,without_operation,time
1,historical_prevalence,0.1419902912621359,0.0856908668704842,0,1030,1031,0,823,824,824,1030,207,29,1031,1545,515,0.1144519883608147,CART,without_operation,time
1,budget,0.01,0.2163438691568032,0,1030,1031,0,823,824,824,1030,207,2,1031,1545,515,0.1144519883608147,CART,without_operation,time
1,budget,0.05,0.1438639734344976,0,1030,1031,0,823,824,824,1030,207,10,1031,1545,515,0.1144519883608147,CART,without_operation,time
1,budget,0.1,0.103409065202266,0,1030,1031,0,823,824,824,1030,207,20,1031,1545,515,0.1144519883608147,CART,without_operation,time
1,budget,0.2,0.0716130985394946,0,1030,1031,0,823,824,824,1030,207,41,1031,1545,515,0.1144519883608147,CART,without_operation,time
2,historical_prevalence,0.0978964401294498,0.1216605808407977,0,1545,1546,0,1235,1236,1236,1545,310,30,1546,2061,516,0.0827943078913324,CART,without_operation,time
2,budget,0.01,0.2429042053407492,0,1545,1546,0,1235,1236,1236,1545,310,3,1546,2061,516,0.0827943078913324,CART,without_operation,time
2,budget,0.05,0.1630602558378751,0,1545,1546,0,1235,1236,1236,1545,310,15,1546,2061,516,0.0827943078913324,CART,without_operation,time
2,budget,0.1,0.1211749614610024,0,1545,1546,0,1235,1236,1236,1545,310,31,1546,2061,516,0.0827943078913324,CART,without_operation,time
2,budget,0.2,0.0635969571771376,0,1545,1546,0,1235,1236,1236,1545,310,62,1546,2061,516,0.0827943078913324,CART,without_operation,time
3,historical_prevalence,0.0800485142510612,0.1053808097740311,0,2061,2062,0,1648,1649,1649,2061,413,33,2062,2577,516,0.0737148399612027,CART,without_operation,time
3,budget,0.01,0.1392631610739159,0,2061,2062,0,1648,1649,1649,2061,413,4,2062,2577,516,0.0737148399612027,CART,without_operation,time
3,budget,0.05,0.1197236773432368,0,2061,2062,0,1648,1649,1649,2061,413,20,2062,2577,516,0.0737148399612027,CART,without_operation,time
3,budget,0.1,0.0976230117438081,0,2061,2062,0,1648,1649,1649,2061,413,41,2062,2577,516,0.0737148399612027,CART,without_operation,time
3,budget,0.2,0.0668802120756656,0,2061,2062,0,1648,1649,1649,2061,413,82,2062,2577,516,0.0737148399612027,CART,without_operation,time
0,historical_prevalence,0.0852390852390852,0.1793572200356685,0,1803,1804,0,1442,1443,1443,1803,361,30,1804,2577,774,0.0798226164079822,CART,full,holdout
0,budget,0.01,0.3068386917351383,0,1803,1804,0,1442,1443,1443,1803,361,3,1804,2577,774,0.0798226164079822,CART,full,holdout
0,budget,0.05,0.199313139286539,0,1803,1804,0,1442,1443,1443,1803,361,18,1804,2577,774,0.0798226164079822,CART,full,holdout
0,budget,0.1,0.1753836853387504,0,1803,1804,0,1442,1443,1443,1803,361,36,1804,2577,774,0.0798226164079822,CART,full,holdout
0,budget,0.2,0.1053636605791627,0,1803,1804,0,1442,1443,1443,1803,361,72,1804,2577,774,0.0798226164079822,CART,full,holdout
0,historical_prevalence,0.14805825242718446,0.39542576670646673,0,514,515,0,411,412,412,514,103,14,515,1030,516,0.15922330097087378,XGBoost,full,time
0,budget,0.01,0.42569845914840704,0,514,515,0,411,412,412,514,103,1,515,1030,516,0.15922330097087378,XGBoost,full,time
0,budget,0.05,0.4115284383296967,0,514,515,0,411,412,412,514,103,5,515,1030,516,0.15922330097087378,XGBoost,full,time
0,budget,0.1,0.40598282217979437,0,514,515,0,411,412,412,514,103,10,515,1030,516,0.15922330097087378,XGBoost,full,time
0,budget,0.2,0.38320466876029974,0,514,515,0,411,412,412,514,103,20,515,1030,516,0.15922330097087378,XGBoost,full,time
1,historical_prevalence,0.14199029126213591,0.051738657057285316,0,1030,1031,0,823,824,824,1030,207,29,1031,1545,515,0.11445198836081474,XGBoost,full,time
1,budget,0.01,0.1344256550073624,0,1030,1031,0,823,824,824,1030,207,2,1031,1545,515,0.11445198836081474,XGBoost,full,time
1,budget,0.05,0.09290532767772676,0,1030,1031,0,823,824,824,1030,207,10,1031,1545,515,0.11445198836081474,XGBoost,full,time
1,budget,0.1,0.06435450166463853,0,1030,1031,0,823,824,824,1030,207,20,1031,1545,515,0.11445198836081474,XGBoost,full,time
1,budget,0.2,0.0445646420121193,0,1030,1031,0,823,824,824,1030,207,41,1031,1545,515,0.11445198836081474,XGBoost,full,time
2,historical_prevalence,0.09789644012944984,0.09434577077627183,0,1545,1546,0,1235,1236,1236,1545,310,30,1546,2061,516,0.08279430789133248,XGBoost,full,time
2,budget,0.01,0.22410680353641513,0,1545,1546,0,1235,1236,1236,1545,310,3,1546,2061,516,0.08279430789133248,XGBoost,full,time
2,budget,0.05,0.1291756480932236,0,1545,1546,0,1235,1236,1236,1545,310,15,1546,2061,516,0.08279430789133248,XGBoost,full,time
2,budget,0.1,0.09376546740531923,0,1545,1546,0,1235,1236,1236,1545,310,31,1546,2061,516,0.08279430789133248,XGBoost,full,time
2,budget,0.2,0.035112660378217704,0,1545,1546,0,1235,1236,1236,1545,310,62,1546,2061,516,0.08279430789133248,XGBoost,full,time
3,historical_prevalence,0.08004851425106124,0.1000315696001053,0,2061,2062,0,1648,1649,1649,2061,413,33,2062,2577,516,0.07371483996120272,XGBoost,full,time
3,budget,0.01,0.1703794896602631,0,2061,2062,0,1648,1649,1649,2061,413,4,2062,2577,516,0.07371483996120272,XGBoost,full,time
3,budget,0.05,0.11467465758323671,0,2061,2062,0,1648,1649,1649,2061,413,20,2062,2577,516,0.07371483996120272,XGBoost,full,time
3,budget,0.1,0.09211920201778413,0,2061,2062,0,1648,1649,1649,2061,413,41,2062,2577,516,0.07371483996120272,XGBoost,full,time
3,budget,0.2,0.06155442818999291,0,2061,2062,0,1648,1649,1649,2061,413,82,2062,2577,516,0.07371483996120272,XGBoost,full,time
0,historical_prevalence,0.14805825242718446,0.2768529057502747,0,514,515,0,411,412,412,514,103,14,515,1030,516,0.15922330097087378,XGBoost,ratings_only,time
0,budget,0.01,0.2853026688098908,0,514,515,0,411,412,412,514,103,0,515,1030,516,0.15922330097087378,XGBoost,ratings_only,time
0,budget,0.05,0.2853026688098908,0,514,515,0,411,412,412,514,103,0,515,1030,516,0.15922330097087378,XGBoost,ratings_only,time
0,budget,0.1,0.2853026688098908,0,514,515,0,411,412,412,514,103,0,515,1030,516,0.15922330097087378,XGBoost,ratings_only,time
0,budget,0.2,0.2768529057502747,0,514,515,0,411,412,412,514,103,14,515,1030,516,0.15922330097087378,XGBoost,ratings_only,time
1,historical_prevalence,0.14199029126213591,0.12348030507564546,0,1030,1031,0,823,824,824,1030,207,3,1031,1545,515,0.11445198836081474,XGBoost,ratings_only,time
1,budget,0.01,0.26716980338096624,0,1030,1031,0,823,824,824,1030,207,0,1031,1545,515,0.11445198836081474,XGBoost,ratings_only,time
1,budget,0.05,0.12348030507564546,0,1030,1031,0,823,824,824,1030,207,3,1031,1545,515,0.11445198836081474,XGBoost,ratings_only,time
1,budget,0.1,0.12348030507564546,0,1030,1031,0,823,824,824,1030,207,3,1031,1545,515,0.11445198836081474,XGBoost,ratings_only,time
1,budget,0.2,0.12348030507564546,0,1030,1031,0,823,824,824,1030,207,3,1031,1545,515,0.11445198836081474,XGBoost,ratings_only,time
2,historical_prevalence,0.09789644012944984,0.23004698753356936,0,1545,1546,0,1235,1236,1236,1545,310,0,1546,2061,516,0.08279430789133248,XGBoost,ratings_only,time
2,budget,0.01,0.23004698753356936,0,1545,1546,0,1235,1236,1236,1545,310,0,1546,2061,516,0.08279430789133248,XGBoost,ratings_only,time
2,budget,0.05,0.23004698753356936,0,1545,1546,0,1235,1236,1236,1545,310,0,1546,2061,516,0.08279430789133248,XGBoost,ratings_only,time
2,budget,0.1,0.23004698753356936,0,1545,1546,0,1235,1236,1236,1545,310,0,1546,2061,516,0.08279430789133248,XGBoost,ratings_only,time
2,budget,0.2,0.1928316652774811,0,1545,1546,0,1235,1236,1236,1545,310,58,1546,2061,516,0.08279430789133248,XGBoost,ratings_only,time
3,historical_prevalence,0.08004851425106124,0.1702603101730347,0,2061,2062,0,1648,1649,1649,2061,413,0,2062,2577,516,0.07371483996120272,XGBoost,ratings_only,time
3,budget,0.01,0.1702603101730347,0,2061,2062,0,1648,1649,1649,2061,413,0,2062,2577,516,0.07371483996120272,XGBoost,ratings_only,time
3,budget,0.05,0.1702603101730347,0,2061,2062,0,1648,1649,1649,2061,413,0,2062,2577,516,0.07371483996120272,XGBoost,ratings_only,time
3,budget,0.1,0.1702603101730347,0,2061,2062,0,1648,1649,1649,2061,413,0,2062,2577,516,0.07371483996120272,XGBoost,ratings_only,time
3,budget,0.2,0.1702603101730347,0,2061,2062,0,1648,1649,1649,2061,413,0,2062,2577,516,0.07371483996120272,XGBoost,ratings_only,time
0,historical_prevalence,0.14805825242718446,0.40060502290725714,0,514,515,0,411,412,412,514,103,15,515,1030,516,0.15922330097087378,XGBoost,without_ratings,time
0,budget,0.01,0.4286141991615296,0,514,515,0,411,412,412,514,103,0,515,1030,516,0.15922330097087378,XGBoost,without_ratings,time
0,budget,0.05,0.4265678226947785,0,514,515,0,411,412,412,514,103,2,515,1030,516,0.15922330097087378,XGBoost,without_ratings,time
0,budget,0.1,0.41542077064514166,0,514,515,0,411,412,412,514,103,10,515,1030,516,0.15922330097087378,XGBoost,without_ratings,time
0,budget,0.2,0.3884738385677338,0,514,515,0,411,412,412,514,103,20,515,1030,516,0.15922330097087378,XGBoost,without_ratings,time
1,historical_prevalence,0.14199029126213591,0.04882612451910973,0,1030,1031,0,823,824,824,1030,207,29,1031,1545,515,0.11445198836081474,XGBoost,without_ratings,time
1,budget,0.01,0.14127863943576816,0,1030,1031,0,823,824,824,1030,207,2,1031,1545,515,0.11445198836081474,XGBoost,without_ratings,time
1,budget,0.05,0.09975645691156389,0,1030,1031,0,823,824,824,1030,207,10,1031,1545,515,0.11445198836081474,XGBoost,without_ratings,time
1,budget,0.1,0.06861641258001329,0,1030,1031,0,823,824,824,1030,207,20,1031,1545,515,0.11445198836081474,XGBoost,without_ratings,time
1,budget,0.2,0.047279044985771186,0,1030,1031,0,823,824,824,1030,207,41,1031,1545,515,0.11445198836081474,XGBoost,without_ratings,time
2,historical_prevalence,0.09789644012944984,0.0876353606581688,0,1545,1546,0,1235,1236,1236,1545,310,30,1546,2061,516,0.08279430789133248,XGBoost,without_ratings,time
2,budget,0.01,0.17137715220451358,0,1545,1546,0,1235,1236,1236,1545,310,3,1546,2061,516,0.08279430789133248,XGBoost,without_ratings,time
2,budget,0.05,0.11520110070705415,0,1545,1546,0,1235,1236,1236,1545,310,15,1546,2061,516,0.08279430789133248,XGBoost,without_ratings,time
2,budget,0.1,0.08653388172388078,0,1545,1546,0,1235,1236,1236,1545,310,31,1546,2061,516,0.08279430789133248,XGBoost,without_ratings,time
2,budget,0.2,0.03427767753601075,0,1545,1546,0,1235,1236,1236,1545,310,62,1546,2061,516,0.08279430789133248,XGBoost,without_ratings,time
3,historical_prevalence,0.08004851425106124,0.09695710986852647,0,2061,2062,0,1648,1649,1649,2061,413,33,2062,2577,516,0.07371483996120272,XGBoost,without_ratings,time
3,budget,0.01,0.17283907532691958,0,2061,2062,0,1648,1649,1649,2061,413,4,2062,2577,516,0.07371483996120272,XGBoost,without_ratings,time
3,budget,0.05,0.11768674850463869,0,2061,2062,0,1648,1649,1649,2061,413,20,2062,2577,516,0.07371483996120272,XGBoost,without_ratings,time
3,budget,0.1,0.08236712962388994,0,2061,2062,0,1648,1649,1649,2061,413,40,2062,2577,516,0.07371483996120272,XGBoost,without_ratings,time
3,budget,0.2,0.06100882589817048,0,2061,2062,0,1648,1649,1649,2061,413,81,2062,2577,516,0.07371483996120272,XGBoost,without_ratings,time
0,historical_prevalence,0.14805825242718446,0.12168879061937334,0,514,515,0,411,412,412,514,103,15,515,1030,516,0.15922330097087378,XGBoost,geophone_only,time
0,budget,0.01,0.16223421692848208,0,514,515,0,411,412,412,514,103,0,515,1030,516,0.15922330097087378,XGBoost,geophone_only,time
0,budget,0.05,0.12606497108936313,0,514,515,0,411,412,412,514,103,5,515,1030,516,0.15922330097087378,XGBoost,geophone_only,time
0,budget,0.1,0.12606497108936313,0,514,515,0,411,412,412,514,103,5,515,1030,516,0.15922330097087378,XGBoost,geophone_only,time
0,budget,0.2,0.09595913439989091,0,514,515,0,411,412,412,514,103,18,515,1030,516,0.15922330097087378,XGBoost,geophone_only,time
1,historical_prevalence,0.14199029126213591,0.08597008138895036,0,1030,1031,0,823,824,824,1030,207,27,1031,1545,515,0.11445198836081474,XGBoost,geophone_only,time
1,budget,0.01,0.10877636820077898,0,1030,1031,0,823,824,824,1030,207,0,1031,1545,515,0.11445198836081474,XGBoost,geophone_only,time
1,budget,0.05,0.09741593152284624,0,1030,1031,0,823,824,824,1030,207,6,1031,1545,515,0.11445198836081474,XGBoost,geophone_only,time
1,budget,0.1,0.08970973640680314,0,1030,1031,0,823,824,824,1030,207,20,1031,1545,515,0.11445198836081474,XGBoost,geophone_only,time
1,budget,0.2,0.08585098385810853,0,1030,1031,0,823,824,824,1030,207,30,1031,1545,515,0.11445198836081474,XGBoost,geophone_only,time
2,historical_prevalence,0.09789644012944984,0.14410659670829776,0,1545,1546,0,1235,1236,1236,1545,310,17,1546,2061,516,0.08279430789133248,XGBoost,geophone_only,time
2,budget,0.01,0.23435091972351077,0,1545,1546,0,1235,1236,1236,1545,310,3,1546,2061,516,0.08279430789133248,XGBoost,geophone_only,time
2,budget,0.05,0.16106006503105166,0,1545,1546,0,1235,1236,1236,1545,310,9,1546,2061,516,0.08279430789133248,XGBoost,geophone_only,time
2,budget,0.1,0.14410659670829776,0,1545,1546,0,1235,1236,1236,1545,310,17,1546,2061,516,0.08279430789133248,XGBoost,geophone_only,time
2,budget,0.2,0.10561057180166246,0,1545,1546,0,1235,1236,1236,1545,310,62,1546,2061,516,0.08279430789133248,XGBoost,geophone_only,time
3,historical_prevalence,0.08004851425106124,0.12584251165390017,0,2061,2062,0,1648,1649,1649,2061,413,32,2062,2577,516,0.07371483996120272,XGBoost,geophone_only,time
3,budget,0.01,0.16868318617343905,0,2061,2062,0,1648,1649,1649,2061,413,4,2062,2577,516,0.07371483996120272,XGBoost,geophone_only,time
3,budget,0.05,0.1321598142385483,0,2061,2062,0,1648,1649,1649,2061,413,20,2062,2577,516,0.07371483996120272,XGBoost,geophone_only,time
3,budget,0.1,0.12306590378284456,0,2061,2062,0,1648,1649,1649,2061,413,41,2062,2577,516,0.07371483996120272,XGBoost,geophone_only,time
3,budget,0.2,0.094538152217865,0,2061,2062,0,1648,1649,1649,2061,413,82,2062,2577,516,0.07371483996120272,XGBoost,geophone_only,time
0,historical_prevalence,0.14805825242718446,0.4380141198635102,0,514,515,0,411,412,412,514,103,13,515,1030,516,0.15922330097087378,XGBoost,without_geophone,time
0,budget,0.01,0.5300570130348207,0,514,515,0,411,412,412,514,103,0,515,1030,516,0.15922330097087378,XGBoost,without_geophone,time
0,budget,0.05,0.5187672972679139,0,514,515,0,411,412,412,514,103,5,515,1030,516,0.15922330097087378,XGBoost,without_geophone,time
0,budget,0.1,0.46576923131942755,0,514,515,0,411,412,412,514,103,9,515,1030,516,0.15922330097087378,XGBoost,without_geophone,time
0,budget,0.2,0.4272244274616242,0,514,515,0,411,412,412,514,103,19,515,1030,516,0.15922330097087378,XGBoost,without_geophone,time
1,historical_prevalence,0.14199029126213591,0.07329904288053514,0,1030,1031,0,823,824,824,1030,207,29,1031,1545,515,0.11445198836081474,XGBoost,without_geophone,time
1,budget,0.01,0.2716135382652283,0,1030,1031,0,823,824,824,1030,207,2,1031,1545,515,0.11445198836081474,XGBoost,without_geophone,time
1,budget,0.05,0.15426318347454074,0,1030,1031,0,823,824,824,1030,207,10,1031,1545,515,0.11445198836081474,XGBoost,without_geophone,time
1,budget,0.1,0.10717574506998064,0,1030,1031,0,823,824,824,1030,207,20,1031,1545,515,0.11445198836081474,XGBoost,without_geophone,time
1,budget,0.2,0.05456126108765603,0,1030,1031,0,823,824,824,1030,207,41,1031,1545,515,0.11445198836081474,XGBoost,without_geophone,time
2,historical_prevalence,0.09789644012944984,0.11724086105823518,0,1545,1546,0,1235,1236,1236,1545,310,30,1546,2061,516,0.08279430789133248,XGBoost,without_geophone,time
2,budget,0.01,0.2995918691158295,0,1545,1546,0,1235,1236,1236,1545,310,2,1546,2061,516,0.08279430789133248,XGBoost,without_geophone,time
2,budget,0.05,0.2012385427951813,0,1545,1546,0,1235,1236,1236,1545,310,15,1546,2061,516,0.08279430789133248,XGBoost,without_geophone,time
2,budget,0.1,0.110199972987175,0,1545,1546,0,1235,1236,1236,1545,310,31,1546,2061,516,0.08279430789133248,XGBoost,without_geophone,time
2,budget,0.2,0.05726587027311326,0,1545,1546,0,1235,1236,1236,1545,310,54,1546,2061,516,0.08279430789133248,XGBoost,without_geophone,time
3,historical_prevalence,0.08004851425106124,0.14115054905414584,0,2061,2062,0,1648,1649,1649,2061,413,32,2062,2577,516,0.07371483996120272,XGBoost,without_geophone,time
3,budget,0.01,0.21562886238098147,0,2061,2062,0,1648,1649,1649,2061,413,3,2062,2577,516,0.07371483996120272,XGBoost,without_geophone,time
3,budget,0.05,0.18803431093692782,0,2061,2062,0,1648,1649,1649,2061,413,19,2062,2577,516,0.07371483996120272,XGBoost,without_geophone,time
3,budget,0.1,0.1318914741277695,0,2061,2062,0,1648,1649,1649,2061,413,41,2062,2577,516,0.07371483996120272,XGBoost,without_geophone,time
3,budget,0.2,0.07343271374702455,0,2061,2062,0,1648,1649,1649,2061,413,82,2062,2577,516,0.07371483996120272,XGBoost,without_geophone,time
0,historical_prevalence,0.14805825242718446,0.5050925016403199,0,514,515,0,411,412,412,514,103,15,515,1030,516,0.15922330097087378,XGBoost,seismic_activity_only,time
0,budget,0.01,0.5197540521621705,0,514,515,0,411,412,412,514,103,0,515,1030,516,0.15922330097087378,XGBoost,seismic_activity_only,time
0,budget,0.05,0.5197540521621705,0,514,515,0,411,412,412,514,103,0,515,1030,516,0.15922330097087378,XGBoost,seismic_activity_only,time
0,budget,0.1,0.5197540521621705,0,514,515,0,411,412,412,514,103,0,515,1030,516,0.15922330097087378,XGBoost,seismic_activity_only,time
0,budget,0.2,0.5047399401664735,0,514,515,0,411,412,412,514,103,18,515,1030,516,0.15922330097087378,XGBoost,seismic_activity_only,time
1,historical_prevalence,0.14199029126213591,0.11426962167024614,0,1030,1031,0,823,824,824,1030,207,26,1031,1545,515,0.11445198836081474,XGBoost,seismic_activity_only,time
1,budget,0.01,0.3243751227855683,0,1030,1031,0,823,824,824,1030,207,2,1031,1545,515,0.11445198836081474,XGBoost,seismic_activity_only,time
1,budget,0.05,0.1981761157512665,0,1030,1031,0,823,824,824,1030,207,10,1031,1545,515,0.11445198836081474,XGBoost,seismic_activity_only,time
1,budget,0.1,0.1453959792852402,0,1030,1031,0,823,824,824,1030,207,20,1031,1545,515,0.11445198836081474,XGBoost,seismic_activity_only,time
1,budget,0.2,0.05982747301459313,0,1030,1031,0,823,824,824,1030,207,39,1031,1545,515,0.11445198836081474,XGBoost,seismic_activity_only,time
2,historical_prevalence,0.09789644012944984,0.10364002734422685,0,1545,1546,0,1235,1236,1236,1545,310,30,1546,2061,516,0.08279430789133248,XGBoost,seismic_activity_only,time
2,budget,0.01,0.2028647065162659,0,1545,1546,0,1235,1236,1236,1545,310,2,1546,2061,516,0.08279430789133248,XGBoost,seismic_activity_only,time
2,budget,0.05,0.16550499200820926,0,1545,1546,0,1235,1236,1236,1545,310,15,1546,2061,516,0.08279430789133248,XGBoost,seismic_activity_only,time
2,budget,0.1,0.10364002734422685,0,1545,1546,0,1235,1236,1236,1545,310,30,1546,2061,516,0.08279430789133248,XGBoost,seismic_activity_only,time
2,budget,0.2,0.04950404167175294,0,1545,1546,0,1235,1236,1236,1545,310,48,1546,2061,516,0.08279430789133248,XGBoost,seismic_activity_only,time
3,historical_prevalence,0.08004851425106124,0.09880527108907701,0,2061,2062,0,1648,1649,1649,2061,413,27,2062,2577,516,0.07371483996120272,XGBoost,seismic_activity_only,time
3,budget,0.01,0.24436077475547793,0,2061,2062,0,1648,1649,1649,2061,413,3,2062,2577,516,0.07371483996120272,XGBoost,seismic_activity_only,time
3,budget,0.05,0.13125829398632052,0,2061,2062,0,1648,1649,1649,2061,413,18,2062,2577,516,0.07371483996120272,XGBoost,seismic_activity_only,time
3,budget,0.1,0.09807693958282472,0,2061,2062,0,1648,1649,1649,2061,413,40,2062,2577,516,0.07371483996120272,XGBoost,seismic_activity_only,time
3,budget,0.2,0.07897859066724779,0,2061,2062,0,1648,1649,1649,2061,413,78,2062,2577,516,0.07371483996120272,XGBoost,seismic_activity_only,time
0,historical_prevalence,0.14805825242718446,0.21155697107315066,0,514,515,0,411,412,412,514,103,9,515,1030,516,0.15922330097087378,XGBoost,without_seismic_activity,time
0,budget,0.01,0.2641198933124543,0,514,515,0,411,412,412,514,103,0,515,1030,516,0.15922330097087378,XGBoost,without_seismic_activity,time
0,budget,0.05,0.250474900007248,0,514,515,0,411,412,412,514,103,5,515,1030,516,0.15922330097087378,XGBoost,without_seismic_activity,time
0,budget,0.1,0.21155697107315066,0,514,515,0,411,412,412,514,103,9,515,1030,516,0.15922330097087378,XGBoost,without_seismic_activity,time
0,budget,0.2,0.20144243538379672,0,514,515,0,411,412,412,514,103,20,515,1030,516,0.15922330097087378,XGBoost,without_seismic_activity,time
1,historical_prevalence,0.14199029126213591,0.08130837976932527,0,1030,1031,0,823,824,824,1030,207,29,1031,1545,515,0.11445198836081474,XGBoost,without_seismic_activity,time
1,budget,0.01,0.11280214041471483,0,1030,1031,0,823,824,824,1030,207,2,1031,1545,515,0.11445198836081474,XGBoost,without_seismic_activity,time
1,budget,0.05,0.09021545946598054,0,1030,1031,0,823,824,824,1030,207,10,1031,1545,515,0.11445198836081474,XGBoost,without_seismic_activity,time
1,budget,0.1,0.0852879583835602,0,1030,1031,0,823,824,824,1030,207,20,1031,1545,515,0.11445198836081474,XGBoost,without_seismic_activity,time
1,budget,0.2,0.07645419985055925,0,1030,1031,0,823,824,824,1030,207,41,1031,1545,515,0.11445198836081474,XGBoost,without_seismic_activity,time
2,historical_prevalence,0.09789644012944984,0.14941860735416415,0,1545,1546,0,1235,1236,1236,1545,310,29,1546,2061,516,0.08279430789133248,XGBoost,without_seismic_activity,time
2,budget,0.01,0.2722169160842896,0,1545,1546,0,1235,1236,1236,1545,310,3,1546,2061,516,0.08279430789133248,XGBoost,without_seismic_activity,time
2,budget,0.05,0.18831793963909152,0,1545,1546,0,1235,1236,1236,1545,310,15,1546,2061,516,0.08279430789133248,XGBoost,without_seismic_activity,time
2,budget,0.1,0.14941860735416415,0,1545,1546,0,1235,1236,1236,1545,310,29,1546,2061,516,0.08279430789133248,XGBoost,without_seismic_activity,time
2,budget,0.2,0.11508557945489885,0,1545,1546,0,1235,1236,1236,1545,310,62,1546,2061,516,0.08279430789133248,XGBoost,without_seismic_activity,time
3,historical_prevalence,0.08004851425106124,0.12400618940591814,0,2061,2062,0,1648,1649,1649,2061,413,31,2062,2577,516,0.07371483996120272,XGBoost,without_seismic_activity,time
3,budget,0.01,0.17589983344078067,0,2061,2062,0,1648,1649,1649,2061,413,4,2062,2577,516,0.07371483996120272,XGBoost,without_seismic_activity,time
3,budget,0.05,0.14149346947669986,0,2061,2062,0,1648,1649,1649,2061,413,17,2062,2577,516,0.07371483996120272,XGBoost,without_seismic_activity,time
3,budget,0.1,0.11952083557844163,0,2061,2062,0,1648,1649,1649,2061,413,40,2062,2577,516,0.07371483996120272,XGBoost,without_seismic_activity,time
3,budget,0.2,0.0999918431043625,0,2061,2062,0,1648,1649,1649,2061,413,82,2062,2577,516,0.07371483996120272,XGBoost,without_seismic_activity,time
0,historical_prevalence,0.14805825242718446,0.1956870257854462,0,514,515,0,411,412,412,514,103,0,515,1030,516,0.15922330097087378,XGBoost,operation_only,time
0,budget,0.01,0.1956870257854462,0,514,515,0,411,412,412,514,103,0,515,1030,516,0.15922330097087378,XGBoost,operation_only,time
0,budget,0.05,0.1956870257854462,0,514,515,0,411,412,412,514,103,0,515,1030,516,0.15922330097087378,XGBoost,operation_only,time
0,budget,0.1,0.1956870257854462,0,514,515,0,411,412,412,514,103,0,515,1030,516,0.15922330097087378,XGBoost,operation_only,time
0,budget,0.2,0.1956870257854462,0,514,515,0,411,412,412,514,103,0,515,1030,516,0.15922330097087378,XGBoost,operation_only,time
1,historical_prevalence,0.14199029126213591,0.1835482865571976,0,1030,1031,0,823,824,824,1030,207,0,1031,1545,515,0.11445198836081474,XGBoost,operation_only,time
1,budget,0.01,0.1835482865571976,0,1030,1031,0,823,824,824,1030,207,0,1031,1545,515,0.11445198836081474,XGBoost,operation_only,time
1,budget,0.05,0.1835482865571976,0,1030,1031,0,823,824,824,1030,207,0,1031,1545,515,0.11445198836081474,XGBoost,operation_only,time
1,budget,0.1,0.1835482865571976,0,1030,1031,0,823,824,824,1030,207,0,1031,1545,515,0.11445198836081474,XGBoost,operation_only,time
1,budget,0.2,0.04786016047000886,0,1030,1031,0,823,824,824,1030,207,41,1031,1545,515,0.11445198836081474,XGBoost,operation_only,time
2,historical_prevalence,0.09789644012944984,0.15077857673168185,0,1545,1546,0,1235,1236,1236,1545,310,0,1546,2061,516,0.08279430789133248,XGBoost,operation_only,time
2,budget,0.01,0.15077857673168185,0,1545,1546,0,1235,1236,1236,1545,310,0,1546,2061,516,0.08279430789133248,XGBoost,operation_only,time
2,budget,0.05,0.15077857673168185,0,1545,1546,0,1235,1236,1236,1545,310,0,1546,2061,516,0.08279430789133248,XGBoost,operation_only,time
2,budget,0.1,0.15077857673168185,0,1545,1546,0,1235,1236,1236,1545,310,0,1546,2061,516,0.08279430789133248,XGBoost,operation_only,time
2,budget,0.2,0.15077857673168185,0,1545,1546,0,1235,1236,1236,1545,310,0,1546,2061,516,0.08279430789133248,XGBoost,operation_only,time
3,historical_prevalence,0.08004851425106124,0.11763515323400499,0,2061,2062,0,1648,1649,1649,2061,413,0,2062,2577,516,0.07371483996120272,XGBoost,operation_only,time
3,budget,0.01,0.11763515323400499,0,2061,2062,0,1648,1649,1649,2061,413,0,2062,2577,516,0.07371483996120272,XGBoost,operation_only,time
3,budget,0.05,0.11763515323400499,0,2061,2062,0,1648,1649,1649,2061,413,0,2062,2577,516,0.07371483996120272,XGBoost,operation_only,time
3,budget,0.1,0.11763515323400499,0,2061,2062,0,1648,1649,1649,2061,413,0,2062,2577,516,0.07371483996120272,XGBoost,operation_only,time
3,budget,0.2,0.11763515323400499,0,2061,2062,0,1648,1649,1649,2061,413,0,2062,2577,516,0.07371483996120272,XGBoost,operation_only,time
0,historical_prevalence,0.14805825242718446,0.39542576670646673,0,514,515,0,411,412,412,514,103,14,515,1030,516,0.15922330097087378,XGBoost,without_operation,time
0,budget,0.01,0.42569845914840704,0,514,515,0,411,412,412,514,103,1,515,1030,516,0.15922330097087378,XGBoost,without_operation,time
0,budget,0.05,0.4115284383296967,0,514,515,0,411,412,412,514,103,5,515,1030,516,0.15922330097087378,XGBoost,without_operation,time
0,budget,0.1,0.40598282217979437,0,514,515,0,411,412,412,514,103,10,515,1030,516,0.15922330097087378,XGBoost,without_operation,time
0,budget,0.2,0.38320466876029974,0,514,515,0,411,412,412,514,103,20,515,1030,516,0.15922330097087378,XGBoost,without_operation,time
1,historical_prevalence,0.14199029126213591,0.051738657057285316,0,1030,1031,0,823,824,824,1030,207,29,1031,1545,515,0.11445198836081474,XGBoost,without_operation,time
1,budget,0.01,0.1344256550073624,0,1030,1031,0,823,824,824,1030,207,2,1031,1545,515,0.11445198836081474,XGBoost,without_operation,time
1,budget,0.05,0.09290532767772676,0,1030,1031,0,823,824,824,1030,207,10,1031,1545,515,0.11445198836081474,XGBoost,without_operation,time
1,budget,0.1,0.06435450166463853,0,1030,1031,0,823,824,824,1030,207,20,1031,1545,515,0.11445198836081474,XGBoost,without_operation,time
1,budget,0.2,0.0445646420121193,0,1030,1031,0,823,824,824,1030,207,41,1031,1545,515,0.11445198836081474,XGBoost,without_operation,time
2,historical_prevalence,0.09789644012944984,0.09397380053997041,0,1545,1546,0,1235,1236,1236,1545,310,30,1546,2061,516,0.08279430789133248,XGBoost,without_operation,time
2,budget,0.01,0.2299548536539078,0,1545,1546,0,1235,1236,1236,1545,310,3,1546,2061,516,0.08279430789133248,XGBoost,without_operation,time
2,budget,0.05,0.13036662340164187,0,1545,1546,0,1235,1236,1236,1545,310,15,1546,2061,516,0.08279430789133248,XGBoost,without_operation,time
2,budget,0.1,0.091508187353611,0,1545,1546,0,1235,1236,1236,1545,310,31,1546,2061,516,0.08279430789133248,XGBoost,without_operation,time
2,budget,0.2,0.03326487913727761,0,1545,1546,0,1235,1236,1236,1545,310,62,1546,2061,516,0.08279430789133248,XGBoost,without_operation,time
3,historical_prevalence,0.08004851425106124,0.09838993847370149,0,2061,2062,0,1648,1649,1649,2061,413,33,2062,2577,516,0.07371483996120272,XGBoost,without_operation,time
3,budget,0.01,0.1677268743515015,0,2061,2062,0,1648,1649,1649,2061,413,4,2062,2577,516,0.07371483996120272,XGBoost,without_operation,time
3,budget,0.05,0.11433940380811693,0,2061,2062,0,1648,1649,1649,2061,413,20,2062,2577,516,0.07371483996120272,XGBoost,without_operation,time
3,budget,0.1,0.09112030267715455,0,2061,2062,0,1648,1649,1649,2061,413,41,2062,2577,516,0.07371483996120272,XGBoost,without_operation,time
3,budget,0.2,0.061269905418157584,0,2061,2062,0,1648,1649,1649,2061,413,82,2062,2577,516,0.07371483996120272,XGBoost,without_operation,time
0,historical_prevalence,0.08523908523908524,0.17982211709022525,0,1803,1804,0,1442,1443,1443,1803,361,30,1804,2577,774,0.07982261640798226,XGBoost,full,holdout
0,budget,0.01,0.3752229809761048,0,1803,1804,0,1442,1443,1443,1803,361,3,1804,2577,774,0.07982261640798226,XGBoost,full,holdout
0,budget,0.05,0.23089882731437686,0,1803,1804,0,1442,1443,1443,1803,361,18,1804,2577,774,0.07982261640798226,XGBoost,full,holdout
0,budget,0.1,0.16343130171298983,0,1803,1804,0,1442,1443,1443,1803,361,36,1804,2577,774,0.07982261640798226,XGBoost,full,holdout
0,budget,0.2,0.09317298978567125,0,1803,1804,0,1442,1443,1443,1803,361,72,1804,2577,774,0.07982261640798226,XGBoost,full,holdout
