model,variant,n_features,n,positives,prevalence,roc_auc,pr_auc,threshold,tp,fp,fn,tn,accuracy,precision,recall,specificity,f1,balanced_accuracy,alert_rate,brier,ece
LR,full,17,2063,88,0.0426563257392147,0.6677790563866514,0.0838283469612806,,17,361,71,1614,0.7905962190984004,0.0449735449735449,0.1931818181818181,0.8172151898734177,0.0729613733905579,0.5051985040276179,0.1832283082888996,0.0439051141295455,0.0270698666158751
LR,ratings_only,3,2063,88,0.0426563257392147,0.5390794016110472,0.0595703300707416,,10,171,78,1804,0.8793019873969947,0.0552486187845303,0.1136363636363636,0.9134177215189874,0.0743494423791821,0.5135270425776755,0.0877363063499757,0.0480941848529839,0.0725932545663866
LR,without_ratings,14,2063,88,0.0426563257392147,0.6749136939010357,0.0900386526513206,,16,362,72,1613,0.7896267571497819,0.0423280423280423,0.1818181818181818,0.8167088607594937,0.0686695278969957,0.4992635212888378,0.1832283082888996,0.0439626935362945,0.0253962412090415
LR,geophone_only,4,2063,88,0.0426563257392147,0.6268066743383199,0.0791890676687226,,44,731,44,1244,0.6243334949103247,0.0567741935483871,0.5,0.629873417721519,0.1019698725376593,0.5649367088607595,0.3756665050896752,0.0452276237833387,0.0514458698332463
LR,without_geophone,13,2063,88,0.0426563257392147,0.6733457997698504,0.0734224914836989,,13,266,75,1709,0.8347067377605429,0.046594982078853,0.1477272727272727,0.8653164556962025,0.0708446866485013,0.5065218642117376,0.135239941832283,0.0454240964723486,0.0440257957182017
LR,seismic_activity_only,9,2063,88,0.0426563257392147,0.626211162255466,0.0750551223517101,,15,198,73,1777,0.868637905962191,0.0704225352112676,0.1704545454545454,0.899746835443038,0.0996677740863787,0.5351006904487917,0.103247697527872,0.0454942245385486,0.0333377298964421
LR,without_seismic_activity,8,2063,88,0.0426563257392147,0.6491311852704258,0.1020263758058395,,26,415,62,1560,0.7687833252544838,0.0589569160997732,0.2954545454545454,0.789873417721519,0.0982986767485822,0.5426639815880322,0.2137663596703829,0.0464790843941776,0.0583342088944634
LR,operation_only,1,2063,88,0.0426563257392147,0.5750345224395857,0.0503565269162205,,10,320,78,1655,0.8070770722249152,0.0303030303030303,0.1136363636363636,0.8379746835443038,0.0478468899521531,0.4758055235903337,0.1599612215220552,0.0457178147947234,0.0657250398393898
LR,without_operation,16,2063,88,0.0426563257392147,0.6485097813578826,0.0837268036955817,,19,357,69,1618,0.7935046049442559,0.050531914893617,0.2159090909090909,0.8192405063291139,0.0818965517241379,0.5175747986191024,0.1822588463402811,0.0437713783330161,0.0301845852356044
CART,full,17,2063,88,0.0426563257392147,0.6403222094361335,0.0783901897821246,,8,180,80,1795,0.8739699466795928,0.0425531914893617,0.0909090909090909,0.9088607594936708,0.0579710144927536,0.4998849252013809,0.0911294231701405,0.0433175162516046,0.0374491487807788
CART,ratings_only,3,2063,88,0.0426563257392147,0.5733889528193326,0.0737549179159797,,21,195,67,1780,0.8730004847309744,0.0972222222222222,0.2386363636363636,0.9012658227848102,0.1381578947368421,0.5699510932105869,0.1047018904507998,0.0481663386760131,0.0719659914529462
CART,without_ratings,14,2063,88,0.0426563257392147,0.6281041426927503,0.0765707640054539,,8,160,80,1815,0.883664566165778,0.0476190476190476,0.0909090909090909,0.918987341772152,0.0625,0.5049482163406214,0.0814348036839554,0.0437808302412229,0.0381749905115692
CART,geophone_only,4,2063,88,0.0426563257392147,0.6101841196777905,0.0999669680841919,,29,603,59,1372,0.679108095007271,0.045886075949367,0.3295454545454545,0.6946835443037974,0.0805555555555555,0.512114499424626,0.3063499757634513,0.0528211049667649,0.0820277188250856
CART,without_geophone,13,2063,88,0.0426563257392147,0.6953682393555811,0.0793585866198655,,16,240,72,1735,0.8487639360155114,0.0625,0.1818181818181818,0.8784810126582279,0.0930232558139534,0.5301495972382049,0.1240911294231701,0.0452277939541422,0.0353752654434131
CART,seismic_activity_only,9,2063,88,0.0426563257392147,0.6454545454545455,0.0761297397595272,,8,81,80,1894,0.9219583131362094,0.0898876404494382,0.0909090909090909,0.958987341772152,0.0903954802259887,0.5249482163406214,0.0431410567135239,0.0451753135147475,0.0356478165016439
CART,without_seismic_activity,8,2063,88,0.0426563257392147,0.6209925201380898,0.09521833476587,,22,501,66,1474,0.7251575375666505,0.0420650095602294,0.25,0.7463291139240507,0.072013093289689,0.4981645569620253,0.2535142995637421,0.048358452030724,0.0718300040516511
CART,operation_only,1,2063,88,0.0426563257392147,0.691674338319908,0.0823971271836398,,0,0,88,1975,0.9573436742607851,0.0,0.0,1.0,0.0,0.5,0.0,0.0458033681024791,0.0658785442695089
CART,without_operation,16,2063,88,0.0426563257392147,0.6386651323360184,0.0778020142102731,,8,178,80,1797,0.8749394086282113,0.043010752688172,0.0909090909090909,0.909873417721519,0.0583941605839416,0.500391254315305,0.090159961221522,0.0433422251001691,0.037222019259813
XGBoost,full,17,2063,88,0.04265632573921473,0.6545655926352129,0.08624418579652343,,13,204,75,1771,0.864760058167717,0.059907834101382486,0.14772727272727273,0.8967088607594936,0.08524590163934427,0.5222180667433832,0.10518662142510907,0.04285581755234632,0.027325279859918967
XGBoost,ratings_only,3,2063,88,0.04265632573921473,0.572313003452244,0.07659626240559184,,10,144,78,1831,0.8923897237033447,0.06493506493506493,0.11363636363636363,0.9270886075949367,0.08264462809917356,0.5203624856156501,0.07464857004362578,0.04811690277372747,0.072732614484217
XGBoost,without_ratings,14,2063,88,0.04265632573921473,0.6534925201380898,0.0856477077640613,,14,220,74,1755,0.857489093553078,0.05982905982905983,0.1590909090909091,0.8886075949367088,0.08695652173913043,0.5238492520138089,0.11342704798836646,0.0430006375387398,0.0270144581269713
XGBoost,geophone_only,4,2063,88,0.04265632573921473,0.6174712313003452,0.10246227534049995,,36,720,52,1255,0.6257876878332526,0.047619047619047616,0.4090909090909091,0.6354430379746835,0.08530805687203791,0.5222669735327963,0.3664566165777993,0.04776100816398063,0.06816106750952622
XGBoost,without_geophone,13,2063,88,0.04265632573921473,0.6900632911392405,0.08283063682146594,,16,262,72,1713,0.8380998545807077,0.05755395683453238,0.18181818181818182,0.8673417721518988,0.08743169398907104,0.5245799769850403,0.13475521085797382,0.044787658368964534,0.03386573840277581
XGBoost,seismic_activity_only,9,2063,88,0.04265632573921473,0.6179142692750288,0.07845851950355456,,12,137,76,1838,0.896752302472128,0.08053691275167785,0.13636363636363635,0.9306329113924051,0.10126582278481013,0.5334982738780207,0.07222491517207949,0.044958887300079936,0.02989786764100317
XGBoost,without_seismic_activity,8,2063,88,0.04265632573921473,0.6643929804372842,0.1291982769867372,,32,515,56,1460,0.7232186136694134,0.05850091407678245,0.36363636363636365,0.739240506329114,0.10078740157480315,0.5514384349827388,0.2651478429471643,0.045230487028360605,0.0601732903040523
XGBoost,operation_only,1,2063,88,0.04265632573921473,0.691674338319908,0.08239712718363985,,32,245,56,1730,0.8540959767329133,0.11552346570397112,0.36363636363636365,0.8759493670886076,0.1753424657534247,0.6197928653624856,0.13427047988366456,0.04565387517717867,0.06602771173109867
XGBoost,without_operation,16,2063,88,0.04265632573921473,0.653452243958573,0.08623300974045084,,13,200,75,1775,0.866698982064954,0.06103286384976526,0.14772727272727273,0.8987341772151899,0.08637873754152825,0.5232307249712314,0.10324769752787204,0.042842023097760834,0.024621119040596766
