model,fold,full_ap,ratings_ap,without_seismic_ap,full_minus_ratings,without_seismic_minus_full
CART,0,0.1135757618233253,0.1170710521321479,0.2119111642767922,-0.0034952903088226045,0.09833540245346692
CART,1,0.0274348408503424,0.0362414103593872,0.0340891610647604,-0.008806569509044803,0.006654320214417999
CART,2,0.0631640721901146,0.0475587586736488,0.0617982634289533,0.015605313516465803,-0.0013658087611613037
CART,3,0.0780727174522559,0.0306181187081779,0.0471478103335317,0.047454598744077994,-0.0309249071187242
LR,0,0.1359777952116745,0.1299500078575642,0.2310176665493684,0.006027787354110303,0.0950398713376939
LR,1,0.0204036285058893,0.0378701888784548,0.0297772692464366,-0.017466560372565502,0.0093736407405473
LR,2,0.0873169770710557,0.0474061934070754,0.0665923991136168,0.039910783663980307,-0.020724577957438914
LR,3,0.1142073983109541,0.0355325130649012,0.0456153613661342,0.0786748852460529,-0.0685920369448199
XGBoost,0,0.13405441217022265,0.11707105213214793,0.2398718857161536,0.016983360038074727,0.10581747354593093
XGBoost,1,0.02841899831764412,0.03628908955122548,0.04080504408189047,-0.007870091233581358,0.012386045764246352
XGBoost,2,0.07306283172490219,0.04651994280161583,0.07000494211011526,0.026542888923286358,-0.003057889614786924
XGBoost,3,0.061777305219958174,0.030618118708177926,0.06666077673487099,0.03115918651178025,0.004883471514912814
