model,validation,fold,n_train,n_test,train_end,test_start,test_end,training_prior,threshold,class_weighted,threshold_fit_n,threshold_reference_n,threshold_target_rate
"logistic regression (L2, class-weighted)",random,0,2320,258,2577,4,2541,0.06594827586206897,0.7829145621722366,True,1855,465,0.06576819407008086
"logistic regression (L2, class-weighted)",random,1,2320,258,2576,2,2577,0.06594827586206897,0.8399959855643228,True,1855,465,0.06576819407008086
"logistic regression (L2, class-weighted)",random,2,2320,258,2577,20,2576,0.06594827586206897,0.8235793576339707,True,1855,465,0.06576819407008086
"logistic regression (L2, class-weighted)",random,3,2320,258,2577,7,2574,0.06594827586206897,0.7965017899074953,True,1855,465,0.06576819407008086
"logistic regression (L2, class-weighted)",random,4,2320,258,2577,1,2570,0.06594827586206897,0.8208944319689557,True,1855,465,0.06576819407008086
"logistic regression (L2, class-weighted)",random,5,2320,258,2577,8,2558,0.06594827586206897,0.7758894855453822,True,1855,465,0.06576819407008086
"logistic regression (L2, class-weighted)",random,6,2320,258,2577,11,2571,0.06594827586206897,0.7712630261119806,True,1855,465,0.06576819407008086
"logistic regression (L2, class-weighted)",random,7,2320,258,2577,16,2562,0.06594827586206897,0.7516951187328987,True,1855,465,0.06576819407008086
"logistic regression (L2, class-weighted)",random,8,2321,257,2577,0,2575,0.06591986212839293,0.8027422413092296,True,1856,465,0.06573275862068965
"logistic regression (L2, class-weighted)",random,9,2321,257,2577,3,2569,0.06591986212839293,0.7715926414109929,True,1856,465,0.06573275862068965
"logistic regression (L2, class-weighted)",time,0,515,516,514,515,1030,0.15922330097087378,0.8589463638905747,True,412,103,0.14805825242718446
"logistic regression (L2, class-weighted)",time,1,1031,515,1030,1031,1545,0.11445198836081474,0.2949771576029709,True,824,207,0.14199029126213591
"logistic regression (L2, class-weighted)",time,2,1546,516,1545,1546,2061,0.08279430789133248,0.4787115586848766,True,1236,310,0.09789644012944984
"logistic regression (L2, class-weighted)",time,3,2062,516,2061,2062,2577,0.07371483996120272,0.5445771762654114,True,1649,413,0.08004851425106124
"bagged CART (60 trees, depth 6)",random,0,2320,258,2577,4,2541,0.06594827586206897,0.18904874187924958,False,1855,465,0.06576819407008086
"bagged CART (60 trees, depth 6)",random,1,2320,258,2576,2,2577,0.06594827586206897,0.19309415689534903,False,1855,465,0.06576819407008086
"bagged CART (60 trees, depth 6)",random,2,2320,258,2577,20,2576,0.06594827586206897,0.23290710796557676,False,1855,465,0.06576819407008086
"bagged CART (60 trees, depth 6)",random,3,2320,258,2577,7,2574,0.06594827586206897,0.21296542054653006,False,1855,465,0.06576819407008086
"bagged CART (60 trees, depth 6)",random,4,2320,258,2577,1,2570,0.06594827586206897,0.24162683054765674,False,1855,465,0.06576819407008086
"bagged CART (60 trees, depth 6)",random,5,2320,258,2577,8,2558,0.06594827586206897,0.20540046078319474,False,1855,465,0.06576819407008086
"bagged CART (60 trees, depth 6)",random,6,2320,258,2577,11,2571,0.06594827586206897,0.20763620570959876,False,1855,465,0.06576819407008086
"bagged CART (60 trees, depth 6)",random,7,2320,258,2577,16,2562,0.06594827586206897,0.20752322002260165,False,1855,465,0.06576819407008086
"bagged CART (60 trees, depth 6)",random,8,2321,257,2577,0,2575,0.06591986212839293,0.20011962481901113,False,1856,465,0.06573275862068965
"bagged CART (60 trees, depth 6)",random,9,2321,257,2577,3,2569,0.06591986212839293,0.1811833792824091,False,1856,465,0.06573275862068965
"bagged CART (60 trees, depth 6)",time,0,515,516,514,515,1030,0.15922330097087378,0.4685474194418121,False,412,103,0.14805825242718446
"bagged CART (60 trees, depth 6)",time,1,1031,515,1030,1031,1545,0.11445198836081474,0.08629404035431261,False,824,207,0.14199029126213591
"bagged CART (60 trees, depth 6)",time,2,1546,516,1545,1546,2061,0.08279430789133248,0.12791058084079776,False,1236,310,0.09789644012944984
"bagged CART (60 trees, depth 6)",time,3,2062,516,2061,2062,2577,0.07371483996120272,0.10095586990184861,False,1649,413,0.08004851425106124
"logistic regression (L2, class-weighted)",holdout,0,1804,774,1803,1804,2577,0.07982261640798226,0.6620016741357315,True,1443,361,0.08523908523908524
"bagged CART (60 trees, depth 6)",holdout,0,1804,774,1803,1804,2577,0.07982261640798226,0.17935722003566856,False,1443,361,0.08523908523908524
