feature,auc_drop,sd
nbumps2,0.06451680672268904,0.005064094990630784
gpuls,0.05618868477623602,0.004033767599214185
energy,0.052163865546218456,0.004254125589422932
genergy,0.04311290795387921,0.0027169673794382667
gdenergy,0.029129616963064264,0.002129099251589854
gdpuls,0.021877076411960107,0.003107236652440277
shift,0.009922562048075022,0.001779630144514898
nbumps3,0.009385870627320658,0.0017692684691934595
maxenergy,0.008776626929841668,0.0006922303523753496
seismoacoustic,0.004121067031463732,0.0007571772075418419
seismic,0.0035724057064685953,0.0004110842069140556
nbumps4,0.0007133085792456085,7.122034266714169e-05
ghazard,0.00023304670705488474,5.9549145926110485e-05
nbumps5,0.0,0.0
nbumps6,0.0,0.0
nbumps7,0.0,0.0
nbumps89,0.0,0.0
