model,validation,fold,training_prior,n,positives,prevalence,roc_auc,pr_auc,threshold,tp,fp,fn,tn,accuracy,precision,recall,specificity,f1,balanced_accuracy,alert_rate
LR,time,0,0.15922330097087378,516,36,0.06976744186046512,0.7181712962962963,0.13597779521167455,,1,11,35,469,0.9108527131782945,0.08333333333333333,0.027777777777777776,0.9770833333333333,0.041666666666666664,0.5024305555555555,0.023255813953488372
LR,time,1,0.11445198836081474,515,10,0.019417475728155338,0.5168316831683168,0.020403628505889372,,2,183,8,322,0.629126213592233,0.010810810810810811,0.2,0.6376237623762376,0.020512820512820513,0.41881188118811885,0.3592233009708738
LR,time,2,0.08279430789133248,516,24,0.046511627906976744,0.6408367208672087,0.08731697707105579,,11,113,13,379,0.7558139534883721,0.08870967741935484,0.4583333333333333,0.7703252032520326,0.14864864864864866,0.614329268292683,0.24031007751937986
LR,time,3,0.07371483996120272,516,18,0.03488372093023256,0.5640339134315038,0.11420739831095415,,3,54,15,444,0.8662790697674418,0.05263157894736842,0.16666666666666666,0.891566265060241,0.08,0.5291164658634538,0.11046511627906977
LR,holdout,0,0.07982261640798226,774,26,0.03359173126614987,0.567924722336487,0.08967353254172122,,2,6,24,742,0.9612403100775194,0.25,0.07692307692307693,0.9919786096256684,0.11764705882352941,0.5344508432743726,0.0103359173126615
CART,time,0,0.15922330097087378,516,36,0.06976744186046512,0.6744791666666666,0.11357576182332532,,0,3,36,477,0.9244186046511628,0.0,0.0,0.99375,0.0,0.496875,0.005813953488372093
CART,time,1,0.11445198836081474,515,10,0.019417475728155338,0.6234653465346535,0.027434840850342417,,2,98,8,407,0.7941747572815534,0.02,0.2,0.805940594059406,0.03636363636363636,0.502970297029703,0.1941747572815534
CART,time,2,0.08279430789133248,516,24,0.046511627906976744,0.5601287262872628,0.06316407219011469,,3,38,21,454,0.8856589147286822,0.07317073170731707,0.125,0.9227642276422764,0.0923076923076923,0.5238821138211383,0.07945736434108527
CART,time,3,0.07371483996120272,516,18,0.03488372093023256,0.5730142793395805,0.07807271745225597,,3,41,15,457,0.8914728682170543,0.06818181818181818,0.16666666666666666,0.9176706827309237,0.0967741935483871,0.5421686746987951,0.08527131782945736
CART,holdout,0,0.07982261640798226,774,26,0.03359173126614987,0.6122480460715755,0.08742362015291981,,1,5,25,743,0.9612403100775194,0.16666666666666666,0.038461538461538464,0.9933155080213903,0.0625,0.5158885232414644,0.007751937984496124
