model,validation,fold,n,model_brier,raw_brier,historical_brier,oracle_brier,historical_skill,oracle_skill,mean_training_prior,observed_rate
CART,holdout,-1,774,0.032535540727555,0.032535540727555,0.03460062159768994,0.03246332685669265,0.05968334598569214,-0.0022244753651137206,0.07982261640798219,0.03359173126614987
CART,holdout,0,774,0.032535540727555,0.032535540727555,0.03460062159768994,0.03246332685669265,0.05968334598569214,-0.0022244753651137206,0.07982261640798219,0.03359173126614987
CART,time,-1,2063,0.04331751625160459,0.04331751625160459,0.04546185646863598,0.04083676361364473,0.047167898180989654,-0.06074802257667078,0.10754276180256835,0.04265632573921473
CART,time,0,516,0.07095469690648451,0.07095469690648451,0.072902296645893,0.06489994591671172,0.026715204170707052,-0.09329362150074916,0.15922330097087373,0.06976744186046512
CART,time,1,515,0.02253883071509794,0.02253883071509794,0.028071995955828932,0.019040437364501846,0.1971062281940118,-0.18373492602214814,0.11445198836081467,0.019417475728155338
CART,time,2,516,0.04570612668432829,0.04570612668432829,0.04566472924326685,0.04434829637641969,-0.0009065517686726032,-0.030617417552719406,0.0827943078913324,0.046511627906976744
CART,time,3,516,0.03403014193008805,0.03403014193008805,0.03517470274949159,0.033666846944294226,0.03253931746218053,-0.010790882389281498,0.07371483996120268,0.03488372093023256
LR,holdout,-1,774,0.032884685947034926,0.1487949084375508,0.03460062159768994,0.03246332685669265,0.04959262497092165,-0.012979541259044103,0.07982261640798219,0.03359173126614987
LR,holdout,0,774,0.032884685947034926,0.1487949084375508,0.03460062159768994,0.03246332685669265,0.04959262497092165,-0.012979541259044103,0.07982261640798219,0.03359173126614987
LR,time,-1,2063,0.04390511412954557,0.14616623613990987,0.04546185646863598,0.04083676361364473,0.034242823765114005,-0.07513696591949359,0.10754276180256835,0.04265632573921473
LR,time,0,516,0.07502724001106334,0.16521911019789282,0.072902296645893,0.06489994591671172,-0.029147824731664995,-0.1560447231704678,0.15922330097087373,0.06976744186046512
LR,time,1,515,0.022309945828937423,0.10165680984168309,0.028071995955828932,0.019040437364501846,0.2052597234609912,-0.17171393712473781,0.11445198836081467,0.019417475728155338
LR,time,2,516,0.04448569691075951,0.16171703759122888,0.04566472924326685,0.04434829637641969,0.02581932165252443,-0.0030982144877356177,0.0827943078913324,0.046511627906976744
LR,time,3,516,0.033755722666064227,0.1559857283507374,0.03517470274949159,0.033666846944294226,0.040340926077843564,-0.0026398587879956636,0.07371483996120268,0.03488372093023256
XGBoost,holdout,-1,774,0.03311729851593651,0.03311729851593651,0.034600621597689944,0.03246332685669265,0.0428698391318052,-0.02014493653502547,0.07982261640798226,0.03359173126614987
XGBoost,holdout,0,774,0.03311729851593651,0.03311729851593651,0.034600621597689944,0.03246332685669265,0.0428698391318052,-0.02014493653502547,0.07982261640798226,0.03359173126614987
XGBoost,time,-1,2063,0.04285581755234632,0.04285581755234632,0.04546185646863599,0.04083676361364473,0.0573236360923266,-0.04944206543407281,0.10754276180256843,0.04265632573921473
XGBoost,time,0,516,0.06996761191863794,0.06996761191863794,0.07290229664589302,0.06489994591671172,0.04025503807527042,-0.07808428697967984,0.15922330097087384,0.06976744186046512
XGBoost,time,1,515,0.021257756403517965,0.021257756403517965,0.028071995955828932,0.019040437364501846,0.2427415408235709,-0.1164531568560494,0.11445198836081476,0.019417475728155338
XGBoost,time,2,516,0.04589861943251929,0.04589861943251929,0.04566472924326685,0.04434829637641969,-0.005121900274639879,-0.03495789427717266,0.08279430789133248,0.046511627906976744
XGBoost,time,3,516,0.034257425747057306,0.034257425747057306,0.035174702749491575,0.033666846944294226,0.026077747094750525,-0.01754185070375791,0.07371483996120272,0.03488372093023256
