model,seed,n,positives,prevalence,roc_auc,pr_auc,threshold,tp,fp,fn,tn,accuracy,precision,recall,specificity,f1,balanced_accuracy,alert_rate
"logistic regression (L2, class-weighted)",0,2578,170,0.06594259115593483,0.7588381864373657,0.19902752124645845,,45,124,125,2284,0.9034134988363072,0.26627218934911245,0.2647058823529412,0.9485049833887044,0.2654867256637169,0.6066054328708228,0.06555469356089992
"logistic regression (L2, class-weighted)",1,2578,170,0.06594259115593483,0.7492573773695524,0.19293408758927313,,44,118,126,2290,0.9053529868114818,0.2716049382716049,0.25882352941176473,0.9509966777408638,0.2650602409638554,0.6049101035763143,0.06283941039565555
"logistic regression (L2, class-weighted)",2,2578,170,0.06594259115593483,0.7560509087355872,0.19773637731878568,,48,132,122,2276,0.9014740108611327,0.26666666666666666,0.2823529411764706,0.9451827242524917,0.27428571428571424,0.6137678327144811,0.06982156710628394
"logistic regression (L2, class-weighted)",3,2578,170,0.06594259115593483,0.7520959546609342,0.19360916941989623,,47,124,123,2284,0.904189294026377,0.27485380116959063,0.27647058823529413,0.9485049833887044,0.27565982404692085,0.6124877858119993,0.06633048875096974
"logistic regression (L2, class-weighted)",4,2578,170,0.06594259115593483,0.7572576705100645,0.19287999755328392,,40,121,130,2287,0.9026377036462374,0.2484472049689441,0.23529411764705882,0.949750830564784,0.24169184290030213,0.5925224741059214,0.06245151280062063
"bagged CART (60 trees, depth 6)",0,2578,170,0.06594259115593483,0.7754116181356263,0.22426660658814865,,48,142,122,2266,0.8975950349107835,0.25263157894736843,0.2823529411764706,0.9410299003322259,0.26666666666666666,0.6116914207543482,0.07370054305663305
"bagged CART (60 trees, depth 6)",1,2578,170,0.06594259115593483,0.7690455833496189,0.2133612803468031,,46,140,124,2268,0.8975950349107835,0.24731182795698925,0.27058823529411763,0.9418604651162791,0.25842696629213485,0.6062243502051984,0.0721489526764934
"bagged CART (60 trees, depth 6)",2,2578,170,0.06594259115593483,0.7790673246042603,0.23581706079744102,,53,131,117,2277,0.9038013964313422,0.28804347826086957,0.31176470588235294,0.9455980066445183,0.29943502824858753,0.6286813562634357,0.07137315748642359
"bagged CART (60 trees, depth 6)",3,2578,170,0.06594259115593483,0.7758085792456517,0.2198360968101633,,55,157,115,2251,0.8944918541505043,0.25943396226415094,0.3235294117647059,0.9348006644518272,0.28795811518324604,0.6291650381082665,0.08223429014740109
"bagged CART (60 trees, depth 6)",4,2578,170,0.06594259115593483,0.7719488958374048,0.21518014270689056,,55,156,115,2252,0.8948797517455391,0.26066350710900477,0.3235294117647059,0.9352159468438538,0.2887139107611549,0.6293726793042799,0.08184639255236617
