model,validation,fold,n,positives,prevalence,roc_auc,pr_auc,threshold,tp,fp,fn,tn,accuracy,precision,recall,specificity,f1,balanced_accuracy,alert_rate,budget,alerts,alerts_per_detection
LR,time,0,516,36,0.0697674418604651,0.7181712962962963,0.1359777952116745,,0,2,36,478,0.9263565891472868,0.0,0.0,0.9958333333333332,0.0,0.4979166666666667,0.003875968992248,0.01,2,
LR,time,0,516,36,0.0697674418604651,0.7181712962962963,0.1359777952116745,,0,2,36,478,0.9263565891472868,0.0,0.0,0.9958333333333332,0.0,0.4979166666666667,0.003875968992248,0.05,2,
LR,time,0,516,36,0.0697674418604651,0.7181712962962963,0.1359777952116745,,0,4,36,476,0.9224806201550388,0.0,0.0,0.9916666666666668,0.0,0.4958333333333333,0.0077519379844961,0.1,4,
LR,time,0,516,36,0.0697674418604651,0.7181712962962963,0.1359777952116745,,1,12,35,468,0.9089147286821704,0.0769230769230769,0.0277777777777777,0.975,0.0408163265306122,0.5013888888888889,0.0251937984496124,0.2,13,13.0
LR,time,1,515,10,0.0194174757281553,0.5168316831683168,0.0204036285058893,,0,46,10,459,0.8912621359223301,0.0,0.0,0.9089108910891088,0.0,0.4544554455445544,0.0893203883495145,0.01,46,
LR,time,1,515,10,0.0194174757281553,0.5168316831683168,0.0204036285058893,,0,90,10,415,0.8058252427184466,0.0,0.0,0.8217821782178217,0.0,0.4108910891089108,0.174757281553398,0.05,90,
LR,time,1,515,10,0.0194174757281553,0.5168316831683168,0.0204036285058893,,2,130,8,375,0.7320388349514563,0.0151515151515151,0.2,0.7425742574257426,0.028169014084507,0.4712871287128712,0.2563106796116505,0.1,132,66.0
LR,time,1,515,10,0.0194174757281553,0.5168316831683168,0.0204036285058893,,6,260,4,245,0.487378640776699,0.0225563909774436,0.6,0.4851485148514851,0.0434782608695652,0.5425742574257426,0.516504854368932,0.2,266,44.333333333333336
LR,time,2,516,24,0.0465116279069767,0.6408367208672087,0.0873169770710557,,0,7,24,485,0.939922480620155,0.0,0.0,0.9857723577235772,0.0,0.4928861788617886,0.0135658914728682,0.01,7,
LR,time,2,516,24,0.0465116279069767,0.6408367208672087,0.0873169770710557,,6,69,18,423,0.8313953488372093,0.08,0.25,0.8597560975609756,0.1212121212121212,0.5548780487804879,0.1453488372093023,0.05,75,12.5
LR,time,2,516,24,0.0465116279069767,0.6408367208672087,0.0873169770710557,,11,113,13,379,0.7558139534883721,0.0887096774193548,0.4583333333333333,0.7703252032520326,0.1486486486486486,0.614329268292683,0.2403100775193798,0.1,124,11.272727272727272
LR,time,2,516,24,0.0465116279069767,0.6408367208672087,0.0873169770710557,,14,200,10,292,0.5930232558139535,0.0654205607476635,0.5833333333333334,0.5934959349593496,0.1176470588235294,0.5884146341463414,0.4147286821705426,0.2,214,15.285714285714286
LR,time,3,516,18,0.0348837209302325,0.5640339134315038,0.1142073983109541,,2,10,16,488,0.9496124031007752,0.1666666666666666,0.1111111111111111,0.9799196787148594,0.1333333333333333,0.5455153949129853,0.0232558139534883,0.01,12,6.0
LR,time,3,516,18,0.0348837209302325,0.5640339134315038,0.1142073983109541,,3,37,15,461,0.8992248062015504,0.075,0.1666666666666666,0.92570281124498,0.1034482758620689,0.5461847389558233,0.0775193798449612,0.05,40,13.333333333333334
LR,time,3,516,18,0.0348837209302325,0.5640339134315038,0.1142073983109541,,3,69,15,429,0.8372093023255814,0.0416666666666666,0.1666666666666666,0.8614457831325302,0.0666666666666666,0.5140562248995985,0.1395348837209302,0.1,72,24.0
LR,time,3,516,18,0.0348837209302325,0.5640339134315038,0.1142073983109541,,5,124,13,374,0.7344961240310077,0.0387596899224806,0.2777777777777778,0.751004016064257,0.0680272108843537,0.5143908969210174,0.25,0.2,129,25.8
LR,holdout,0,774,26,0.0335917312661498,0.567924722336487,0.0896735325417212,,1,0,25,748,0.9677002583979328,1.0,0.0384615384615384,1.0,0.074074074074074,0.5192307692307693,0.0012919896640826,0.01,1,1.0
LR,holdout,0,774,26,0.0335917312661498,0.567924722336487,0.0896735325417212,,1,4,25,744,0.962532299741602,0.2,0.0384615384615384,0.9946524064171124,0.064516129032258,0.5165569724393254,0.0064599483204134,0.05,5,5.0
LR,holdout,0,774,26,0.0335917312661498,0.567924722336487,0.0896735325417212,,2,12,24,736,0.9534883720930232,0.1428571428571428,0.0769230769230769,0.983957219251337,0.1,0.530440148087207,0.0180878552971576,0.1,14,7.0
LR,holdout,0,774,26,0.0335917312661498,0.567924722336487,0.0896735325417212,,4,48,22,700,0.909560723514212,0.0769230769230769,0.1538461538461538,0.9358288770053476,0.1025641025641025,0.5448375154257508,0.0671834625322997,0.2,52,13.0
CART,time,0,516,36,0.0697674418604651,0.6744791666666666,0.1135757618233253,,0,1,36,479,0.9282945736434108,0.0,0.0,0.9979166666666668,0.0,0.4989583333333333,0.001937984496124,0.01,1,
CART,time,0,516,36,0.0697674418604651,0.6744791666666666,0.1135757618233253,,0,1,36,479,0.9282945736434108,0.0,0.0,0.9979166666666668,0.0,0.4989583333333333,0.001937984496124,0.05,1,
CART,time,0,516,36,0.0697674418604651,0.6744791666666666,0.1135757618233253,,0,2,36,478,0.9263565891472868,0.0,0.0,0.9958333333333332,0.0,0.4979166666666667,0.003875968992248,0.1,2,
CART,time,0,516,36,0.0697674418604651,0.6744791666666666,0.1135757618233253,,0,4,36,476,0.9224806201550388,0.0,0.0,0.9916666666666668,0.0,0.4958333333333333,0.0077519379844961,0.2,4,
CART,time,1,515,10,0.0194174757281553,0.6234653465346535,0.0274348408503424,,0,7,10,498,0.966990291262136,0.0,0.0,0.986138613861386,0.0,0.493069306930693,0.0135922330097087,0.01,7,
CART,time,1,515,10,0.0194174757281553,0.6234653465346535,0.0274348408503424,,0,30,10,475,0.9223300970873788,0.0,0.0,0.9405940594059404,0.0,0.4702970297029702,0.058252427184466,0.05,30,
CART,time,1,515,10,0.0194174757281553,0.6234653465346535,0.0274348408503424,,1,61,9,444,0.8640776699029126,0.0161290322580645,0.1,0.8792079207920792,0.0277777777777777,0.4896039603960396,0.1203883495145631,0.1,62,62.0
CART,time,1,515,10,0.0194174757281553,0.6234653465346535,0.0274348408503424,,6,192,4,313,0.6194174757281553,0.0303030303030303,0.6,0.6198019801980198,0.0576923076923076,0.6099009900990099,0.3844660194174757,0.2,198,33.0
CART,time,2,516,24,0.0465116279069767,0.5601287262872628,0.0631640721901146,,0,1,24,491,0.9515503875968992,0.0,0.0,0.9979674796747968,0.0,0.4989837398373983,0.001937984496124,0.01,1,
CART,time,2,516,24,0.0465116279069767,0.5601287262872628,0.0631640721901146,,1,14,23,478,0.9282945736434108,0.0666666666666666,0.0416666666666666,0.9715447154471544,0.0512820512820512,0.5066056910569106,0.0290697674418604,0.05,15,15.0
CART,time,2,516,24,0.0465116279069767,0.5601287262872628,0.0631640721901146,,3,45,21,447,0.872093023255814,0.0625,0.125,0.9085365853658536,0.0833333333333333,0.5167682926829269,0.0930232558139534,0.1,48,16.0
CART,time,2,516,24,0.0465116279069767,0.5601287262872628,0.0631640721901146,,7,115,17,377,0.7441860465116279,0.0573770491803278,0.2916666666666667,0.766260162601626,0.0958904109589041,0.5289634146341463,0.2364341085271318,0.2,122,17.428571428571427
CART,time,3,516,18,0.0348837209302325,0.5730142793395805,0.0780727174522559,,3,19,15,479,0.9341085271317828,0.1363636363636363,0.1666666666666666,0.9618473895582328,0.15,0.5642570281124498,0.0426356589147286,0.01,22,7.333333333333333
CART,time,3,516,18,0.0348837209302325,0.5730142793395805,0.0780727174522559,,3,32,15,466,0.9089147286821704,0.0857142857142857,0.1666666666666666,0.9357429718875502,0.1132075471698113,0.5512048192771084,0.067829457364341,0.05,35,11.666666666666666
CART,time,3,516,18,0.0348837209302325,0.5730142793395805,0.0780727174522559,,4,46,14,452,0.8837209302325582,0.08,0.2222222222222222,0.9076305220883534,0.1176470588235294,0.5649263721552877,0.0968992248062015,0.1,50,12.5
CART,time,3,516,18,0.0348837209302325,0.5730142793395805,0.0780727174522559,,7,90,11,408,0.8042635658914729,0.0721649484536082,0.3888888888888889,0.8192771084337349,0.1217391304347825,0.6040829986613119,0.187984496124031,0.2,97,13.857142857142858
CART,holdout,0,774,26,0.0335917312661498,0.6122480460715755,0.0874236201529198,,0,0,26,748,0.96640826873385,0.0,0.0,1.0,0.0,0.5,0.0,0.01,0,
CART,holdout,0,774,26,0.0335917312661498,0.6122480460715755,0.0874236201529198,,1,3,25,745,0.9638242894056848,0.25,0.0384615384615384,0.9959893048128342,0.0666666666666666,0.5172254216371863,0.0051679586563307,0.05,4,4.0
CART,holdout,0,774,26,0.0335917312661498,0.6122480460715755,0.0874236201529198,,1,7,25,741,0.958656330749354,0.125,0.0384615384615384,0.9906417112299464,0.0588235294117647,0.5145516248457425,0.0103359173126615,0.1,8,8.0
CART,holdout,0,774,26,0.0335917312661498,0.6122480460715755,0.0874236201529198,,5,56,21,692,0.900516795865633,0.081967213114754,0.1923076923076923,0.9251336898395722,0.1149425287356321,0.5587206910736323,0.0788113695090439,0.2,61,12.2
XGBoost,time,0,516,36,0.06976744186046512,0.7000868055555556,0.13405441217022263,,1,12,35,468,0.9089147286821705,0.07692307692307693,0.027777777777777776,0.975,0.04081632653061225,0.5013888888888889,0.025193798449612403,0.01,13,13.0
XGBoost,time,0,516,36,0.06976744186046512,0.7000868055555556,0.13405441217022263,,1,13,35,467,0.9069767441860465,0.07142857142857142,0.027777777777777776,0.9729166666666667,0.04,0.5003472222222222,0.027131782945736434,0.05,14,14.0
XGBoost,time,0,516,36,0.06976744186046512,0.7000868055555556,0.13405441217022263,,1,14,35,466,0.9050387596899225,0.06666666666666667,0.027777777777777776,0.9708333333333333,0.0392156862745098,0.49930555555555556,0.029069767441860465,0.1,15,15.0
XGBoost,time,0,516,36,0.06976744186046512,0.7000868055555556,0.13405441217022263,,1,16,35,464,0.9011627906976745,0.058823529411764705,0.027777777777777776,0.9666666666666667,0.03773584905660377,0.49722222222222223,0.03294573643410853,0.2,17,17.0
XGBoost,time,1,515,10,0.019417475728155338,0.6350495049504951,0.028418998317644117,,0,19,10,486,0.9436893203883495,0.0,0.0,0.9623762376237623,0.0,0.48118811881188117,0.036893203883495145,0.01,19,
XGBoost,time,1,515,10,0.019417475728155338,0.6350495049504951,0.028418998317644117,,0,45,10,460,0.8932038834951457,0.0,0.0,0.9108910891089109,0.0,0.45544554455445546,0.08737864077669903,0.05,45,
XGBoost,time,1,515,10,0.019417475728155338,0.6350495049504951,0.028418998317644117,,1,62,9,443,0.8621359223300971,0.015873015873015872,0.1,0.8772277227722772,0.0273972602739726,0.4886138613861386,0.12233009708737864,0.1,63,63.0
XGBoost,time,1,515,10,0.019417475728155338,0.6350495049504951,0.028418998317644117,,2,112,8,393,0.7669902912621359,0.017543859649122806,0.2,0.7782178217821782,0.03225806451612903,0.4891089108910891,0.22135922330097088,0.2,114,57.0
XGBoost,time,2,516,24,0.046511627906976744,0.603319783197832,0.07306283172490219,,0,15,24,477,0.9244186046511628,0.0,0.0,0.9695121951219512,0.0,0.4847560975609756,0.029069767441860465,0.01,15,
XGBoost,time,2,516,24,0.046511627906976744,0.603319783197832,0.07306283172490219,,6,47,18,445,0.874031007751938,0.11320754716981132,0.25,0.9044715447154471,0.15584415584415587,0.5772357723577235,0.10271317829457365,0.05,53,8.833333333333334
XGBoost,time,2,516,24,0.046511627906976744,0.603319783197832,0.07306283172490219,,7,71,17,421,0.8294573643410853,0.08974358974358974,0.2916666666666667,0.8556910569105691,0.1372549019607843,0.5736788617886179,0.1511627906976744,0.1,78,11.142857142857142
XGBoost,time,2,516,24,0.046511627906976744,0.603319783197832,0.07306283172490219,,13,226,11,266,0.5406976744186046,0.05439330543933055,0.5416666666666666,0.540650406504065,0.09885931558935362,0.5411585365853658,0.4631782945736434,0.2,239,18.384615384615383
XGBoost,time,3,516,18,0.03488372093023256,0.5763052208835341,0.061777305219958174,,1,9,17,489,0.9496124031007752,0.1,0.05555555555555555,0.9819277108433735,0.07142857142857142,0.5187416331994645,0.01937984496124031,0.01,10,10.0
XGBoost,time,3,516,18,0.03488372093023256,0.5763052208835341,0.061777305219958174,,4,29,14,469,0.9166666666666666,0.12121212121212122,0.2222222222222222,0.9417670682730924,0.1568627450980392,0.5819946452476573,0.06395348837209303,0.05,33,8.25
XGBoost,time,3,516,18,0.03488372093023256,0.5763052208835341,0.061777305219958174,,4,46,14,452,0.8837209302325582,0.08,0.2222222222222222,0.9076305220883534,0.11764705882352941,0.5649263721552877,0.09689922480620156,0.1,50,12.5
XGBoost,time,3,516,18,0.03488372093023256,0.5763052208835341,0.061777305219958174,,5,119,13,379,0.7441860465116279,0.04032258064516129,0.2777777777777778,0.7610441767068273,0.0704225352112676,0.5194109772423026,0.24031007751937986,0.2,124,24.8
XGBoost,holdout,0,774,26,0.03359173126614987,0.6202951460304401,0.06408411315335771,,0,0,26,748,0.9664082687338501,0.0,0.0,1.0,0.0,0.5,0.0,0.01,0,
XGBoost,holdout,0,774,26,0.03359173126614987,0.6202951460304401,0.06408411315335771,,0,4,26,744,0.9612403100775194,0.0,0.0,0.9946524064171123,0.0,0.49732620320855614,0.00516795865633075,0.05,4,
XGBoost,holdout,0,774,26,0.03359173126614987,0.6202951460304401,0.06408411315335771,,3,27,23,721,0.9354005167958657,0.1,0.11538461538461539,0.963903743315508,0.10714285714285714,0.5396441793500617,0.03875968992248062,0.1,30,10.0
XGBoost,holdout,0,774,26,0.03359173126614987,0.6202951460304401,0.06408411315335771,,6,75,20,673,0.8772609819121447,0.07407407407407407,0.23076923076923078,0.8997326203208557,0.11214953271028039,0.5652509255450432,0.10465116279069768,0.2,81,13.5
