model,variant,bin,count,mean_predicted,observed_rate
LR,As fitted,1,207,0.10602304924615592,0.014492753623188406
LR,As fitted,2,206,0.15724666014526828,0.019417475728155338
LR,As fitted,3,206,0.18658843900817917,0.0048543689320388345
LR,As fitted,4,206,0.23890267741617416,0.043689320388349516
LR,As fitted,5,206,0.2819269143022102,0.038834951456310676
LR,As fitted,6,207,0.3258561220298934,0.033816425120772944
LR,As fitted,7,206,0.3867576187469131,0.06310679611650485
LR,As fitted,8,206,0.4471635181548749,0.038834951456310676
LR,As fitted,9,206,0.523157532835117,0.06310679611650485
LR,As fitted,10,207,0.6763578832957133,0.10628019323671498
LR,Fold-prior corrected,1,207,0.013115927407174934,0.014492753623188406
LR,Fold-prior corrected,2,206,0.021317971070510845,0.019417475728155338
LR,Fold-prior corrected,3,206,0.029492106624798155,0.02912621359223301
LR,Fold-prior corrected,4,206,0.03469672809547625,0.03398058252427184
LR,Fold-prior corrected,5,206,0.04060059723747068,0.02912621359223301
LR,Fold-prior corrected,6,207,0.0501525829498371,0.03864734299516908
LR,Fold-prior corrected,7,206,0.06132275445841539,0.03398058252427184
LR,Fold-prior corrected,8,206,0.07830385007594882,0.043689320388349516
LR,Fold-prior corrected,9,206,0.11190232856708894,0.04854368932038835
LR,Fold-prior corrected,10,207,0.253069864195649,0.13526570048309178
