model,variant,fold,n,positives,prevalence,roc_auc,pr_auc,threshold,tp,fp,fn,tn,accuracy,precision,recall,specificity,f1,balanced_accuracy,alert_rate
LR,full,0,516,36,0.0697674418604651,0.7181712962962963,0.1359777952116745,,1,11,35,469,0.9108527131782944,0.0833333333333333,0.0277777777777777,0.9770833333333332,0.0416666666666666,0.5024305555555555,0.0232558139534883
LR,full,1,515,10,0.0194174757281553,0.5168316831683168,0.0204036285058893,,2,183,8,322,0.629126213592233,0.0108108108108108,0.2,0.6376237623762376,0.0205128205128205,0.4188118811881188,0.3592233009708738
LR,full,2,516,24,0.0465116279069767,0.6408367208672087,0.0873169770710557,,11,113,13,379,0.7558139534883721,0.0887096774193548,0.4583333333333333,0.7703252032520326,0.1486486486486486,0.614329268292683,0.2403100775193798
LR,full,3,516,18,0.0348837209302325,0.5640339134315038,0.1142073983109541,,3,54,15,444,0.8662790697674418,0.0526315789473684,0.1666666666666666,0.891566265060241,0.08,0.5291164658634538,0.1104651162790697
LR,ratings_only,0,516,36,0.0697674418604651,0.6318865740740741,0.1299500078575642,,3,7,33,473,0.9224806201550388,0.3,0.0833333333333333,0.9854166666666668,0.1304347826086956,0.534375,0.0193798449612403
LR,ratings_only,1,515,10,0.0194174757281553,0.6857425742574258,0.0378701888784548,,7,164,3,341,0.6757281553398058,0.0409356725146198,0.7,0.6752475247524753,0.0773480662983425,0.6876237623762376,0.3320388349514563
LR,ratings_only,2,516,24,0.0465116279069767,0.5154132791327913,0.0474061934070754,,0,0,24,492,0.9534883720930232,0.0,0.0,1.0,0.0,0.5,0.0
LR,ratings_only,3,516,18,0.0348837209302325,0.4698795180722891,0.0355325130649012,,0,0,18,498,0.9651162790697676,0.0,0.0,1.0,0.0,0.5,0.0
LR,without_ratings,0,516,36,0.0697674418604651,0.7166666666666667,0.1297668700022284,,0,10,36,470,0.9108527131782944,0.0,0.0,0.9791666666666666,0.0,0.4895833333333333,0.0193798449612403
LR,without_ratings,1,515,10,0.0194174757281553,0.3964356435643564,0.0164194523339159,,1,147,9,358,0.6970873786407767,0.0067567567567567,0.1,0.7089108910891089,0.0126582278481012,0.4044554455445544,0.287378640776699
LR,without_ratings,2,516,24,0.0465116279069767,0.6883468834688347,0.0910709118306015,,9,142,15,350,0.6957364341085271,0.0596026490066225,0.375,0.7113821138211383,0.1028571428571428,0.5431910569105691,0.2926356589147287
LR,without_ratings,3,516,18,0.0348837209302325,0.5653726015171798,0.1588879050416399,,6,63,12,435,0.8546511627906976,0.0869565217391304,0.3333333333333333,0.8734939759036144,0.1379310344827586,0.6034136546184738,0.1337209302325581
LR,geophone_only,0,516,36,0.0697674418604651,0.7148148148148148,0.173111559997798,,30,259,6,221,0.4864341085271317,0.1038062283737024,0.8333333333333334,0.4604166666666666,0.1846153846153846,0.646875,0.560077519379845
LR,geophone_only,1,515,10,0.0194174757281553,0.6015841584158416,0.0390325744851305,,8,363,2,142,0.2912621359223301,0.0215633423180593,0.8,0.2811881188118812,0.0419947506561679,0.5405940594059406,0.7203883495145631
LR,geophone_only,2,516,24,0.0465116279069767,0.5532689701897019,0.0546996698310215,,2,60,22,432,0.8410852713178295,0.032258064516129,0.0833333333333333,0.8780487804878049,0.0465116279069767,0.4806910569105691,0.1201550387596899
LR,geophone_only,3,516,18,0.0348837209302325,0.5392681838464971,0.1103406210987342,,4,49,14,449,0.877906976744186,0.0754716981132075,0.2222222222222222,0.9016064257028112,0.1126760563380281,0.5619143239625167,0.1027131782945736
LR,without_geophone,0,516,36,0.0697674418604651,0.7091145833333333,0.1177077217336031,,0,2,36,478,0.9263565891472868,0.0,0.0,0.9958333333333332,0.0,0.4979166666666667,0.003875968992248
LR,without_geophone,1,515,10,0.0194174757281553,0.7327722772277228,0.0417952056768693,,7,187,3,318,0.6310679611650486,0.0360824742268041,0.7,0.6297029702970297,0.0686274509803921,0.6648514851485148,0.3766990291262136
LR,without_geophone,2,516,24,0.0465116279069767,0.6404556233062331,0.1224178705305384,,4,33,20,459,0.8972868217054264,0.1081081081081081,0.1666666666666666,0.9329268292682928,0.1311475409836065,0.5497967479674797,0.0717054263565891
LR,without_geophone,3,516,18,0.0348837209302325,0.5547746541722446,0.0649481965954948,,2,44,16,454,0.8837209302325582,0.0434782608695652,0.1111111111111111,0.9116465863453816,0.0625,0.5113788487282463,0.0891472868217054
LR,seismic_activity_only,0,516,36,0.0697674418604651,0.6527777777777778,0.0978827616393575,,0,2,36,478,0.9263565891472868,0.0,0.0,0.9958333333333332,0.0,0.4979166666666667,0.003875968992248
LR,seismic_activity_only,1,515,10,0.0194174757281553,0.403960396039604,0.0194174757281553,,0,16,10,489,0.9495145631067962,0.0,0.0,0.9683168316831684,0.0,0.4841584158415841,0.0310679611650485
LR,seismic_activity_only,2,516,24,0.0465116279069767,0.5792682926829268,0.1414541889299863,,10,146,14,346,0.689922480620155,0.0641025641025641,0.4166666666666667,0.7032520325203252,0.1111111111111111,0.5599593495934959,0.3023255813953488
LR,seismic_activity_only,3,516,18,0.0348837209302325,0.5976684515841142,0.0767777227670336,,5,34,13,464,0.9089147286821704,0.1282051282051282,0.2777777777777778,0.931726907630522,0.175438596491228,0.6047523427041499,0.0755813953488372
LR,without_seismic_activity,0,516,36,0.0697674418604651,0.7336805555555556,0.2310176665493684,,13,61,23,419,0.8372093023255814,0.1756756756756756,0.3611111111111111,0.8729166666666667,0.2363636363636363,0.6170138888888889,0.1434108527131783
LR,without_seismic_activity,1,515,10,0.0194174757281553,0.6718811881188119,0.0297772692464366,,10,294,0,211,0.429126213592233,0.0328947368421052,1.0,0.4178217821782178,0.0636942675159235,0.7089108910891089,0.5902912621359223
LR,without_seismic_activity,2,516,24,0.0465116279069767,0.6008638211382114,0.0665923991136168,,2,45,22,447,0.8701550387596899,0.0425531914893617,0.0833333333333333,0.9085365853658536,0.056338028169014,0.4959349593495935,0.0910852713178294
LR,without_seismic_activity,3,516,18,0.0348837209302325,0.5105979473449352,0.0456153613661342,,1,15,17,483,0.937984496124031,0.0625,0.0555555555555555,0.9698795180722892,0.0588235294117647,0.5127175368139223,0.0310077519379844
LR,operation_only,0,516,36,0.0697674418604651,0.6892361111111112,0.1104394630546926,,0,0,36,480,0.9302325581395348,0.0,0.0,1.0,0.0,0.5,0.0
LR,operation_only,1,515,10,0.0194174757281553,0.6831683168316832,0.0303030303030303,,10,320,0,185,0.3786407766990291,0.0303030303030303,1.0,0.3663366336633663,0.0588235294117647,0.6831683168316831,0.6407766990291263
LR,operation_only,2,516,24,0.0465116279069767,0.6519308943089431,0.0658268733850129,,0,0,24,492,0.9534883720930232,0.0,0.0,1.0,0.0,0.5,0.0
LR,operation_only,3,516,18,0.0348837209302325,0.5562248995983936,0.0392364133814202,,0,0,18,498,0.9651162790697676,0.0,0.0,1.0,0.0,0.5,0.0
LR,without_operation,0,516,36,0.0697674418604651,0.7170717592592593,0.1340449907027755,,1,12,35,468,0.9089147286821704,0.0769230769230769,0.0277777777777777,0.975,0.0408163265306122,0.5013888888888889,0.0251937984496124
LR,without_operation,1,515,10,0.0194174757281553,0.4255445544554455,0.0173642102426293,,2,142,8,363,0.7087378640776699,0.0138888888888888,0.2,0.7188118811881188,0.0259740259740259,0.4594059405940593,0.2796116504854369
LR,without_operation,2,516,24,0.0465116279069767,0.6111111111111112,0.0873807389586951,,12,148,12,344,0.689922480620155,0.075,0.5,0.6991869918699187,0.1304347826086956,0.5995934959349594,0.3100775193798449
LR,without_operation,3,516,18,0.0348837209302325,0.537371709058456,0.1204082767007891,,4,55,14,443,0.8662790697674418,0.0677966101694915,0.2222222222222222,0.8895582329317269,0.1038961038961039,0.5558902275769746,0.1143410852713178
CART,full,0,516,36,0.0697674418604651,0.6744791666666666,0.1135757618233253,,0,3,36,477,0.9244186046511628,0.0,0.0,0.99375,0.0,0.496875,0.005813953488372
CART,full,1,515,10,0.0194174757281553,0.6234653465346535,0.0274348408503424,,2,98,8,407,0.7941747572815534,0.02,0.2,0.805940594059406,0.0363636363636363,0.502970297029703,0.1941747572815534
CART,full,2,516,24,0.0465116279069767,0.5601287262872628,0.0631640721901146,,3,38,21,454,0.8856589147286822,0.073170731707317,0.125,0.9227642276422764,0.0923076923076923,0.5238821138211383,0.0794573643410852
CART,full,3,516,18,0.0348837209302325,0.5730142793395805,0.0780727174522559,,3,41,15,457,0.8914728682170543,0.0681818181818181,0.1666666666666666,0.9176706827309236,0.0967741935483871,0.5421686746987951,0.0852713178294573
CART,ratings_only,0,516,36,0.0697674418604651,0.6298611111111111,0.1170710521321479,,15,71,21,409,0.8217054263565892,0.1744186046511628,0.4166666666666667,0.8520833333333333,0.2459016393442623,0.634375,0.1666666666666666
CART,ratings_only,1,515,10,0.0194174757281553,0.6633663366336634,0.0362414103593872,,6,124,4,381,0.7514563106796116,0.0461538461538461,0.6,0.7544554455445545,0.0857142857142857,0.6772277227722772,0.2524271844660194
CART,ratings_only,2,516,24,0.0465116279069767,0.5150745257452575,0.0475587586736488,,0,0,24,492,0.9534883720930232,0.0,0.0,1.0,0.0,0.5,0.0
CART,ratings_only,3,516,18,0.0348837209302325,0.4380856760374833,0.0306181187081779,,0,0,18,498,0.9651162790697676,0.0,0.0,1.0,0.0,0.5,0.0
CART,without_ratings,0,516,36,0.0697674418604651,0.6671875,0.1111309691687823,,0,4,36,476,0.9224806201550388,0.0,0.0,0.9916666666666668,0.0,0.4958333333333333,0.0077519379844961
CART,without_ratings,1,515,10,0.0194174757281553,0.4048514851485149,0.0171010516018356,,0,84,10,421,0.8174757281553398,0.0,0.0,0.8336633663366336,0.0,0.4168316831683168,0.1631067961165048
CART,without_ratings,2,516,24,0.0465116279069767,0.6046324525745257,0.0697946201092378,,3,23,21,469,0.9147286821705426,0.1153846153846153,0.125,0.9532520325203252,0.12,0.5391260162601625,0.0503875968992248
CART,without_ratings,3,516,18,0.0348837209302325,0.5955488621151271,0.0627844234204927,,5,49,13,449,0.8798449612403101,0.0925925925925925,0.2777777777777778,0.9016064257028112,0.1388888888888889,0.5896921017402945,0.1046511627906976
CART,geophone_only,0,516,36,0.0697674418604651,0.7115162037037037,0.2130783560939243,,19,88,17,392,0.7965116279069767,0.1775700934579439,0.5277777777777778,0.8166666666666667,0.2657342657342657,0.6722222222222223,0.2073643410852713
CART,geophone_only,1,515,10,0.0194174757281553,0.6087128712871287,0.0360474684217063,,10,444,0,61,0.1378640776699029,0.0220264317180616,1.0,0.1207920792079207,0.043103448275862,0.5603960396039604,0.8815533980582524
CART,geophone_only,2,516,24,0.0465116279069767,0.6207655826558266,0.0628059181425059,,0,31,24,461,0.8934108527131783,0.0,0.0,0.9369918699186992,0.0,0.4684959349593496,0.0600775193798449
CART,geophone_only,3,516,18,0.0348837209302325,0.609995537706381,0.0461147862684852,,0,40,18,458,0.8875968992248062,0.0,0.0,0.9196787148594378,0.0,0.4598393574297189,0.0775193798449612
CART,without_geophone,0,516,36,0.0697674418604651,0.6976851851851852,0.1100498266598911,,0,0,36,480,0.9302325581395348,0.0,0.0,1.0,0.0,0.5,0.0
CART,without_geophone,1,515,10,0.0194174757281553,0.7012871287128712,0.0365848646679329,,6,129,4,376,0.7417475728155339,0.0444444444444444,0.6,0.7445544554455445,0.0827586206896551,0.6722772277227722,0.2621359223300971
CART,without_geophone,2,516,24,0.0465116279069767,0.6258045392953929,0.0800073405382904,,7,69,17,423,0.8333333333333334,0.0921052631578947,0.2916666666666667,0.8597560975609756,0.1399999999999999,0.5757113821138211,0.1472868217054263
CART,without_geophone,3,516,18,0.0348837209302325,0.605198572066042,0.0542014436423171,,3,42,15,456,0.8895348837209303,0.0666666666666666,0.1666666666666666,0.9156626506024096,0.0952380952380952,0.5411646586345381,0.0872093023255814
CART,seismic_activity_only,0,516,36,0.0697674418604651,0.66796875,0.1031796544346813,,0,0,36,480,0.9302325581395348,0.0,0.0,1.0,0.0,0.5,0.0
CART,seismic_activity_only,1,515,10,0.0194174757281553,0.403960396039604,0.0194174757281553,,0,26,10,479,0.9300970873786408,0.0,0.0,0.9485148514851484,0.0,0.4742574257425742,0.0504854368932038
CART,seismic_activity_only,2,516,24,0.0465116279069767,0.5889227642276422,0.1144806696460385,,5,31,19,461,0.9031007751937984,0.1388888888888889,0.2083333333333333,0.9369918699186992,0.1666666666666666,0.5726626016260162,0.0697674418604651
CART,seismic_activity_only,3,516,18,0.0348837209302325,0.5546073181615351,0.0513985947460859,,3,24,15,474,0.9244186046511628,0.1111111111111111,0.1666666666666666,0.9518072289156626,0.1333333333333333,0.5592369477911646,0.0523255813953488
CART,without_seismic_activity,0,516,36,0.0697674418604651,0.7579861111111111,0.2119111642767922,,8,14,28,466,0.9186046511627908,0.3636363636363636,0.2222222222222222,0.9708333333333332,0.2758620689655172,0.5965277777777778,0.0426356589147286
CART,without_seismic_activity,1,515,10,0.0194174757281553,0.7004950495049505,0.0340891610647604,,10,422,0,83,0.1805825242718446,0.0231481481481481,1.0,0.1643564356435643,0.0452488687782805,0.5821782178217821,0.8388349514563107
CART,without_seismic_activity,2,516,24,0.0465116279069767,0.5090616531165312,0.0617982634289533,,2,31,22,461,0.8972868217054264,0.0606060606060606,0.0833333333333333,0.9369918699186992,0.0701754385964912,0.5101626016260162,0.063953488372093
CART,without_seismic_activity,3,516,18,0.0348837209302325,0.5760821062025882,0.0471478103335317,,2,34,16,464,0.9031007751937984,0.0555555555555555,0.1111111111111111,0.931726907630522,0.074074074074074,0.5214190093708166,0.0697674418604651
CART,operation_only,0,516,36,0.0697674418604651,0.6892361111111112,0.1104394630546926,,0,0,36,480,0.9302325581395348,0.0,0.0,1.0,0.0,0.5,0.0
CART,operation_only,1,515,10,0.0194174757281553,0.6831683168316832,0.0303030303030303,,0,0,10,505,0.9805825242718448,0.0,0.0,1.0,0.0,0.5,0.0
CART,operation_only,2,516,24,0.0465116279069767,0.6519308943089431,0.0658268733850129,,0,0,24,492,0.9534883720930232,0.0,0.0,1.0,0.0,0.5,0.0
CART,operation_only,3,516,18,0.0348837209302325,0.5562248995983936,0.0392364133814202,,0,0,18,498,0.9651162790697676,0.0,0.0,1.0,0.0,0.5,0.0
CART,without_operation,0,516,36,0.0697674418604651,0.6744791666666666,0.1135757618233253,,0,3,36,477,0.9244186046511628,0.0,0.0,0.99375,0.0,0.496875,0.005813953488372
CART,without_operation,1,515,10,0.0194174757281553,0.6074257425742574,0.0263506695067111,,2,90,8,415,0.8097087378640777,0.0217391304347826,0.2,0.8217821782178217,0.0392156862745098,0.5108910891089109,0.1786407766990291
CART,without_operation,2,516,24,0.0465116279069767,0.5517445799457995,0.0622973616339653,,3,47,21,445,0.8682170542635659,0.06,0.125,0.9044715447154472,0.081081081081081,0.5147357723577235,0.0968992248062015
CART,without_operation,3,516,18,0.0348837209302325,0.5807117358322178,0.0767783104794347,,3,38,15,460,0.8972868217054264,0.073170731707317,0.1666666666666666,0.923694779116466,0.1016949152542373,0.5451807228915663,0.0794573643410852
XGBoost,full,0,516,36,0.06976744186046512,0.7000868055555556,0.13405441217022263,,1,15,35,465,0.9031007751937985,0.0625,0.027777777777777776,0.96875,0.03846153846153846,0.4982638888888889,0.031007751937984496
XGBoost,full,1,515,10,0.019417475728155338,0.6350495049504951,0.028418998317644117,,1,79,9,426,0.829126213592233,0.0125,0.1,0.8435643564356435,0.022222222222222227,0.47178217821782176,0.1553398058252427
XGBoost,full,2,516,24,0.046511627906976744,0.603319783197832,0.07306283172490219,,7,70,17,422,0.8313953488372093,0.09090909090909091,0.2916666666666667,0.8577235772357723,0.13861386138613863,0.5746951219512195,0.14922480620155038
XGBoost,full,3,516,18,0.03488372093023256,0.5763052208835341,0.061777305219958174,,4,40,14,458,0.8953488372093024,0.09090909090909091,0.2222222222222222,0.9196787148594378,0.1290322580645161,0.57095046854083,0.08527131782945736
XGBoost,ratings_only,0,516,36,0.06976744186046512,0.6298611111111111,0.11707105213214791,,4,20,32,460,0.8992248062015504,0.16666666666666666,0.1111111111111111,0.9583333333333334,0.13333333333333333,0.5347222222222222,0.046511627906976744
XGBoost,ratings_only,1,515,10,0.019417475728155338,0.6756435643564357,0.03628908955122548,,6,124,4,381,0.7514563106796116,0.046153846153846156,0.6,0.7544554455445545,0.08571428571428573,0.6772277227722772,0.2524271844660194
XGBoost,ratings_only,2,516,24,0.046511627906976744,0.5049119241192412,0.04651994280161583,,0,0,24,492,0.9534883720930233,0.0,0.0,1.0,0.0,0.5,0.0
XGBoost,ratings_only,3,516,18,0.03488372093023256,0.4380856760374833,0.030618118708177926,,0,0,18,498,0.9651162790697675,0.0,0.0,1.0,0.0,0.5,0.0
XGBoost,without_ratings,0,516,36,0.06976744186046512,0.7033275462962963,0.12409655954193471,,2,19,34,461,0.8972868217054264,0.09523809523809523,0.05555555555555555,0.9604166666666667,0.07017543859649122,0.5079861111111111,0.040697674418604654
XGBoost,without_ratings,1,515,10,0.019417475728155338,0.5318811881188119,0.021486961049871953,,1,98,9,407,0.7922330097087379,0.010101010101010102,0.1,0.805940594059406,0.018348623853211014,0.452970297029703,0.19223300970873786
XGBoost,without_ratings,2,516,24,0.046511627906976744,0.6148373983739838,0.07769678919922354,,7,62,17,430,0.8468992248062015,0.10144927536231885,0.2916666666666667,0.8739837398373984,0.15053763440860216,0.5828252032520326,0.13372093023255813
XGBoost,without_ratings,3,516,18,0.03488372093023256,0.5961066488174922,0.07011860066001101,,4,41,14,457,0.8934108527131783,0.08888888888888889,0.2222222222222222,0.9176706827309237,0.12698412698412698,0.5699464524765729,0.0872093023255814
XGBoost,geophone_only,0,516,36,0.06976744186046512,0.669068287037037,0.1794306351133198,,23,224,13,256,0.5406976744186046,0.0931174089068826,0.6388888888888888,0.5333333333333333,0.16254416961130744,0.586111111111111,0.4786821705426357
XGBoost,geophone_only,1,515,10,0.019417475728155338,0.5978217821782178,0.03491861628184282,,10,434,0,71,0.15728155339805824,0.02252252252252252,1.0,0.1405940594059406,0.04405286343612334,0.5702970297029704,0.8621359223300971
XGBoost,geophone_only,2,516,24,0.046511627906976744,0.6325796070460704,0.06597326596350953,,2,42,22,450,0.875968992248062,0.045454545454545456,0.08333333333333333,0.9146341463414634,0.05882352941176471,0.4989837398373984,0.08527131782945736
XGBoost,geophone_only,3,516,18,0.03488372093023256,0.6031347612672914,0.07909031755210368,,1,20,17,478,0.9282945736434108,0.047619047619047616,0.05555555555555555,0.9598393574297188,0.05128205128205128,0.5076974564926372,0.040697674418604654
XGBoost,without_geophone,0,516,36,0.06976744186046512,0.7005787037037037,0.11824913396198523,,1,16,35,464,0.9011627906976745,0.058823529411764705,0.027777777777777776,0.9666666666666667,0.03773584905660377,0.49722222222222223,0.03294573643410853
XGBoost,without_geophone,1,515,10,0.019417475728155338,0.6734653465346535,0.03514132925897631,,6,149,4,356,0.7029126213592233,0.03870967741935484,0.6,0.7049504950495049,0.07272727272727274,0.6524752475247524,0.30097087378640774
XGBoost,without_geophone,2,516,24,0.046511627906976744,0.6479081978319783,0.08756284697414908,,6,68,18,424,0.8333333333333334,0.08108108108108109,0.25,0.8617886178861789,0.12244897959183675,0.5558943089430894,0.1434108527131783
XGBoost,without_geophone,3,516,18,0.03488372093023256,0.5794846050870147,0.05939736416071393,,3,29,15,469,0.9147286821705426,0.09375,0.16666666666666666,0.9417670682730924,0.12000000000000002,0.5542168674698795,0.06201550387596899
XGBoost,seismic_activity_only,0,516,36,0.06976744186046512,0.6665219907407407,0.11530423602160784,,2,12,34,468,0.9108527131782945,0.14285714285714285,0.05555555555555555,0.975,0.08,0.5152777777777777,0.027131782945736434
XGBoost,seismic_activity_only,1,515,10,0.019417475728155338,0.403960396039604,0.019417475728155338,,0,34,10,471,0.9145631067961165,0.0,0.0,0.9326732673267327,0.0,0.46633663366336636,0.06601941747572816
XGBoost,seismic_activity_only,2,516,24,0.046511627906976744,0.5778709349593496,0.10957198217135419,,6,44,18,448,0.8798449612403101,0.12,0.25,0.9105691056910569,0.16216216216216217,0.5802845528455285,0.09689922480620156
XGBoost,seismic_activity_only,3,516,18,0.03488372093023256,0.5741298527443106,0.05986146210952412,,4,47,14,451,0.8817829457364341,0.0784313725490196,0.2222222222222222,0.9056224899598394,0.11594202898550723,0.5639223560910308,0.09883720930232558
XGBoost,without_seismic_activity,0,516,36,0.06976744186046512,0.7241319444444444,0.23987188571615362,,18,82,18,398,0.8062015503875969,0.18,0.5,0.8291666666666667,0.2647058823529412,0.6645833333333333,0.1937984496124031
XGBoost,without_seismic_activity,1,515,10,0.019417475728155338,0.7612871287128713,0.04080504408189047,,10,348,0,157,0.32427184466019415,0.027932960893854747,1.0,0.3108910891089109,0.05434782608695652,0.6554455445544555,0.6951456310679611
XGBoost,without_seismic_activity,2,516,24,0.046511627906976744,0.6475271002710027,0.07000494211011526,,3,62,21,430,0.8391472868217055,0.046153846153846156,0.125,0.8739837398373984,0.06741573033707865,0.4994918699186992,0.12596899224806202
XGBoost,without_seismic_activity,3,516,18,0.03488372093023256,0.6076528335564481,0.06666077673487099,,1,23,17,475,0.9224806201550387,0.041666666666666664,0.05555555555555555,0.9538152610441767,0.04761904761904762,0.5046854082998661,0.046511627906976744
XGBoost,operation_only,0,516,36,0.06976744186046512,0.6892361111111112,0.11043946305469267,,32,245,4,235,0.5174418604651163,0.11552346570397112,0.8888888888888888,0.4895833333333333,0.20447284345047922,0.689236111111111,0.5368217054263565
XGBoost,operation_only,1,515,10,0.019417475728155338,0.6831683168316832,0.030303030303030304,,0,0,10,505,0.9805825242718447,0.0,0.0,1.0,0.0,0.5,0.0
XGBoost,operation_only,2,516,24,0.046511627906976744,0.6519308943089431,0.06582687338501292,,0,0,24,492,0.9534883720930233,0.0,0.0,1.0,0.0,0.5,0.0
XGBoost,operation_only,3,516,18,0.03488372093023256,0.5562248995983936,0.03923641338142022,,0,0,18,498,0.9651162790697675,0.0,0.0,1.0,0.0,0.5,0.0
XGBoost,without_operation,0,516,36,0.06976744186046512,0.7000868055555556,0.13405441217022263,,1,15,35,465,0.9031007751937985,0.0625,0.027777777777777776,0.96875,0.03846153846153846,0.4982638888888889,0.031007751937984496
XGBoost,without_operation,1,515,10,0.019417475728155338,0.6350495049504951,0.028418998317644117,,1,79,9,426,0.829126213592233,0.0125,0.1,0.8435643564356435,0.022222222222222227,0.47178217821782176,0.1553398058252427
XGBoost,without_operation,2,516,24,0.046511627906976744,0.603319783197832,0.07306283172490219,,7,71,17,421,0.8294573643410853,0.08974358974358974,0.2916666666666667,0.8556910569105691,0.1372549019607843,0.5736788617886179,0.1511627906976744
XGBoost,without_operation,3,516,18,0.03488372093023256,0.5638665774207943,0.06265568341522901,,4,35,14,463,0.9050387596899225,0.10256410256410256,0.2222222222222222,0.929718875502008,0.14035087719298245,0.5759705488621152,0.0755813953488372
