model,variant,comparison,delta,ci_low,ci_high,block_length,n_boot,valid_boot,skipped,bootstrap_seed
LR,full,variant minus full,0.0,0.0,0.0,32,2000,2000,0,20261002
LR,ratings_only,variant minus full,-0.0242580168905389,-0.0619117128939608,0.0039429604212134,32,2000,2000,0,20261002
LR,without_ratings,variant minus full,0.00621030569004,-0.0103736814297915,0.0176416398266722,32,2000,2000,0,20261002
LR,geophone_only,variant minus full,-0.0046392792925579,-0.0380100240562069,0.0221490068076752,32,2000,2000,0,20261002
LR,without_geophone,variant minus full,-0.0104058554775817,-0.0340070662184523,0.0083238069625706,32,2000,2000,0,20261002
LR,seismic_activity_only,variant minus full,-0.0087732246095705,-0.0402070016327784,0.0134348088122804,32,2000,2000,0,20261002
LR,without_seismic_activity,variant minus full,0.0181980288445589,-0.0255987364093426,0.0588557433578184,32,2000,2000,0,20261002
LR,operation_only,variant minus full,-0.0334718200450601,-0.0772082689560437,-0.0115365382099628,32,2000,2000,0,20261002
LR,without_operation,variant minus full,-0.0001015432656989,-0.0048577607335126,0.0033880520038555,32,2000,2000,0,20261002
CART,full,variant minus full,0.0,0.0,0.0,32,2000,2000,0,20261002
CART,ratings_only,variant minus full,-0.0046352718661449,-0.0263688688188088,0.0252267886263347,32,2000,2000,0,20261002
CART,without_ratings,variant minus full,-0.0018194257766706,-0.0092247200470443,0.0078485500115626,32,2000,2000,0,20261002
CART,geophone_only,variant minus full,0.0215767783020672,-0.0113175493223576,0.053884351497552,32,2000,2000,0,20261002
CART,without_geophone,variant minus full,0.0009683968377408,-0.0140463982501967,0.0176041052695634,32,2000,2000,0,20261002
CART,seismic_activity_only,variant minus full,-0.0022604500225974,-0.0195129732173867,0.0205163370364553,32,2000,2000,0,20261002
CART,without_seismic_activity,variant minus full,0.0168281449837453,-0.0174338762922525,0.0713445035936975,32,2000,2000,0,20261002
CART,operation_only,variant minus full,0.0040069374015151,-0.0199796388175627,0.0183547708567789,32,2000,2000,0,20261002
CART,without_operation,variant minus full,-0.0005881755718515,-0.0015616513021644,0.0001119089963119,32,2000,2000,0,20261002
XGBoost,full,variant minus full,0.0,0.0,0.0,32,2000,2000,0,20261002
XGBoost,ratings_only,variant minus full,-0.009647923390931595,-0.041290958882314974,0.014800535483543504,32,2000,2000,0,20261002
XGBoost,without_ratings,variant minus full,-0.0005964780324621277,-0.016555194842286142,0.0070607980035114785,32,2000,2000,0,20261002
XGBoost,geophone_only,variant minus full,0.01621808954397652,-0.026356648688475072,0.07525894919886242,32,2000,2000,0,20261002
XGBoost,without_geophone,variant minus full,-0.0034135489750574954,-0.03001247805295194,0.022992227517625738,32,2000,2000,0,20261002
XGBoost,seismic_activity_only,variant minus full,-0.007785666292968868,-0.03511074858568462,0.026700360230340562,32,2000,2000,0,20261002
XGBoost,without_seismic_activity,variant minus full,0.04295409119021376,-0.0034262231560810716,0.1066718898834645,32,2000,2000,0,20261002
XGBoost,operation_only,variant minus full,-0.0038470586128835776,-0.04093950200732649,0.013591457359371775,32,2000,2000,0,20261002
XGBoost,without_operation,variant minus full,-1.1176056072592644e-05,-0.0008733676255285556,0.0007473148585847386,32,2000,2000,0,20261002
