validation,category,row,feature,value,contribution
time,TP,694,seismic,1.0,0.0543457642197608
time,TP,694,seismoacoustic,1.0,0.2113278359174728
time,TP,694,shift,1.0,0.0
time,TP,694,genergy,83490.0,0.1412380039691925
time,TP,694,gpuls,898.0,0.0081642223522067
time,TP,694,gdenergy,-49.0,0.434062659740448
time,TP,694,gdpuls,-37.0,0.0725343003869056
time,TP,694,ghazard,1.0,0.0
time,TP,694,nbumps2,1.0,0.6014543175697327
time,TP,694,nbumps3,0.0,0.0
time,TP,694,nbumps4,0.0,0.0
time,TP,694,nbumps5,1.0,0.0
time,TP,694,nbumps6,0.0,0.0
time,TP,694,nbumps7,0.0,0.0
time,TP,694,nbumps89,0.0,0.0
time,TP,694,energy,100300.0,0.5010018348693848
time,TP,694,maxenergy,100000.0,-0.1801972538232803
time,FP,557,seismic,1.0,0.1328359693288803
time,FP,557,seismoacoustic,1.0,0.2380542457103729
time,FP,557,shift,1.0,0.0
time,FP,557,genergy,70490.0,0.0470959320664405
time,FP,557,gpuls,330.0,-0.5698481202125549
time,FP,557,gdenergy,-38.0,0.1858695298433303
time,FP,557,gdpuls,-37.0,0.047480035573244
time,FP,557,ghazard,0.0,0.0
time,FP,557,nbumps2,1.0,0.5262195467948914
time,FP,557,nbumps3,5.0,0.0
time,FP,557,nbumps4,0.0,0.0
time,FP,557,nbumps5,0.0,0.0
time,FP,557,nbumps6,0.0,0.0
time,FP,557,nbumps7,0.0,0.0
time,FP,557,nbumps89,0.0,0.0
time,FP,557,energy,10300.0,0.7845050096511841
time,FP,557,maxenergy,3000.0,0.2091410309076309
time,FN,515,seismic,0.0,-0.1179435923695564
time,FN,515,seismoacoustic,0.0,-0.128045842051506
time,FN,515,shift,1.0,0.0
time,FN,515,genergy,31250.0,0.5455189347267151
time,FN,515,gpuls,430.0,-0.6252810955047607
time,FN,515,gdenergy,-16.0,-0.3661309778690338
time,FN,515,gdpuls,2.0,0.16187085211277
time,FN,515,ghazard,0.0,0.0
time,FN,515,nbumps2,0.0,-0.6281522512435913
time,FN,515,nbumps3,3.0,0.0
time,FN,515,nbumps4,0.0,0.0
time,FN,515,nbumps5,0.0,0.0
time,FN,515,nbumps6,0.0,0.0
time,FN,515,nbumps7,0.0,0.0
time,FN,515,nbumps89,0.0,0.0
time,FN,515,energy,4000.0,-0.1093746498227119
time,FN,515,maxenergy,2000.0,0.0209260247647762
holdout,TP,1819,seismic,0.0,-0.1534406542778015
holdout,TP,1819,seismoacoustic,1.0,0.0
holdout,TP,1819,shift,1.0,0.0666132122278213
holdout,TP,1819,genergy,59840.0,0.1006458476185798
holdout,TP,1819,gpuls,696.0,-0.0735291391611099
holdout,TP,1819,gdenergy,124.0,-0.0230236835777759
holdout,TP,1819,gdpuls,7.0,0.1332329958677292
holdout,TP,1819,ghazard,0.0,0.0
holdout,TP,1819,nbumps2,1.0,0.3415100276470184
holdout,TP,1819,nbumps3,1.0,-0.0043664649128913
holdout,TP,1819,nbumps4,0.0,0.0120837455615401
holdout,TP,1819,nbumps5,0.0,0.0
holdout,TP,1819,nbumps6,0.0,0.0
holdout,TP,1819,nbumps7,0.0,0.0
holdout,TP,1819,nbumps89,0.0,0.0
holdout,TP,1819,energy,6300.0,0.5085036754608154
holdout,TP,1819,maxenergy,6000.0,0.0242800414562225
holdout,FP,1830,seismic,0.0,-0.0678251609206199
holdout,FP,1830,seismoacoustic,1.0,0.0
holdout,FP,1830,shift,1.0,0.0739427506923675
holdout,FP,1830,genergy,67360.0,0.0938271433115005
holdout,FP,1830,gpuls,1525.0,0.3896645903587341
holdout,FP,1830,gdenergy,139.0,-0.0133353248238563
holdout,FP,1830,gdpuls,135.0,-0.2664194703102112
holdout,FP,1830,ghazard,1.0,0.0
holdout,FP,1830,nbumps2,1.0,0.2402282655239105
holdout,FP,1830,nbumps3,0.0,-0.0018540016608312
holdout,FP,1830,nbumps4,1.0,-0.0487413890659809
holdout,FP,1830,nbumps5,0.0,0.0
holdout,FP,1830,nbumps6,0.0,0.0
holdout,FP,1830,nbumps7,0.0,0.0
holdout,FP,1830,nbumps89,0.0,0.0
holdout,FP,1830,energy,80200.0,0.6443167328834534
holdout,FP,1830,maxenergy,80000.0,0.0242800414562225
holdout,FN,1829,seismic,0.0,-0.1302539557218551
holdout,FN,1829,seismoacoustic,1.0,0.0
holdout,FN,1829,shift,1.0,0.0848146602511406
holdout,FN,1829,genergy,66030.0,0.1595296710729599
holdout,FN,1829,gpuls,812.0,0.0580573044717311
holdout,FN,1829,gdenergy,112.0,-0.0019372643437236
holdout,FN,1829,gdpuls,52.0,-0.1190762370824813
holdout,FN,1829,ghazard,0.0,0.0
holdout,FN,1829,nbumps2,0.0,-0.2145954817533493
holdout,FN,1829,nbumps3,0.0,-0.0043664649128913
holdout,FN,1829,nbumps4,0.0,0.0120837455615401
holdout,FN,1829,nbumps5,0.0,0.0
holdout,FN,1829,nbumps6,0.0,0.0
holdout,FN,1829,nbumps7,0.0,0.0
holdout,FN,1829,nbumps89,0.0,0.0
holdout,FN,1829,energy,0.0,-0.3847270905971527
holdout,FN,1829,maxenergy,0.0,-0.010574615560472
