feature,n,mean_abs,mean_signed,value_contribution_spearman,rank,validation,fold
seismic,774,0.14395135350871915,0.008572953784458102,0.8673823153895259,5.0,holdout,-1
seismoacoustic,774,0.0,0.0,,14.5,holdout,-1
shift,774,0.14545352816658733,-0.017790218483107988,0.7820413365333316,4.0,holdout,-1
genergy,774,0.1321713640912585,-0.052526655974972386,0.8492589186801897,6.0,holdout,-1
gpuls,774,0.16079334740271883,-0.13158336151884603,0.8814210777633288,3.0,holdout,-1
gdenergy,774,0.041281566880547065,-0.0037142786971059755,-0.24917669837327452,8.0,holdout,-1
gdpuls,774,0.08694823324446893,-0.003090812577396768,-0.39090094102804274,7.0,holdout,-1
ghazard,774,0.0,0.0,,14.5,holdout,-1
nbumps2,774,0.24288224261398464,-0.151357428548564,0.6790176068749528,2.0,holdout,-1
nbumps3,774,0.004512745597657181,-0.004070104209908248,0.2681865210049406,11.0,holdout,-1
nbumps4,774,0.010298550389442346,0.007582903722329978,-0.31586914524941995,10.0,holdout,-1
nbumps5,774,0.0,0.0,,14.5,holdout,-1
nbumps6,774,0.0,0.0,,14.5,holdout,-1
nbumps7,774,0.0,0.0,,14.5,holdout,-1
nbumps89,774,0.0,0.0,,14.5,holdout,-1
energy,774,0.4567658620325786,-0.27686890064514885,0.5314496939931824,1.0,holdout,-1
maxenergy,774,0.025883461602600064,-0.015373053745118716,0.6816624324459097,9.0,holdout,-1
seismic,774,0.14395135350871915,0.008572953784458102,0.8673823153895259,5.0,holdout,0
seismoacoustic,774,0.0,0.0,,14.5,holdout,0
shift,774,0.14545352816658733,-0.017790218483107988,0.7820413365333316,4.0,holdout,0
genergy,774,0.1321713640912585,-0.052526655974972386,0.8492589186801897,6.0,holdout,0
gpuls,774,0.16079334740271883,-0.13158336151884603,0.8814210777633288,3.0,holdout,0
gdenergy,774,0.041281566880547065,-0.0037142786971059755,-0.24917669837327452,8.0,holdout,0
gdpuls,774,0.08694823324446893,-0.003090812577396768,-0.39090094102804274,7.0,holdout,0
ghazard,774,0.0,0.0,,14.5,holdout,0
nbumps2,774,0.24288224261398464,-0.151357428548564,0.6790176068749528,2.0,holdout,0
nbumps3,774,0.004512745597657181,-0.004070104209908248,0.2681865210049406,11.0,holdout,0
nbumps4,774,0.010298550389442346,0.007582903722329978,-0.31586914524941995,10.0,holdout,0
nbumps5,774,0.0,0.0,,14.5,holdout,0
nbumps6,774,0.0,0.0,,14.5,holdout,0
nbumps7,774,0.0,0.0,,14.5,holdout,0
nbumps89,774,0.0,0.0,,14.5,holdout,0
energy,774,0.4567658620325786,-0.27686890064514885,0.5314496939931824,1.0,holdout,0
maxenergy,774,0.025883461602600064,-0.015373053745118716,0.6816624324459097,9.0,holdout,0
seismic,2063,0.13907649035606637,-0.010572939809597755,0.8297122812419231,5.0,time,-1
seismoacoustic,2063,0.03480674523699502,-0.0012974728700595073,0.47164550228846946,9.0,time,-1
shift,2063,0.04300592403445379,-0.0051681301906394365,0.45882042137183604,8.0,time,-1
genergy,2063,0.14657809365244143,0.04405417668920279,0.014803988695023874,4.0,time,-1
gpuls,2063,0.3523329957372541,-0.27176039196935475,0.7667791214919909,3.0,time,-1
gdenergy,2063,0.12206960172345926,0.005479266389417132,-0.19444441291127967,6.0,time,-1
gdpuls,2063,0.08859419304506433,-0.005967662070430471,-0.2400067863016551,7.0,time,-1
ghazard,2063,0.0,0.0,,15.0,time,-1
nbumps2,2063,0.39018837763407366,-0.2202887328190822,0.7178723383052611,2.0,time,-1
nbumps3,2063,0.009377933067589689,-0.008342221466859617,0.32310873935178,11.0,time,-1
nbumps4,2063,0.005521502771509146,0.00413264492973575,-0.3027002484296415,12.0,time,-1
nbumps5,2063,0.0,0.0,,15.0,time,-1
nbumps6,2063,0.0,0.0,,15.0,time,-1
nbumps7,2063,0.0,0.0,,15.0,time,-1
nbumps89,2063,0.0,0.0,,15.0,time,-1
energy,2063,0.5642372841585177,-0.41408303512104117,0.6854149553517904,1.0,time,-1
maxenergy,2063,0.024174612398759038,0.004920472352577249,0.2320751969070747,10.0,time,-1
seismic,516,0.08227848114315851,-0.05522182182401649,0.648851538347226,8.0,time,0
seismoacoustic,516,0.13915952601535023,-0.005187376997931714,0.8351799130708365,6.0,time,0
shift,516,0.0,0.0,,13.5,time,0
genergy,516,0.31013300408051503,0.281581635468246,-0.603627330255726,4.0,time,0
gpuls,516,0.5767000312682299,-0.49384454841176845,0.13140493288126218,1.0,time,0
gdenergy,516,0.20162994397601994,0.007928379894371413,-0.045736443226597805,5.0,time,0
gdpuls,516,0.09860001533164084,0.014405146210956142,-0.24625760837223362,7.0,time,0
ghazard,516,0.0,0.0,,13.5,time,0
nbumps2,516,0.5683781284001447,-0.17309439009012179,0.8502078831930281,3.0,time,0
nbumps3,516,0.0,0.0,,13.5,time,0
nbumps4,516,0.0,0.0,,13.5,time,0
nbumps5,516,0.0,0.0,,13.5,time,0
nbumps6,516,0.0,0.0,,13.5,time,0
nbumps7,516,0.0,0.0,,13.5,time,0
nbumps89,516,0.0,0.0,,13.5,time,0
energy,516,0.5744163720984041,-0.40259946757465487,0.8741466502515134,2.0,time,0
maxenergy,516,0.05481372640897738,0.026848216477037886,0.15772391766060787,9.0,time,0
seismic,515,0.16318638000673458,-0.045148344120933,0.7668110340719181,4.0,time,1
seismoacoustic,515,0.0,0.0,,13.5,time,1
shift,515,0.0,0.0,,13.5,time,1
genergy,515,0.036612037047562905,0.03239981375942095,-0.8090266477377467,6.0,time,1
gpuls,515,0.30444181968358536,-0.2671981852212288,0.8837650854961704,3.0,time,1
gdenergy,515,0.034775668766023976,-0.00914519301895951,-0.550423476659954,7.0,time,1
gdpuls,515,0.05694142658245355,-0.011034252084972464,-0.5225392301811254,5.0,time,1
ghazard,515,0.0,0.0,,13.5,time,1
nbumps2,515,0.40299704300547107,-0.3216099639540737,0.5669933147077465,2.0,time,1
nbumps3,515,0.0,0.0,,13.5,time,1
nbumps4,515,0.003455900915364885,0.002994882949239111,-0.2602771583013315,8.0,time,1
nbumps5,515,0.0,0.0,,13.5,time,1
nbumps6,515,0.0,0.0,,13.5,time,1
nbumps7,515,0.0,0.0,,13.5,time,1
nbumps89,515,0.0,0.0,,13.5,time,1
energy,515,0.6489025774945333,-0.5900068577776835,0.28736319704002067,1.0,time,1
maxenergy,515,0.0024227433693278146,-0.0009993554888636162,0.41087767126555397,9.0,time,1
seismic,516,0.2018825689460649,0.04679528838962086,0.8695905663525513,4.0,time,2
seismoacoustic,516,0.0,0.0,,14.0,time,2
shift,516,0.0,0.0,,14.0,time,2
genergy,516,0.06174007627676243,-0.03193334743918402,0.5708226197238054,7.0,time,2
gpuls,516,0.356206827515433,-0.2015353545344384,0.9396632316468252,2.0,time,2
gdenergy,516,0.19253426723005324,0.023660516109165933,-0.016363218339441477,5.0,time,2
gdpuls,516,0.12220328170472262,-0.024071900804379102,0.41822368957995254,6.0,time,2
ghazard,516,0.0,0.0,,14.0,time,2
nbumps2,516,0.3338807092531938,-0.23948579118406588,0.6357347324585553,3.0,time,2
nbumps3,516,0.03285587207024353,-0.030055466351684084,0.2187596871266907,8.0,time,2
nbumps4,516,0.0033089734023696547,0.002261956739455958,-0.47292440036535044,10.0,time,2
nbumps5,516,0.0,0.0,,14.0,time,2
nbumps6,516,0.0,0.0,,14.0,time,2
nbumps7,516,0.0,0.0,,14.0,time,2
nbumps89,516,0.0,0.0,,14.0,time,2
energy,516,0.627183521585178,-0.4271523970677409,0.6955024877221864,1.0,time,2
maxenergy,516,0.01116689378503966,0.007608662830492405,-0.06689324386906509,9.0,time,2
seismic,516,0.10900525592065363,0.01121611171943504,0.8735976020791979,6.0,time,3
seismoacoustic,516,0.0,0.0,,14.5,time,3
shift,516,0.1719403513237949,-0.020662505006374336,0.774928155011599,4.0,time,3
genergy,516,0.17761414469212525,-0.10585398100634184,0.761095111323345,3.0,time,3
gpuls,516,0.17189049212507498,-0.12445463822403735,0.7971106228418615,5.0,time,3
gdenergy,516,0.05916935263306273,-0.0005549794025069303,-0.3889199657897433,8.0,time,3
gdpuls,516,0.07657070599077628,-0.003179460576222856,-0.37222901867361313,7.0,time,3
ghazard,516,0.0,0.0,,14.5,time,3
nbumps2,516,0.2555224528723909,-0.14716114502313526,0.691332960255487,2.0,time,3
nbumps3,516,0.004637685911224551,-0.003297252419888388,0.6891850899379947,11.0,time,3
nbumps4,516,0.015317133663929674,0.011271535065169447,-0.2990200432953938,10.0,time,3
nbumps5,516,0.0,0.0,,14.5,time,3
nbumps6,516,0.0,0.0,,14.5,time,3
nbumps7,516,0.0,0.0,,14.5,time,3
nbumps89,516,0.0,0.0,,14.5,time,3
energy,516,0.4066107454818002,-0.23691435570489297,0.5483683579142045,1.0,time,3
maxenergy,516,0.028252931246750542,-0.013787106942934113,0.7009868120361525,9.0,time,3
