scope,n_features,fold_a,fold_b,rank_spearman,top5_jaccard
all_features,17,0,1,0.8353825136612021,0.42857142857142855
all_features,17,0,2,0.8178384003718626,0.6666666666666666
all_features,17,0,3,0.7122043963062314,0.6666666666666666
all_features,17,1,2,0.9411845197722091,0.6666666666666666
all_features,17,1,3,0.8305744863144167,0.42857142857142855
all_features,17,2,3,0.804747018633974,0.42857142857142855
nonconstant_features,14,0,1,0.8022988505747127,0.42857142857142855
nonconstant_features,14,0,2,0.7932330358113024,0.6666666666666666
nonconstant_features,14,0,3,0.6569920124878378,0.6666666666666666
nonconstant_features,14,1,2,0.9341512255542846,0.6666666666666666
nonconstant_features,14,1,3,0.7879388740833517,0.42857142857142855
nonconstant_features,14,2,3,0.727694887315171,0.42857142857142855
