validation,fold,group,n,mean_abs_joint,mean_signed_joint
holdout,-1,ratings,774,0.14395135350871915,0.008572953784458102
holdout,-1,geophone,774,0.259627010255904,-0.19091510876832116
holdout,-1,seismic_activity,774,0.5865208317510041,-0.44008658342640977
holdout,-1,operation,774,0.14545352816658733,-0.017790218483107988
holdout,0,ratings,774,0.14395135350871915,0.008572953784458102
holdout,0,geophone,774,0.259627010255904,-0.19091510876832116
holdout,0,seismic_activity,774,0.5865208317510041,-0.44008658342640977
holdout,0,operation,774,0.14545352816658733,-0.017790218483107988
time,-1,ratings,2063,0.15756768438652682,-0.011870412679657258
time,-1,geophone,2063,0.3380965158871275,-0.22819461096116528
time,-1,seismic_activity,2063,0.8168956398674103,-0.63366087212467
time,-1,operation,2063,0.04300592403445379,-0.0051681301906394365
time,0,ratings,516,0.15620742161765458,-0.060409198821948194
time,0,geophone,516,0.3395395485337737,-0.18992938683819488
time,0,seismic_activity,516,0.9349423377556264,-0.5488456411877387
time,0,operation,516,0.0,0.0
time,1,ratings,515,0.16318638000673458,-0.045148344120933
time,1,geophone,515,0.28013934528328543,-0.2549778165657398
time,1,seismic_activity,515,0.9712049628454216,-0.9096212942713817
time,1,operation,515,0.0,0.0
time,2,ratings,516,0.2018825689460649,0.04679528838962086
time,2,geophone,516,0.43510563391154317,-0.2338800866688356
time,2,seismic_activity,516,0.822549018332944,-0.6868230350335425
time,2,operation,516,0.0,0.0
time,3,ratings,516,0.10900525592065363,0.01121611171943504
time,3,geophone,516,0.2974892157218383,-0.23404305920910898
time,3,seismic_activity,516,0.5391852896111881,-0.38988832502568127
time,3,operation,516,0.1719403513237949,-0.020662505006374336
