model,validation,n,positives,prevalence,roc_auc,pr_auc,threshold,tp,fp,fn,tn,accuracy,precision,recall,specificity,f1,balanced_accuracy,alert_rate,budget,alerts,alerts_per_detection
LR,time,2063,88,0.0426563257392147,0.6677790563866514,0.0838283469612806,,2,65,86,1910,0.926805622879302,0.0298507462686567,0.0227272727272727,0.9670886075949368,0.0258064516129032,0.4949079401611047,0.0324769752787203,0.01,67,33.5
LR,time,2063,88,0.0426563257392147,0.6677790563866514,0.0838283469612806,,9,198,79,1777,0.8657295201163354,0.0434782608695652,0.1022727272727272,0.899746835443038,0.0610169491525423,0.5010097813578827,0.1003393116820164,0.05,207,23.0
LR,time,2063,88,0.0426563257392147,0.6677790563866514,0.0838283469612806,,16,316,72,1659,0.8119243819680078,0.0481927710843373,0.1818181818181818,0.84,0.0761904761904762,0.5109090909090909,0.1609306834706737,0.1,332,20.75
LR,time,2063,88,0.0426563257392147,0.6677790563866514,0.0838283469612806,,26,596,62,1379,0.681047018904508,0.0418006430868167,0.2954545454545454,0.6982278481012658,0.0732394366197183,0.4968411967779056,0.3015026660203587,0.2,622,23.923076923076923
LR,holdout,774,26,0.0335917312661498,0.567924722336487,0.0896735325417212,,1,0,25,748,0.9677002583979328,1.0,0.0384615384615384,1.0,0.074074074074074,0.5192307692307693,0.0012919896640826,0.01,1,1.0
LR,holdout,774,26,0.0335917312661498,0.567924722336487,0.0896735325417212,,1,4,25,744,0.962532299741602,0.2,0.0384615384615384,0.9946524064171124,0.064516129032258,0.5165569724393254,0.0064599483204134,0.05,5,5.0
LR,holdout,774,26,0.0335917312661498,0.567924722336487,0.0896735325417212,,2,12,24,736,0.9534883720930232,0.1428571428571428,0.0769230769230769,0.983957219251337,0.1,0.530440148087207,0.0180878552971576,0.1,14,7.0
LR,holdout,774,26,0.0335917312661498,0.567924722336487,0.0896735325417212,,4,48,22,700,0.909560723514212,0.0769230769230769,0.1538461538461538,0.9358288770053476,0.1025641025641025,0.5448375154257508,0.0671834625322997,0.2,52,13.0
CART,time,2063,88,0.0426563257392147,0.6403222094361335,0.0783901897821246,,3,28,85,1947,0.9452253999030538,0.0967741935483871,0.034090909090909,0.9858227848101264,0.0504201680672268,0.5099568469505178,0.015026660203587,0.01,31,10.333333333333334
CART,time,2063,88,0.0426563257392147,0.6403222094361335,0.0783901897821246,,4,77,84,1898,0.9219583131362094,0.0493827160493827,0.0454545454545454,0.961012658227848,0.0473372781065088,0.5032336018411968,0.0392632089190499,0.05,81,20.25
CART,time,2063,88,0.0426563257392147,0.6403222094361335,0.0783901897821246,,8,154,80,1821,0.8865729520116336,0.0493827160493827,0.0909090909090909,0.9220253164556962,0.0639999999999999,0.5064672036823935,0.0785264178380998,0.1,162,20.25
CART,time,2063,88,0.0426563257392147,0.6403222094361335,0.0783901897821246,,20,401,68,1574,0.7726611730489579,0.0475059382422802,0.2272727272727272,0.7969620253164557,0.0785854616895874,0.5121173762945914,0.2040717401841977,0.2,421,21.05
CART,holdout,774,26,0.0335917312661498,0.6122480460715755,0.0874236201529198,,0,0,26,748,0.96640826873385,0.0,0.0,1.0,0.0,0.5,0.0,0.01,0,
CART,holdout,774,26,0.0335917312661498,0.6122480460715755,0.0874236201529198,,1,3,25,745,0.9638242894056848,0.25,0.0384615384615384,0.9959893048128342,0.0666666666666666,0.5172254216371863,0.0051679586563307,0.05,4,4.0
CART,holdout,774,26,0.0335917312661498,0.6122480460715755,0.0874236201529198,,1,7,25,741,0.958656330749354,0.125,0.0384615384615384,0.9906417112299464,0.0588235294117647,0.5145516248457425,0.0103359173126615,0.1,8,8.0
CART,holdout,774,26,0.0335917312661498,0.6122480460715755,0.0874236201529198,,5,56,21,692,0.900516795865633,0.081967213114754,0.1923076923076923,0.9251336898395722,0.1149425287356321,0.5587206910736323,0.0788113695090439,0.2,61,12.2
XGBoost,time,2063,88,0.04265632573921473,0.6545655926352129,0.08624418579652343,,2,55,86,1920,0.9316529326223946,0.03508771929824561,0.022727272727272728,0.9721518987341772,0.027586206896551724,0.49743958573072494,0.027629665535627727,0.01,57,28.5
XGBoost,time,2063,88,0.04265632573921473,0.6545655926352129,0.08624418579652343,,11,134,77,1841,0.8977217644207465,0.07586206896551724,0.125,0.9321518987341773,0.0944206008583691,0.5285759493670886,0.07028599127484246,0.05,145,13.181818181818182
XGBoost,time,2063,88,0.04265632573921473,0.6545655926352129,0.08624418579652343,,13,193,75,1782,0.8700920988851187,0.06310679611650485,0.14772727272727273,0.9022784810126582,0.08843537414965986,0.5250028768699655,0.09985458070770722,0.1,206,15.846153846153847
XGBoost,time,2063,88,0.04265632573921473,0.6545655926352129,0.08624418579652343,,21,473,67,1502,0.7382452738730004,0.04251012145748988,0.23863636363636365,0.760506329113924,0.07216494845360824,0.49957134637514383,0.23945710130877362,0.2,494,23.523809523809526
XGBoost,holdout,774,26,0.03359173126614987,0.6202951460304401,0.06408411315335771,,0,0,26,748,0.9664082687338501,0.0,0.0,1.0,0.0,0.5,0.0,0.01,0,
XGBoost,holdout,774,26,0.03359173126614987,0.6202951460304401,0.06408411315335771,,0,4,26,744,0.9612403100775194,0.0,0.0,0.9946524064171123,0.0,0.49732620320855614,0.00516795865633075,0.05,4,
XGBoost,holdout,774,26,0.03359173126614987,0.6202951460304401,0.06408411315335771,,3,27,23,721,0.9354005167958657,0.1,0.11538461538461539,0.963903743315508,0.10714285714285714,0.5396441793500617,0.03875968992248062,0.1,30,10.0
XGBoost,holdout,774,26,0.03359173126614987,0.6202951460304401,0.06408411315335771,,6,75,20,673,0.8772609819121447,0.07407407407407407,0.23076923076923078,0.8997326203208557,0.11214953271028039,0.5652509255450432,0.10465116279069768,0.2,81,13.5
