key,candidate,depth,rounds,selection_metric,value,selected
time_-1_0_threshold_inner,0,2,80,AP,0.41273885771242863,True
time_-1_0_threshold_inner,1,2,160,AP,0.3978397898117573,False
time_-1_0_threshold_inner,2,3,80,AP,0.41273885771242863,False
time_-1_0_threshold_inner,3,3,160,AP,0.3978397898117573,False
time_-1_0_outer,0,2,80,AP,0.27227523734572456,False
time_-1_0_outer,1,2,160,AP,0.30001507150556533,False
time_-1_0_outer,2,3,80,AP,0.29153561791685134,False
time_-1_0_outer,3,3,160,AP,0.30402062479061986,True
time_-1_1_threshold_inner,0,2,80,AP,0.13815159271757668,False
time_-1_1_threshold_inner,1,2,160,AP,0.14329513433868848,True
time_-1_1_threshold_inner,2,3,80,AP,0.1331095607981787,False
time_-1_1_threshold_inner,3,3,160,AP,0.13680849189648733,False
time_-1_1_outer,0,2,80,AP,0.013333333333333334,True
time_-1_1_outer,1,2,160,AP,0.005376344086021506,False
time_-1_1_outer,2,3,80,AP,0.0051813471502590676,False
time_-1_1_outer,3,3,160,AP,0.0053475935828877,False
time_-1_2_threshold_inner,0,2,80,AP,0.03668806232170287,False
time_-1_2_threshold_inner,1,2,160,AP,0.03570060207991242,False
time_-1_2_threshold_inner,2,3,80,AP,0.037870199975463134,True
time_-1_2_threshold_inner,3,3,160,AP,0.02588344071286749,False
time_-1_2_outer,0,2,80,AP,0.03174030091887018,False
time_-1_2_outer,1,2,160,AP,0.03775327205017582,True
time_-1_2_outer,2,3,80,AP,0.03128766470943846,False
time_-1_2_outer,3,3,160,AP,0.03157522865777135,False
time_-1_3_threshold_inner,0,2,80,AP,0.046054002247147355,False
time_-1_3_threshold_inner,1,2,160,AP,0.047947702968721306,False
time_-1_3_threshold_inner,2,3,80,AP,0.04804897677063644,True
time_-1_3_threshold_inner,3,3,160,AP,0.0466726178158309,False
time_-1_3_outer,0,2,80,AP,0.10168777562918539,True
time_-1_3_outer,1,2,160,AP,0.0974264782465872,False
time_-1_3_outer,2,3,80,AP,0.09628005399428607,False
time_-1_3_outer,3,3,160,AP,0.08661293319148415,False
holdout_-1_0_threshold_inner,0,2,80,AP,0.018922194235224794,False
holdout_-1_0_threshold_inner,1,2,160,AP,0.022148870980332545,True
holdout_-1_0_threshold_inner,2,3,80,AP,0.0213984115375674,False
holdout_-1_0_threshold_inner,3,3,160,AP,0.01982108056051718,False
holdout_-1_0_outer,0,2,80,AP,0.07604013648125757,True
holdout_-1_0_outer,1,2,160,AP,0.07114520461217928,False
holdout_-1_0_outer,2,3,80,AP,0.06908366253276449,False
holdout_-1_0_outer,3,3,160,AP,0.07144585029385543,False
random_0_0_outer,0,2,80,AP,0.21681017636216346,False
random_0_0_outer,1,2,160,AP,0.20644376147591215,False
random_0_0_outer,2,3,80,AP,0.22105394377997054,True
random_0_0_outer,3,3,160,AP,0.2204324887414774,False
random_0_1_outer,0,2,80,AP,0.16543101264443863,True
random_0_1_outer,1,2,160,AP,0.1568448737264821,False
random_0_1_outer,2,3,80,AP,0.16020261359335938,False
random_0_1_outer,3,3,160,AP,0.15332591614907742,False
random_0_2_outer,0,2,80,AP,0.1882365686716374,False
random_0_2_outer,1,2,160,AP,0.1847112450484971,False
random_0_2_outer,2,3,80,AP,0.19228471683842177,True
random_0_2_outer,3,3,160,AP,0.19182100369461716,False
random_0_3_outer,0,2,80,AP,0.2549567244622181,False
random_0_3_outer,1,2,160,AP,0.24858378412219034,False
random_0_3_outer,2,3,80,AP,0.2750498075594899,True
random_0_3_outer,3,3,160,AP,0.24915789084896553,False
random_0_4_outer,0,2,80,AP,0.20234568123038627,False
random_0_4_outer,1,2,160,AP,0.2189671998246889,True
random_0_4_outer,2,3,80,AP,0.20114876727198894,False
random_0_4_outer,3,3,160,AP,0.20870008229384823,False
random_0_5_outer,0,2,80,AP,0.18540949087389016,False
random_0_5_outer,1,2,160,AP,0.1864037293874347,False
random_0_5_outer,2,3,80,AP,0.2002500089973988,False
random_0_5_outer,3,3,160,AP,0.21394623859237963,True
random_0_6_outer,0,2,80,AP,0.20027982067991879,False
random_0_6_outer,1,2,160,AP,0.21148513023164883,False
random_0_6_outer,2,3,80,AP,0.23905426487438575,True
random_0_6_outer,3,3,160,AP,0.23791235238878197,False
random_0_7_outer,0,2,80,AP,0.2305232570366969,True
random_0_7_outer,1,2,160,AP,0.21181419675080046,False
random_0_7_outer,2,3,80,AP,0.21038442232391108,False
random_0_7_outer,3,3,160,AP,0.21670021194083,False
random_0_8_outer,0,2,80,AP,0.2158558364746927,True
random_0_8_outer,1,2,160,AP,0.192729285570667,False
random_0_8_outer,2,3,80,AP,0.2000891999352234,False
random_0_8_outer,3,3,160,AP,0.20800700037880038,False
random_0_9_outer,0,2,80,AP,0.16287277768687475,False
random_0_9_outer,1,2,160,AP,0.1599541300404879,False
random_0_9_outer,2,3,80,AP,0.17518516877564008,True
random_0_9_outer,3,3,160,AP,0.16986425958452117,False
random_1_0_outer,0,2,80,AP,0.20139636782169906,True
random_1_0_outer,1,2,160,AP,0.18675969374555276,False
random_1_0_outer,2,3,80,AP,0.18770052082785205,False
random_1_0_outer,3,3,160,AP,0.17275097321718472,False
random_1_1_outer,0,2,80,AP,0.1966968515167695,True
random_1_1_outer,1,2,160,AP,0.17346008494932902,False
random_1_1_outer,2,3,80,AP,0.1832977782493241,False
random_1_1_outer,3,3,160,AP,0.1604296487039514,False
random_1_2_outer,0,2,80,AP,0.261869165199118,True
random_1_2_outer,1,2,160,AP,0.23174714704797278,False
random_1_2_outer,2,3,80,AP,0.2359940469287293,False
random_1_2_outer,3,3,160,AP,0.2193965416504433,False
random_1_3_outer,0,2,80,AP,0.18993128551766716,False
random_1_3_outer,1,2,160,AP,0.18743682728462002,False
random_1_3_outer,2,3,80,AP,0.20660589063672458,False
random_1_3_outer,3,3,160,AP,0.2151737921277974,True
random_1_4_outer,0,2,80,AP,0.2618243701776931,False
random_1_4_outer,1,2,160,AP,0.2622173669953145,True
random_1_4_outer,2,3,80,AP,0.2317516414174398,False
random_1_4_outer,3,3,160,AP,0.2196041015614557,False
random_1_5_outer,0,2,80,AP,0.20304299253155578,False
random_1_5_outer,1,2,160,AP,0.23764683545894538,True
random_1_5_outer,2,3,80,AP,0.2178257261182056,False
random_1_5_outer,3,3,160,AP,0.22441327066156885,False
random_1_6_outer,0,2,80,AP,0.2124797203728622,True
random_1_6_outer,1,2,160,AP,0.20491596138966622,False
random_1_6_outer,2,3,80,AP,0.19994514859662646,False
random_1_6_outer,3,3,160,AP,0.19320028423048866,False
random_1_7_outer,0,2,80,AP,0.15602981441622196,False
random_1_7_outer,1,2,160,AP,0.15871728418754744,True
random_1_7_outer,2,3,80,AP,0.15612282426333673,False
random_1_7_outer,3,3,160,AP,0.15213532829296458,False
random_1_8_outer,0,2,80,AP,0.18054676449794776,True
random_1_8_outer,1,2,160,AP,0.1645928177214074,False
random_1_8_outer,2,3,80,AP,0.17869558236531152,False
random_1_8_outer,3,3,160,AP,0.16327316863306776,False
random_1_9_outer,0,2,80,AP,0.16562695996458182,True
random_1_9_outer,1,2,160,AP,0.15946786508770205,False
random_1_9_outer,2,3,80,AP,0.15675215519570357,False
random_1_9_outer,3,3,160,AP,0.15498344760495986,False
random_2_0_outer,0,2,80,AP,0.17474517975655057,True
random_2_0_outer,1,2,160,AP,0.1536168430589422,False
random_2_0_outer,2,3,80,AP,0.1728293772444216,False
random_2_0_outer,3,3,160,AP,0.1528083586962515,False
random_2_1_outer,0,2,80,AP,0.15476521774149718,False
random_2_1_outer,1,2,160,AP,0.16139822227465248,True
random_2_1_outer,2,3,80,AP,0.14831309551145927,False
random_2_1_outer,3,3,160,AP,0.14660300202941526,False
random_2_2_outer,0,2,80,AP,0.22771900896592645,False
random_2_2_outer,1,2,160,AP,0.2404131735545493,False
random_2_2_outer,2,3,80,AP,0.24277237086094966,True
random_2_2_outer,3,3,160,AP,0.23422852274497913,False
random_2_3_outer,0,2,80,AP,0.19261122775016296,False
random_2_3_outer,1,2,160,AP,0.17357807140181747,False
random_2_3_outer,2,3,80,AP,0.20770429421066897,True
random_2_3_outer,3,3,160,AP,0.1799367838800653,False
random_2_4_outer,0,2,80,AP,0.14478685795002494,False
random_2_4_outer,1,2,160,AP,0.14108788106727946,False
random_2_4_outer,2,3,80,AP,0.1489733342657341,True
random_2_4_outer,3,3,160,AP,0.14842764417010113,False
random_2_5_outer,0,2,80,AP,0.16808197357572047,False
random_2_5_outer,1,2,160,AP,0.18685446566278066,True
random_2_5_outer,2,3,80,AP,0.168187131214468,False
random_2_5_outer,3,3,160,AP,0.18579839576456358,False
random_2_6_outer,0,2,80,AP,0.17107992005144831,False
random_2_6_outer,1,2,160,AP,0.17499808452566204,False
random_2_6_outer,2,3,80,AP,0.1721907021648427,False
random_2_6_outer,3,3,160,AP,0.17661005598898005,True
random_2_7_outer,0,2,80,AP,0.19247737392602132,False
random_2_7_outer,1,2,160,AP,0.2101985356965082,False
random_2_7_outer,2,3,80,AP,0.2134843760371729,False
random_2_7_outer,3,3,160,AP,0.22798753657502838,True
random_2_8_outer,0,2,80,AP,0.1456602138391782,False
random_2_8_outer,1,2,160,AP,0.16229487260009526,False
random_2_8_outer,2,3,80,AP,0.1582725688367087,False
random_2_8_outer,3,3,160,AP,0.17948018849794672,True
random_2_9_outer,0,2,80,AP,0.19724078183904936,False
random_2_9_outer,1,2,160,AP,0.18569788728089415,False
random_2_9_outer,2,3,80,AP,0.22411688251702516,True
random_2_9_outer,3,3,160,AP,0.19388231037789266,False
random_3_0_outer,0,2,80,AP,0.17275896674083474,False
random_3_0_outer,1,2,160,AP,0.1750084348308577,True
random_3_0_outer,2,3,80,AP,0.1690124279535179,False
random_3_0_outer,3,3,160,AP,0.1733634421699777,False
random_3_1_outer,0,2,80,AP,0.20118067450925273,False
random_3_1_outer,1,2,160,AP,0.21049146662302487,True
random_3_1_outer,2,3,80,AP,0.20111815214416215,False
random_3_1_outer,3,3,160,AP,0.20085490883762985,False
random_3_2_outer,0,2,80,AP,0.16926985582404716,True
random_3_2_outer,1,2,160,AP,0.16104184555021367,False
random_3_2_outer,2,3,80,AP,0.15847672038751737,False
random_3_2_outer,3,3,160,AP,0.1602497796540824,False
random_3_3_outer,0,2,80,AP,0.16471754139263353,True
random_3_3_outer,1,2,160,AP,0.15718000443851562,False
random_3_3_outer,2,3,80,AP,0.1552109100523949,False
random_3_3_outer,3,3,160,AP,0.1515552950526582,False
random_3_4_outer,0,2,80,AP,0.22045168931950634,True
random_3_4_outer,1,2,160,AP,0.19740857282481306,False
random_3_4_outer,2,3,80,AP,0.1987106405288078,False
random_3_4_outer,3,3,160,AP,0.18483586416329967,False
random_3_5_outer,0,2,80,AP,0.2570331339882418,False
random_3_5_outer,1,2,160,AP,0.2829974900420179,True
random_3_5_outer,2,3,80,AP,0.24168139175487974,False
random_3_5_outer,3,3,160,AP,0.27319151713275636,False
random_3_6_outer,0,2,80,AP,0.1707802898145872,False
random_3_6_outer,1,2,160,AP,0.17470807878727634,False
random_3_6_outer,2,3,80,AP,0.17786111910929717,False
random_3_6_outer,3,3,160,AP,0.18151375413278267,True
random_3_7_outer,0,2,80,AP,0.2292500337357728,True
random_3_7_outer,1,2,160,AP,0.20178454252143285,False
random_3_7_outer,2,3,80,AP,0.20849438241892998,False
random_3_7_outer,3,3,160,AP,0.19080177766937534,False
random_3_8_outer,0,2,80,AP,0.19827666158626767,True
random_3_8_outer,1,2,160,AP,0.1837693245155197,False
random_3_8_outer,2,3,80,AP,0.1901092087968856,False
random_3_8_outer,3,3,160,AP,0.1870290181706149,False
random_3_9_outer,0,2,80,AP,0.2986141548527073,False
random_3_9_outer,1,2,160,AP,0.2851529829780493,False
random_3_9_outer,2,3,80,AP,0.28855469277240464,False
random_3_9_outer,3,3,160,AP,0.30115065899473714,True
random_4_0_outer,0,2,80,AP,0.2026204327262694,False
random_4_0_outer,1,2,160,AP,0.19669413638852953,False
random_4_0_outer,2,3,80,AP,0.20356222104404326,True
random_4_0_outer,3,3,160,AP,0.18656520799384513,False
random_4_1_outer,0,2,80,AP,0.21250658135658082,True
random_4_1_outer,1,2,160,AP,0.18697107654871642,False
random_4_1_outer,2,3,80,AP,0.20277454116482363,False
random_4_1_outer,3,3,160,AP,0.20383965640510932,False
random_4_2_outer,0,2,80,AP,0.18765312534128412,False
random_4_2_outer,1,2,160,AP,0.213590101446637,True
random_4_2_outer,2,3,80,AP,0.18559852615208297,False
random_4_2_outer,3,3,160,AP,0.20447383565754063,False
random_4_3_outer,0,2,80,AP,0.20733908387170522,False
random_4_3_outer,1,2,160,AP,0.18194012172957402,False
random_4_3_outer,2,3,80,AP,0.21602837382892714,True
random_4_3_outer,3,3,160,AP,0.18514939362112492,False
random_4_4_outer,0,2,80,AP,0.18545758748587857,False
random_4_4_outer,1,2,160,AP,0.18855058308488643,False
random_4_4_outer,2,3,80,AP,0.214221456321665,False
random_4_4_outer,3,3,160,AP,0.22251318758879468,True
random_4_5_outer,0,2,80,AP,0.2097509146025799,False
random_4_5_outer,1,2,160,AP,0.22276663969912655,True
random_4_5_outer,2,3,80,AP,0.2140477475684228,False
random_4_5_outer,3,3,160,AP,0.2095773308979757,False
random_4_6_outer,0,2,80,AP,0.17343576915633518,False
random_4_6_outer,1,2,160,AP,0.18379033428875505,True
random_4_6_outer,2,3,80,AP,0.1638577443988054,False
random_4_6_outer,3,3,160,AP,0.18010885992886033,False
random_4_7_outer,0,2,80,AP,0.19547038671264283,False
random_4_7_outer,1,2,160,AP,0.193865209172317,False
random_4_7_outer,2,3,80,AP,0.20038082755093456,False
random_4_7_outer,3,3,160,AP,0.20372600153114492,True
random_4_8_outer,0,2,80,AP,0.1821020364764412,False
random_4_8_outer,1,2,160,AP,0.18269053068098354,False
random_4_8_outer,2,3,80,AP,0.18435689113171932,True
random_4_8_outer,3,3,160,AP,0.16400435761441678,False
random_4_9_outer,0,2,80,AP,0.2097169484493577,True
random_4_9_outer,1,2,160,AP,0.17770224825795275,False
random_4_9_outer,2,3,80,AP,0.17984511244861384,False
random_4_9_outer,3,3,160,AP,0.1856495336959613,False
