replicate,delta
0,0.010797762078892492
1,0.005554958669424889
2,0.014593553282279681
3,0.02228566702713977
4,0.002493707708918963
5,0.00152029833207179
6,-0.0020390575268801336
7,-0.011834116148600915
8,0.010198949453448167
9,0.015220720286070966
10,0.020135123271697225
11,0.012762998686718915
12,0.013543399272034906
13,0.01821361377580491
14,0.010574564644098852
15,0.005756526300908532
16,0.01665201153941663
17,0.008928831310669419
18,0.023796011289683616
19,0.0029545562023720606
20,0.0032795570129431073
21,0.012849670797629206
22,-0.0011279797562173677
23,0.004029199055553573
24,0.022806529607526813
25,0.0025394993430581103
26,0.018052296834975043
27,0.019697285593982816
28,0.019013769900143043
29,0.0022594869918105
30,0.008752591495912496
31,0.018457300476503596
32,0.010298099578359712
33,0.012868487793504566
34,0.006481179752323624
35,0.009449350424988248
36,0.007856454065103519
37,0.008177400116961081
38,0.014447462382355128
39,0.009305338319038042
40,0.006197085087048054
41,0.02114700033859382
42,0.01123211763873655
43,0.019783891556321723
44,0.01112658479572698
45,0.01573298119862597
46,0.017164378523451068
47,0.016532329365385873
48,0.020686475687103467
49,0.015505325426068778
50,0.023387576865916596
51,0.0006687800033145785
52,0.01847858256295585
53,0.007578198441427
54,0.02109877288104424
55,0.014707047640623694
56,0.013699416432975522
57,0.002559906526821837
58,0.01320817926526928
59,0.007645444144314478
60,0.023192618026398798
61,0.011484748343163279
62,0.00531104976001856
63,0.015284795160032533
64,0.01970817232544668
65,0.022614973385600687
66,0.024698027518298138
67,0.015789956963627255
68,0.012029351075254505
69,0.004583190637057019
70,0.016186971995200417
71,0.008229285675223616
72,0.011303025418674936
73,0.019861116822298908
74,0.008060609230635576
75,0.019126088514311412
76,0.011175810412239903
77,0.011429407494409127
78,0.012453214900076004
79,0.016355839741279604
80,0.010638382026742055
81,0.00846770554391818
82,0.013841573519245864
83,0.00924688500773127
84,0.014377326037515417
85,0.006275324529021714
86,0.016842221595704726
87,0.02236843325433578
88,0.012374643865629475
89,0.010880503698448271
90,0.01611395440308437
91,0.008363558548614966
92,0.012369833203960096
93,0.010345958722656978
94,0.014489200462247581
95,0.015659767470850808
96,0.0007724740683438397
97,0.01556024936569092
98,0.01640158922500627
99,0.019041562326745518
100,0.022070682166285563
101,0.012576024180906364
102,0.020895668393703534
103,0.02486756916291384
104,0.008581845387186954
105,0.025791895701018752
106,0.004142823038985624
107,0.014662660733615732
108,0.026965662261115908
109,0.01156777791421773
110,0.023630024950729897
111,0.017065999605371945
112,0.007902680307954352
113,0.005727154766065279
114,0.001237676043713526
115,0.007480874310739585
116,0.018691132968131893
117,0.01626714244532336
118,0.012160400039231162
119,0.013561560494559213
120,0.017261088319410298
121,0.011679399163085413
122,0.014298039002488161
123,0.02003752447570248
124,-0.0001522748120541817
125,0.02198161363875535
126,0.010313690489111321
127,0.01414056028537293
128,-0.000702443626181326
129,0.002625291615913017
130,0.008031670262411444
131,0.001994512701971013
132,0.0031911483537717944
133,0.013955186128749492
134,0.0057292284795870535
135,0.00967273014778735
136,0.019245201654040908
137,0.021364923839715652
138,0.01595873052729352
139,0.01322123975396311
140,0.011613928009119465
141,0.016442939565815107
142,0.023079373265167666
143,0.02082176273488172
144,0.008750403914779825
145,0.015098110003552365
146,0.016397074136322465
147,0.00903225114518115
148,0.01530921648513367
149,0.014312673816121356
150,0.012328852209200575
151,0.006438181716363567
152,0.00531236413080903
153,0.008570701236311928
154,0.009837710919123069
155,0.01997128961124771
156,0.008981593372244245
157,0.01482927622924237
158,0.0271679607823066
159,0.016984856614237626
160,0.008219772503943804
161,0.029201674195807215
162,0.01062617832789814
163,0.0169241980310509
164,0.015083707803389107
165,0.019618161732856854
166,0.021652683647562412
167,0.0044718853321550345
168,0.0060998866807533
169,0.012645101838810867
170,0.019626176705871412
171,0.01753917331186078
172,0.02993546202608044
173,0.013872168144899583
174,0.0015747527312086756
175,0.01273480843089908
176,0.015304680336077639
177,0.004693692931466029
178,0.025644061723033615
179,0.00877021175989888
180,4.458623828763886e-05
181,0.011213338484841545
182,0.014544307678798718
183,0.005516875620432432
184,0.017088726331721926
185,0.010675027922621982
186,0.019018114572157588
187,0.015845485162349154
188,0.014533557711068679
189,0.020444971974037857
190,0.022088062866712263
191,0.01855887769243343
192,0.010152835020072082
193,0.021353677315543412
194,0.004509098594434463
195,0.0078056264170827255
196,0.014555928736356416
197,0.013862135312364798
198,0.015307873407950118
199,0.007256030266512753
200,0.012874422384499012
201,0.013046340704832099
202,0.02562768480683736
203,0.0077405963401961375
204,0.009380528154251083
205,0.012421972058903316
206,0.014694934652227987
207,0.01597009268318042
208,0.015719426538402567
209,0.00765973212433102
210,0.013869362510616726
211,0.010809900242613482
212,0.005903294124587399
213,0.024226496815871953
214,0.007847550544817478
215,0.012634544297969535
216,0.015185727677576852
217,-0.002947978310625543
218,0.020840706523920532
219,0.024618015045129477
220,0.020458423199131964
221,0.029172605211681357
222,0.0056705606061711045
223,0.015732622168642463
224,0.02027883947558788
225,0.012512584354902642
226,0.017516064522017483
227,0.012438783544813065
228,0.013197235125176884
229,0.006385778805652137
230,0.02338569845913646
231,0.01266610263798551
232,0.0013069509246106392
233,0.01672882956882893
234,0.017196282382127073
235,0.007690180676867123
236,0.003834381232964576
237,0.009445271799533222
238,0.0184565614458468
239,0.013179581957460065
240,0.00951332364406475
241,0.017415237908855546
242,0.011616653778457428
243,0.001265126411580858
244,0.009975620028365967
245,0.013951153661553417
246,0.01388308172288702
247,0.010743952812960048
248,0.007178625445426329
249,0.018936354768511146
250,0.003477811448647186
251,0.01060394757718841
252,0.020822660097972928
253,0.020699231583337252
254,0.018784835497237792
255,0.014863532368682209
256,0.021849462294226824
257,0.00859415027524435
258,0.025579502628262085
259,0.009769998711030917
260,0.024145946446375882
261,0.006315686136686552
262,0.0052214665358165935
263,0.014081527000386174
264,0.024863922899823046
265,0.007135775772038069
266,0.017164443923467887
267,0.004428491235433443
268,0.025730782774397845
269,0.02192098052388343
270,0.007946323040872005
271,0.019244214555911326
272,0.014211363103582675
273,0.01904689465323174
274,0.008274326404639765
275,0.012620310359431328
276,0.014769875237837293
277,0.01019451583789037
278,0.014085544739871003
279,0.016390163478517877
280,0.015738426361638774
281,0.015541031935120214
282,0.014107885951753343
283,0.015109237114118532
284,0.017796905527191625
285,0.010927561462425683
286,0.012961604633161594
287,0.008359266014662636
288,0.020520997152693427
289,-0.005241944732826936
290,0.005674715197045849
291,0.012394279423311297
292,0.006576860283387026
293,0.009505751585428546
294,0.003495958775058025
295,0.013391044955712528
296,0.022596865714995154
297,0.001892949010142253
298,0.01820539358175713
299,0.007579979682809962
300,0.014651276262133306
301,0.00707231874956539
302,0.009739908441223244
303,0.013994990306873942
304,0.0022817166503289465
305,0.015842179455931443
306,0.006008750338870453
307,0.008633036707749217
308,0.013482922901203495
309,0.001361058887910896
310,0.024058236693928897
311,0.020581330609699952
312,0.01727264650057063
313,0.011295041129444378
314,0.008888665823445635
315,0.006003901705081832
316,0.01860639158686582
317,0.01062446053089347
318,0.015509525328485874
319,0.03017502651078864
320,0.004982186883287221
321,0.018888361136821658
322,0.005236817734248361
323,0.006495717107477518
324,0.016781825269950715
325,0.01780152094731534
326,0.02054444357664402
327,0.014781985570197803
328,0.01824584472664062
329,0.0094615749017736
330,0.012621696319640774
331,0.007669936248348094
332,0.015964342773688023
333,0.010724031432524012
334,0.010066020957558944
335,0.03413589938511864
336,0.020762526914533813
337,0.010339801404135207
338,0.013063086259461468
339,0.011837898961401042
340,0.0241157695804749
341,0.022816058099202535
342,0.015032283556325132
343,0.01500010134013706
344,0.0072372530914479455
345,0.019900253070217838
346,0.019533788528330445
347,0.01609804876231112
348,0.012754508853105945
349,0.015989659340087725
350,0.0265047941408334
351,0.023075793318646093
352,0.0117340842883598
353,0.015613316736747707
354,0.01998088329892672
355,0.017017749181183706
356,0.009250964713860443
357,0.004014711823576697
358,0.018417140643483126
359,0.015219449966388979
360,0.009625159085653034
361,0.010086660452164081
362,0.01975719345724894
363,0.008829047144723698
364,0.013838829880075579
365,0.013898871554649792
366,0.009484654580493176
367,0.006212333291299402
368,0.01487992922738235
369,0.025110495129106028
370,0.008558699655760699
371,0.009265481554771582
372,0.02621398172609407
373,0.00864779866769999
374,0.005976503294353452
375,0.021846376678444038
376,0.025233269828089933
377,0.015322541961190247
378,0.008044034560730079
379,0.01604893590022201
380,0.01938670641165957
381,0.02266197705937388
382,0.006393870312994515
383,0.003077413017927827
384,0.015476960387543565
385,0.017415656223572273
386,0.01017582199064071
387,-0.0031849449593543827
388,0.013971073782295007
389,0.015121330389429553
390,0.010937374198874167
391,-0.003755514665233037
392,0.033374554366270515
393,0.017219371513718162
394,0.01255073176283604
395,0.019548266061215402
396,0.007478639592227873
397,0.016635057081320806
398,0.01683662830544244
399,0.0031224095934649365
400,0.016585490685954857
401,0.013774778447025474
402,-0.00023637581616209324
403,0.014667761403862015
404,0.010390867864131514
405,0.014446895795414805
406,0.021398928536886574
407,0.010149829452761418
408,0.02244943571689635
409,0.015242086562098092
410,0.012283924079943692
411,0.012547465905793129
412,0.00881261042531259
413,0.011923445363487911
414,0.008116406100663803
415,0.008441722245191116
416,0.019778529496657107
417,0.01981449730063778
418,0.003538202025648224
419,0.014048455251288144
420,0.025627254194537624
421,0.03210108609557853
422,0.019296463648807938
423,0.004461113044396822
424,0.01239517074853358
425,-0.00516352173517573
426,0.020685205897949616
427,0.00998230445112476
428,0.01840369770165254
429,0.010954238304400246
430,0.004947103712662521
431,0.015284027527697822
432,0.01439428761404768
433,0.021791184041915018
434,0.011724441488725423
435,0.010963196587837246
436,0.015434794014178466
437,0.01574463013044125
438,0.006926721397211066
439,0.01422686896942682
440,0.01423345779968642
441,0.012340921541828129
442,0.021944095446949655
443,0.015772866729051746
444,0.018419157291065802
445,0.011199246981335731
446,0.025475335521236445
447,0.0024106634327704796
448,0.026242605220120355
449,0.01196004379589681
450,0.012328954841617862
451,0.010890950500703545
452,0.009314971085823243
453,0.007940350589273573
454,0.017565996485165256
455,0.004055981686402366
456,0.01597575572267057
457,0.004551532795129709
458,0.02827991334903096
459,0.0197676204159173
460,0.01497574474107203
461,0.018984673971076005
462,0.008771310735009419
463,0.021316331893791507
464,0.015516363598108207
465,0.014480971341895132
466,0.00798854422397055
467,0.022909880100886695
468,0.013433920957621234
469,0.012688378384061061
470,0.014539641582191717
471,0.004728883289356736
472,0.016227180270150673
473,0.006085602749778457
474,0.010667811532846919
475,0.013641944093285174
476,0.014097019930462168
477,0.013689073792469447
478,0.012296810377554507
479,-0.002563069940696605
480,0.009371367408294029
481,0.01800827581039248
482,0.021829084804551008
483,0.02732807723674488
484,0.014042023702588044
485,0.02453498599901016
486,0.011971261012210452
487,0.011411366442690571
488,0.0038355975296056194
489,0.018620333769080802
490,0.013152204675491289
491,0.015328258871683986
492,0.01749922137870577
493,0.00543123683495754
494,0.009638922325143517
495,0.003560136709874741
496,0.012400342966325112
497,0.02347571553333183
498,0.018434803677583766
499,0.023401866126543172
500,0.010815663418501716
501,0.015274039097520398
502,0.02356127452000706
503,0.007619600360718369
504,0.009383644625528861
505,0.0036918579998449497
506,0.008074719519369854
507,0.013145731873151878
508,0.018782735526922667
509,0.014695518662016738
510,0.012076098681739686
511,0.008360401038194909
512,0.014739489018443644
513,0.007886892087819258
514,0.015889889082411013
515,0.012677550400598495
516,0.010163719629841
517,0.011706931731362391
518,0.009362790364135565
519,0.010823703146450314
520,0.012463251708656975
521,0.018890713850857485
522,0.023634539726808512
523,0.010065532388914625
524,0.010074251029492776
525,0.010297225214349698
526,0.005278881302375832
527,0.011130072890552463
528,0.019544130130345935
529,0.01128940373816778
530,9.110482513391416e-05
531,0.015069133820257735
532,0.0194206131934566
533,0.014573248851222367
534,0.010891655963976662
535,0.01570435989707339
536,-0.002592512890872728
537,0.010944015519203903
538,0.007594589296650925
539,0.005307267390900622
540,0.006783687218666318
541,0.01647829219216558
542,0.008151103875058616
543,0.006985036853438403
544,0.00816481327359532
545,0.014909076996564241
546,0.009291125657573285
547,0.010303815244954231
548,0.008666593699219731
549,0.023070098715568185
550,0.02048856875957386
551,0.016382515272571466
552,0.007733938810869881
553,-0.006459324602514041
554,0.009467349160650548
555,0.012309282556589599
556,0.02474374598585502
557,0.0019911869388443415
558,0.01752503458015403
559,0.010706850949056657
560,0.004903611929283125
561,0.005251209714817906
562,0.0032292197851129106
563,0.012445198845052297
564,0.016513665298809405
565,0.019492999519815674
566,0.008897489701221423
567,0.02013409514771844
568,0.00592063641894458
569,0.023154696391481988
570,0.019619449689361634
571,0.012222987915481931
572,0.019353383992376627
573,0.00850790249151781
574,0.012712370149230975
575,0.011549395922212276
576,0.01760942267603785
577,0.01572960921007069
578,0.0137637464327513
579,0.017548573832363246
580,0.013958526243247393
581,0.010041841982731989
582,-0.00788241549576607
583,0.012174294134490074
584,0.004462037848314837
585,0.021327463254468562
586,0.023468819282769615
587,0.015557493140938211
588,0.0015122492063151943
589,0.008956587167946999
590,0.005878666183384146
591,0.012476440950219547
592,0.013337833303675259
593,0.006311008667974141
594,0.014511721637136848
595,0.02287149714638448
596,-0.001156851109723328
597,0.02373714873008268
598,0.003958519237847485
599,0.01450980579353274
600,0.01903770094359883
601,0.010571011413555459
602,0.012133728071168498
603,0.008648271538393613
604,0.01603158183659016
605,0.011094939991051822
606,0.01873336634924941
607,0.007978759910897665
608,0.007555301337623402
609,0.013202528005505452
610,0.01879396527860211
611,0.014927546570137576
612,0.004107557628627509
613,-0.007426474795184199
614,0.010374442388196042
615,0.015305387225300587
616,0.016144019817643143
617,0.016409078781402298
618,0.020908023207270338
619,0.009824455940077387
620,0.002673489703899287
621,0.025982062657401675
622,0.005277022212262783
623,0.014427978211843204
624,0.013032623088016837
625,0.009113867288915528
626,0.013586509984534853
627,0.014237962214893415
628,0.01458149230610871
629,0.003855330046825617
630,0.006657345826054845
631,-0.005574374448796271
632,0.013020419775575845
633,0.010365617341841979
634,0.014257966506751277
635,0.00995555739381615
636,0.010132428771125204
637,0.013540200949175712
638,0.013743172479386556
639,0.00841475588838353
640,0.012299188193041918
641,0.0172787470410265
642,0.007090539331714121
643,0.015078499827143807
644,0.0001544919234440778
645,0.015841197131322107
646,0.005606213771925245
647,0.010934264470300603
648,0.013227511478091772
649,0.010019188016710784
650,0.009471530500677533
651,0.016201421021953544
652,0.014827841749527337
653,0.0007833756991241225
654,0.00953817708561068
655,0.012570072569305243
656,0.008628661469273977
657,0.011231744705813049
658,0.011773071193095924
659,0.0026172406429086775
660,0.01375964065103337
661,0.015941337129687178
662,0.0023068010767210295
663,0.011705506448411652
664,0.004167454235154119
665,0.01877613410944494
666,0.00907038332071293
667,0.005079269758814994
668,0.016193610057412322
669,0.00906993263665988
670,0.014323652612074689
671,0.011630129861203209
672,0.012175748939658754
673,0.004793883872436594
674,0.013532591816207903
675,0.004549252985252841
676,0.002872187144835288
677,0.015052712671582286
678,0.004103581452212748
679,0.007835079500460779
680,0.010657298664091736
681,0.012119904740312243
682,0.014800174251549836
683,0.008339049137763371
684,0.012204143824666322
685,0.007803494203226721
686,0.006006597488565538
687,0.014958567895391336
688,0.012576312495857903
689,0.028856308113170012
690,0.01029714700456566
691,0.022250564627192576
692,0.013801338092335108
693,0.00764604921158453
694,0.01580668074449324
695,0.004327002928598514
696,0.01790206594626395
697,0.013015233474908822
698,0.017520363950105325
699,0.006791891624321866
700,0.0036782326150387318
701,0.018973326647622996
702,0.004044141647252253
703,0.011607392790763102
704,0.011407908774278663
705,0.012922518028199714
706,0.013220555436970483
707,0.02165417911539122
708,0.008574521535844454
709,0.012408203483766297
710,0.023518351480774774
711,0.010495777342087662
712,0.015999330408184326
713,0.015255208319698746
714,0.011044157129296878
715,0.01266595047163216
716,0.01577269591993217
717,0.009029901768141599
718,0.014064323287658609
719,0.03280541673891496
720,0.006998205157439624
721,0.029873466817935554
722,0.008107947652239197
723,0.01585839013740345
724,0.007930427568304393
725,0.009155623850029104
726,0.014487333143650916
727,0.013399883832518167
728,0.008841592065176145
729,0.012928915216270528
730,0.010935319072479813
731,0.01140133844442498
732,0.010463889930363443
733,0.011587387451034936
734,0.010255850780669817
735,0.019873961179213362
736,0.014337806815480691
737,0.005373403506406624
738,0.012327818599301016
739,0.014043367113178204
740,0.018966431253508803
741,0.006392777091418153
742,0.025856929189115585
743,0.015245971560446464
744,0.006359412680493184
745,0.011658905118954552
746,0.011624968916564324
747,0.010916414816002237
748,0.007677265380788945
749,0.011004203411203117
750,0.0018968565401884657
751,0.01405792022480526
752,0.019945437140395483
753,0.017969124367849712
754,0.021050081055922154
755,0.01772710774043977
756,0.0065588208757319105
757,0.0142489639686679
758,0.010853183580409848
759,0.009052171454341798
760,0.016867275274716348
761,0.011847169557168385
762,0.0023620926277576754
763,0.009956580552912722
764,0.007455939254810917
765,0.01740150702996679
766,0.022570976856408853
767,0.020101303619955505
768,0.009494848107292814
769,0.014184832212263132
770,0.022160263687074078
771,-0.0018400449156778381
772,0.010566483328041845
773,0.01914823617139086
774,0.011143219770604451
775,0.009630035280926603
776,-6.433498092492385e-05
777,0.012478902621053847
778,0.003641368183747412
779,0.017791216368347476
780,0.0031002201267670143
781,0.015724624016259806
782,0.012785655719830105
783,0.009473372624409643
784,0.012145810687044997
785,0.004920183108164652
786,0.020189711361382257
787,0.009524582361109812
788,0.016334843550833797
789,0.013404116386181858
790,0.013989726216806601
791,0.023522846524136512
792,0.004585096431314176
793,0.013571454082393103
794,0.01368733581118843
795,0.02039577125141681
796,0.015232191949479085
797,0.014221533921328883
798,0.017126064120717016
799,0.004530095244562465
800,0.014440511724215954
801,0.014441055576084744
802,0.013187036430872545
803,0.011240723643140674
804,0.011824793646073473
805,0.008149655815682041
806,0.01671421215791799
807,0.016808595916736863
808,0.009700442032691686
809,-0.00013809374760784254
810,0.00954114522071256
811,0.004086697787386427
812,0.013183345236979713
813,0.014410239962751203
814,0.012012008036849042
815,0.014245382261052028
816,0.011399852119689219
817,0.00647289315001251
818,0.004891135503069993
819,0.022344405632083647
820,0.008003560733852402
821,0.016366575353188223
822,0.003616971786238224
823,0.010097221866502935
824,0.018463063910552677
825,0.012477251135641854
826,0.015722165672082206
827,0.010532436448001267
828,0.0017513348442981386
829,0.017852227126289866
830,0.010420836034926877
831,0.006472459850162177
832,0.01911304912255629
833,0.0056371609538517775
834,0.013556261577199774
835,0.0205531674387546
836,0.012531982615048218
837,0.021039351021949537
838,0.02579313023248951
839,0.009852700858004805
840,0.012866294836070186
841,0.00985312959250391
842,0.007487496391435242
843,0.002773024964189283
844,0.006819388005531737
845,0.00980543172853661
846,0.019744334514089232
847,0.011675417851756055
848,0.018958687005486002
849,0.00974053211229707
850,0.01774697550975718
851,0.017162128937137075
852,0.013150819837955866
853,0.013394768944218594
854,0.006612751319962501
855,0.005474732847105895
856,0.013927439675611594
857,0.021868079725926443
858,0.025564112531844763
859,0.022471693535830714
860,0.010687685267332492
861,0.01621543530275335
862,0.017555209619391637
863,0.01823568095256091
864,0.013952604451054007
865,0.017623371956531922
866,0.006596412061236179
867,0.01645259922717468
868,0.01452423427671859
869,0.005155202649670981
870,0.025388813475253146
871,0.012890933557560824
872,0.01888986845718313
873,0.008776419855210368
874,0.021746972941740217
875,0.007219529385438975
876,0.01500634905254708
877,0.01505537779813601
878,0.01778100305809184
879,0.007197532924438005
880,0.00295313894450884
881,0.011322593054152494
882,0.01745973189629807
883,0.0037562016409150856
884,0.014363807575164214
885,0.008798598209958902
886,0.013973298697509698
887,0.022236994449769967
888,0.014435763809038687
889,0.013012538967115642
890,0.022635566470320875
891,0.007187520696693067
892,0.019633297857840876
893,0.01168473678790262
894,0.0035887644103665267
895,0.018356114535099263
896,-0.0027842017249131573
897,0.005214825994274849
898,0.01696079410244343
899,0.011203819313541169
900,0.02878499640881066
901,0.011481226812814105
902,0.016787017366771975
903,0.01267527203477159
904,0.014084120800516894
905,0.012344818469197993
906,0.021261572451144614
907,0.019980504766118956
908,0.010962712769022623
909,0.022866012234412036
910,0.010883689891790407
911,0.01518051093354189
912,0.00938876976612217
913,0.0077963805981477174
914,0.009692734338048542
915,0.012939186188923202
916,-0.000644224705571711
917,0.017491519049831233
918,0.011983487050558697
919,0.00447518902812126
920,0.01386472685399423
921,0.012575428844780176
922,0.017321960532936463
923,0.011635792213980173
924,-0.0012660611651179876
925,0.007198757416542773
926,0.0126956271574213
927,0.023454523128347796
928,0.014216939736841891
929,0.006264194223917774
930,0.0221489183767017
931,0.02089680323155775
932,0.011387608441944558
933,0.003657858311836293
934,0.022923651790553723
935,0.016147128191002447
936,0.013564551606525282
937,0.01228669792576452
938,0.01150563365133471
939,0.010803921019782954
940,0.020651075007266387
941,0.012962612006525057
942,0.00859138009642263
943,0.013108305029394682
944,0.010273914886139573
945,0.025964257915772546
946,0.021473024116962808
947,0.01711134296586446
948,0.008010695527700451
949,0.009372535428411252
950,0.01865216446793244
951,0.00175826269579607
952,0.011733136530231378
953,0.013151209348205434
954,0.002620334406683411
955,0.004872100415447306
956,0.022199360104021543
957,0.005151328988924522
958,0.010740311223232463
959,0.015685385065866503
960,0.00038207113133981174
961,0.018661044407590893
962,0.012018088454345537
963,0.021252735133565584
964,0.01004909696752461
965,0.01790026586485219
966,0.013485994729466072
967,0.020458421325043233
968,0.01544061476025374
969,0.003824960592680199
970,0.004915944006433512
971,0.013073792671551954
972,0.020525836735021286
973,0.018905915081170815
974,0.011116671048983576
975,0.015502191325480696
976,0.018730842241470244
977,0.009400357679129417
978,0.028427560577147015
979,0.011343314247377431
980,0.012829795099287694
981,0.01157554110151851
982,0.009759942481344264
983,0.019165539975410123
984,0.021371287481882884
985,0.011529817333828324
986,0.017113862478941283
987,0.013627410508042156
988,0.02242938988438123
989,0.014633187165532163
990,0.0024189857558040706
991,0.021810583645100606
992,0.013589957290196242
993,0.02128542545307112
994,0.003365646749327794
995,0.013090039861323594
996,0.006156053925432586
997,0.015670462859188328
998,0.007295838248096653
999,0.008865893457856544
1000,0.026499876271132927
1001,0.008274877890948676
1002,0.014681183488921334
1003,0.018153112388806653
1004,0.00929406206634159
1005,0.0013722731792133874
1006,0.016698896705029845
1007,0.002469276236514939
1008,0.021119493253679456
1009,0.00604625242771914
1010,0.012788200241847514
1011,0.014461015828085594
1012,0.008814421199568746
1013,0.004488089361799244
1014,0.016211486860355423
1015,0.017537538868996325
1016,0.02184879079795199
1017,0.008062070615194025
1018,0.016195877879781967
1019,0.02334356293234463
1020,0.0009496834549464761
1021,0.01599831426547592
1022,0.012180802036739713
1023,0.0141862956064965
1024,0.009324382796841578
1025,0.010873177495203681
1026,0.020020197691098626
1027,0.007623496192258147
1028,0.023004466431421927
1029,0.02206665315450583
1030,0.013118923123635481
1031,0.004825654787203787
1032,0.00987296289805667
1033,0.010879446871113224
1034,0.004423667574844026
1035,0.019416840381432723
1036,0.01699867513775584
1037,0.0028459121716704616
1038,0.017929434161518876
1039,0.020422968343226613
1040,0.01338040512577987
1041,0.01592200668165278
1042,0.011036636865033103
1043,0.012582514777856074
1044,0.012260645759474206
1045,0.02120706001276451
1046,0.016067282151191686
1047,0.01042979477036067
1048,0.021012260333176408
1049,-0.0034458784194508485
1050,0.02096625354723375
1051,0.01294289279378373
1052,0.015769141980831278
1053,0.010079696768736032
1054,0.013946824386143503
1055,0.021602057959915114
1056,0.01589602662440065
1057,0.0021008534537491075
1058,0.00954175157996276
1059,0.00902413422547231
1060,0.006580313624137524
1061,0.019121185061570012
1062,0.012226844543280033
1063,0.02852712549179981
1064,0.0015293009151167228
1065,0.015058300457103158
1066,0.004139982841876472
1067,0.021565688666312963
1068,0.016779498168894708
1069,0.011303967951246718
1070,0.005658945519010056
1071,0.00048506550648132196
1072,0.004479830724358189
1073,0.01948407704512281
1074,0.015328886515173432
1075,0.007175011220804842
1076,0.015816387914782973
1077,0.01118059925759235
1078,0.014740522136678202
1079,0.007271221160782909
1080,0.007266786899099403
1081,0.013091655903852736
1082,0.01656500181562806
1083,0.005108115565803484
1084,0.024585402027845843
1085,0.01735531005268691
1086,0.013223813856185512
1087,0.013877115295944827
1088,0.019058150390376317
1089,0.007008249780920295
1090,0.018125461406269777
1091,0.011327639770375403
1092,0.014491418291361066
1093,0.00829209790160701
1094,0.013527668964043948
1095,0.013473277577631726
1096,0.012876638113421143
1097,0.009545105982023405
1098,0.02611847820933466
1099,0.016821176319924386
1100,0.014582684908686055
1101,0.014139206149904965
1102,0.01935344383019469
1103,0.008295231688605534
1104,0.025560994494357933
1105,0.01802458737205692
1106,0.009538478751874246
1107,0.018637153184310862
1108,0.011097950265623324
1109,0.016024569439043082
1110,0.020754631835142007
1111,0.002722334920250452
1112,0.013257498292184686
1113,0.024518571426590904
1114,0.010200103644741068
1115,0.015407994652286108
1116,0.021580862125520114
1117,-0.0034166667216704583
1118,0.010060401131324725
1119,0.011041924131350286
1120,0.026066637903787687
1121,0.0033780947212192908
1122,0.002524790895862064
1123,0.0068688896529153776
1124,0.015257063871526366
1125,0.008589732376769292
1126,0.014179973868483492
1127,0.005537927759845629
1128,0.020929949677469806
1129,0.02451763129194416
1130,0.0037886410168785634
1131,0.0066456115184801295
1132,0.022289507650865986
1133,0.010455209914872948
1134,0.00991506343312537
1135,0.018306383007041807
1136,0.022158033306814623
1137,0.0012552787320544156
1138,0.013175511148817654
1139,0.015116016813195396
1140,0.012736046848065022
1141,0.016464718696201128
1142,0.02036927885874623
1143,0.007131991424973061
1144,0.017945292922957254
1145,0.012363440797328262
1146,0.010918043554933171
1147,-0.006088780142324002
1148,0.024738569016626244
1149,0.004852878729542653
1150,-0.0008096107781761785
1151,0.02068135309660296
1152,0.017108924112562582
1153,0.0064747665615905725
1154,0.017419950906104695
1155,0.011290103813850073
1156,0.017029902167283756
1157,0.0015729040185610832
1158,0.011106127315445094
1159,0.017206554744050334
1160,0.007840708290280315
1161,0.014799687868317299
1162,0.01442138831013147
1163,0.013653196522330352
1164,0.012052078648400383
1165,0.009300704594948625
1166,0.006979507389023906
1167,0.022129417327361137
1168,0.018783721370468423
1169,-0.004128125634092622
1170,0.0164278553090218
1171,0.005581200612567783
1172,0.026401379904535158
1173,0.01833600430122849
1174,0.01628419234615855
1175,0.01791494305626802
1176,0.014179130188017891
1177,0.020523098068487303
1178,0.008050106446925054
1179,0.009216770846587535
1180,0.015743910365432157
1181,0.012031535104069624
1182,0.02466297058033816
1183,0.00717402353475427
1184,0.004516952405835134
1185,0.011721978627170948
1186,0.011947166584569138
1187,0.015592725568621915
1188,0.011788657245362627
1189,0.015998735800226205
1190,0.022919989502886248
1191,0.013463691907319428
1192,0.01983014397306987
1193,0.013921558390084361
1194,0.014459294841527456
1195,0.013782732647564286
1196,0.02068556396246328
1197,0.02188317912626625
1198,0.017530792254653177
1199,0.0006691334485630779
1200,0.020963072425153634
1201,0.01251507565268789
1202,0.011835107192855979
1203,0.006654338851578012
1204,0.015394567284317526
1205,0.01902374436282893
1206,0.01106463846704521
1207,0.013572484092168144
1208,0.019501328486725325
1209,0.009823479644330169
1210,0.007069221622901467
1211,0.01015904412862395
1212,0.004479486235827723
1213,0.024706066701043514
1214,0.014071329786290693
1215,0.012776813398848896
1216,0.002853469535490455
1217,-0.0025699971717349224
1218,0.003156065361040808
1219,0.014871460322458577
1220,0.0109947301423165
1221,0.006201089394995252
1222,0.023144180260384645
1223,0.01457196254087885
1224,-0.0004706862142168783
1225,0.012957453935439761
1226,0.023789867249396746
1227,0.0073126611333123315
1228,0.008231077398197381
1229,0.019071790073602934
1230,0.009687931612658601
1231,0.018462515778591954
1232,0.008661261573274431
1233,0.008191861107844395
1234,0.016944632111948868
1235,0.02419923742264099
1236,0.013158271216172655
1237,0.007765647044716051
1238,0.0020495563513701076
1239,0.013391410163905257
1240,0.004834349277582861
1241,0.02035996764451281
1242,0.016669522541542053
1243,0.0132717667724985
1244,0.021607849084092315
1245,0.01369160961889243
1246,0.007019641339368221
1247,0.013611394112331893
1248,0.01969815281167793
1249,0.005476494417244349
1250,0.01591099146499353
1251,0.015581763780718474
1252,0.014416136772719773
1253,0.006502188276973131
1254,0.015935234900039924
1255,0.012087619993592646
1256,0.00750412458359246
1257,0.016637080641914652
1258,0.012062932995570014
1259,0.0015117116409504722
1260,0.01148006199693441
1261,0.011404085751324733
1262,0.008335387255745591
1263,0.01209004923891216
1264,0.015040064418629082
1265,0.009585668956029691
1266,0.006005908687469877
1267,0.017459017792631426
1268,0.02014547025872744
1269,0.009925108916881267
1270,0.01619961798131389
1271,0.0185534268112562
1272,0.02046762607183067
1273,0.009052690596351096
1274,0.017327276647520276
1275,0.008817415508008256
1276,0.004126211041686617
1277,0.0127670493469553
1278,0.02185216499860204
1279,0.007664905369896197
1280,0.01453025080148368
1281,0.007297014141954411
1282,0.019981878069800257
1283,0.01609183175891453
1284,0.010489457023171389
1285,0.01116966026757911
1286,0.012271061770414968
1287,0.023041822921603075
1288,0.010977404836266122
1289,0.010987143023158424
1290,0.013609253496026492
1291,0.0068141093404121555
1292,0.010829497484969086
1293,0.0032856894144922266
1294,0.009512799506407016
1295,0.016655617363077288
1296,0.012848727323152731
1297,0.01211135585931132
1298,0.014704404342628874
1299,0.003762792651234262
1300,0.008519266036693604
1301,0.025134834952694557
1302,0.004512860745790076
1303,0.01356288615766045
1304,0.019369852379037072
1305,0.021542477247295924
1306,0.022621376728640397
1307,0.009647822069050946
1308,0.007997335039014675
1309,0.01840207373168165
1310,0.014151977357757722
1311,0.012113096642403225
1312,0.010708681715591237
1313,0.025248619265413455
1314,0.010587294124308727
1315,0.011349067060341736
1316,0.02407296090537507
1317,0.0008929835629186839
1318,0.01372978539743469
1319,0.0029080656896402907
1320,0.009183619939775678
1321,0.008816556228743305
1322,0.01732163142476302
1323,0.01027098012509893
1324,-0.000524552604723949
1325,0.01855521619627193
1326,0.020998187754182468
1327,0.010922218554898014
1328,0.013722109942783806
1329,0.021787699712397385
1330,0.015074089455562822
1331,0.01151564647785533
1332,0.017137901458752575
1333,0.00876896850307217
1334,0.023323597895051493
1335,0.015850106543194978
1336,0.0026770239356632974
1337,0.01686564615208247
1338,0.015092047961088706
1339,0.024087029977915578
1340,0.016180149600883514
1341,0.00653480944912696
1342,0.009759911419800121
1343,0.017449453506980628
1344,0.015845589587444864
1345,0.006987249567192516
1346,0.018056339661004575
1347,0.006546591539585117
1348,-0.0006257077249506859
1349,0.01053551289300543
1350,0.00897260601713705
1351,0.014581902235653463
1352,0.010440683551007246
1353,0.003510280154540621
1354,0.016484174015976308
1355,0.001685616735053408
1356,0.016249709543339486
1357,0.00866000323787186
1358,0.02150423265734991
1359,0.01718643500486615
1360,0.012679309954333418
1361,0.01581606764389734
1362,0.00673382494675074
1363,0.010208404606140281
1364,0.019096613822593783
1365,0.0021892755306202882
1366,0.013860231779453835
1367,0.007102008506805431
1368,0.009885779465156681
1369,0.018599146191861884
1370,0.02120697410947739
1371,-0.0014014259264984869
1372,0.005447714545701018
1373,0.007103103358475971
1374,0.01342819394991869
1375,0.010447761106706394
1376,0.008170519990452527
1377,0.016104109672603478
1378,0.018217965292433302
1379,0.011070183886887103
1380,0.01067336106493287
1381,0.011115352245530785
1382,0.012454232055598494
1383,0.006891239766841098
1384,0.02292092807235177
1385,0.023368384105408507
1386,0.012489648683284643
1387,0.008788536713130735
1388,0.019194364388445836
1389,0.010540637123585717
1390,0.00426844915327157
1391,0.01569516755257873
1392,0.005596675984262681
1393,0.010250496989182095
1394,0.011052928252270833
1395,0.007894156024038312
1396,-0.001138265522381332
1397,0.006544333897223198
1398,0.022133134394954554
1399,0.022161890282210883
1400,0.01496361171840753
1401,0.003921241460528982
1402,0.009443701859033218
1403,0.010804111100187044
1404,0.015148405835475512
1405,0.007427325186545847
1406,0.020279836731901923
1407,0.013922180763693823
1408,0.01678395707725293
1409,0.0111122709578697
1410,0.011928302310218256
1411,0.01962881662126892
1412,0.010132840764517793
1413,0.014124851885647077
1414,0.008494022422141922
1415,0.012743569438077973
1416,0.011885672512647327
1417,0.0004912713398818602
1418,0.014146600231735473
1419,0.01966564062382712
1420,0.009896629317204586
1421,0.012515817987486792
1422,0.01240984022799882
1423,0.024797821593553676
1424,0.024917774487650937
1425,0.01489120471307527
1426,0.011147714157601789
1427,0.02579346544299556
1428,0.004385617006903375
1429,0.014744544352828542
1430,0.010652894230142568
1431,0.010455865370655015
1432,0.02150039406047398
1433,0.015749314529671266
1434,0.008977444573292831
1435,0.016456223337247222
1436,0.015713821403529782
1437,0.021944763698639028
1438,0.02224375539659401
1439,0.0016742459105025254
1440,0.0012178984455929465
1441,0.019600197507148837
1442,0.026518276475251026
1443,0.023414803781804702
1444,0.01889656855653636
1445,0.016215402938058482
1446,0.020360489402942286
1447,0.002980501552134862
1448,0.015634022069668407
1449,0.01746950769855468
1450,0.0027098188793300143
1451,0.0065764454113681065
1452,0.007924669032672638
1453,0.025183202023637108
1454,0.015113553224877618
1455,0.01767884041566073
1456,-0.0026616761494635127
1457,0.004403042213609473
1458,0.021515792880206927
1459,0.009092426419473096
1460,0.020672240241686277
1461,0.011082501142789969
1462,0.013056579607614346
1463,0.014119782046512555
1464,0.012899144783675431
1465,0.009305558564891125
1466,0.02263436294785974
1467,0.015652611556528806
1468,0.013101842860835988
1469,0.011097497241966847
1470,0.013592010851328606
1471,0.006740629168041856
1472,0.007938026682580965
1473,0.012900529543997452
1474,0.00619230458530079
1475,0.013343359135338365
1476,0.01704339161633489
1477,0.018061207379901634
1478,0.00726411677407604
1479,0.02603467070446877
1480,0.01771197126534914
1481,0.011522860436742041
1482,0.005083038906915707
1483,0.027734735753236026
1484,0.015278990283251193
1485,0.021864108709206284
1486,0.0029195717870266202
1487,0.004767546812959544
1488,0.01686761849089885
1489,0.007268368606344389
1490,0.014522122600802545
1491,0.01507472805171671
1492,-0.00801151738866307
1493,0.01164918315611338
1494,0.004891926968579888
1495,0.008793565990060592
1496,0.01086179711740716
1497,0.012513307061870482
1498,0.021150315032411937
1499,0.010888708448682075
1500,-0.00271512971648763
1501,0.012138962841076018
1502,0.02132593107511073
1503,0.01260901193672491
1504,0.013099865721534876
1505,0.01467995263239856
1506,0.0056726386990300776
1507,0.007177745224313234
1508,0.010068079188806756
1509,0.0106012674898711
1510,0.00925700353488628
1511,0.019879634684342742
1512,0.015417410314417734
1513,0.017743384774923154
1514,0.012308444285353028
1515,0.02145386609116713
1516,0.0045724314923888815
1517,0.008883189798157581
1518,0.009800262403754409
1519,0.020932482733772392
1520,0.005814910847767946
1521,0.01702965475398767
1522,0.016759777780538998
1523,0.016318294687283727
1524,0.01362579827479235
1525,0.015450298493331613
1526,0.006130601255741677
1527,0.011139186969184416
1528,0.006670050212898612
1529,0.004842142663493976
1530,0.01134857487185556
1531,0.01343627462642727
1532,0.012742403145718492
1533,0.016605258805320586
1534,0.019832479697929353
1535,0.0190631016963949
1536,0.013178160432857175
1537,0.013346936536212689
1538,0.015233611697496319
1539,0.01856469962978463
1540,0.023746595706512705
1541,0.0019399423695021095
1542,0.006097901714493537
1543,0.014609075265347604
1544,0.02121535669410883
1545,0.012241092619498309
1546,0.0068721286901022305
1547,0.0287143260856023
1548,0.005317339522810771
1549,0.014432466472849736
1550,0.0023124740979975217
1551,0.015934518664694197
1552,0.01448618414895271
1553,0.009564607652468762
1554,0.000467846992052004
1555,0.0204429228648577
1556,0.007536107437910056
1557,0.0038004574926059284
1558,0.012732852826712812
1559,0.01272014900862202
1560,0.013532211085717782
1561,0.011376089229640535
1562,0.0024198156157050066
1563,0.013275093315742087
1564,0.012084532474729237
1565,0.01923748546527798
1566,0.018983937324389466
1567,0.017330120433577748
1568,0.022567730722724832
1569,-0.00013376550488587713
1570,0.005017473749383411
1571,0.014215518704904617
1572,0.010972700661267959
1573,0.016536079978659204
1574,0.015780007172646077
1575,0.012073660419021859
1576,0.015077056256303331
1577,0.0191286771512469
1578,0.010626972582264707
1579,0.014385632980817575
1580,0.016395651866219135
1581,0.009971861068673149
1582,0.007839153958906608
1583,0.006394590708630354
1584,0.015864097695520274
1585,0.019337234999523834
1586,0.02048200101834409
1587,0.01412834968136667
1588,0.025716580002889552
1589,0.01010643378327776
1590,0.008427259364537906
1591,0.013593769639083347
1592,0.011589306632899074
1593,0.01350521919958525
1594,0.026885615165960386
1595,0.012663177014970661
1596,0.01059428102462856
1597,0.01643408764406301
1598,0.01642198096447338
1599,0.01655042754901978
1600,0.010960515984059671
1601,0.015510269376047853
1602,0.015533783292916784
1603,0.006952661918606454
1604,0.01894725787525775
1605,0.014287721473636841
1606,0.0263172322881189
1607,0.010392494298805163
1608,0.011718254346496981
1609,0.016333097664654496
1610,0.022647319789383946
1611,0.014643686293104488
1612,0.00815235662138284
1613,0.0011599255436818556
1614,0.020832101889710075
1615,0.009684829380034274
1616,0.013939183551494747
1617,0.019167835271812927
1618,0.016520191530882244
1619,0.013111974267000504
1620,0.01826343134856727
1621,0.009242725227431178
1622,0.007534951736989329
1623,0.00786120400540423
1624,0.011720692158079749
1625,0.008200298306904316
1626,0.021597709714566857
1627,0.020354432941018186
1628,0.01765506200660713
1629,0.009817378233111185
1630,-0.001044850489694965
1631,0.0066260105214882015
1632,0.0070382089944913614
1633,0.007371228101194838
1634,0.003762196598398604
1635,0.013611427798144345
1636,-0.004484848583796136
1637,0.01092457359790111
1638,0.014736041609865427
1639,0.000606454898063935
1640,0.014095499852153692
1641,0.030017369858538243
1642,0.011436828890126108
1643,0.023418140797645398
1644,0.006437711583890296
1645,0.015009742844587351
1646,0.006002994854032634
1647,0.01185297703880396
1648,0.0063894278966512424
1649,0.01720995733866966
1650,0.006561267946520136
1651,0.009420895497534526
1652,0.01830932330315005
1653,0.0036644328085701366
1654,0.015184163508580512
1655,0.02454874745189395
1656,0.010391969433334314
1657,0.014548613861972079
1658,0.01716778797367559
1659,0.008461029167411871
1660,0.009177554258479242
1661,0.010693208149123598
1662,0.017418484499419046
1663,0.012902591986215198
1664,0.01071793374668839
1665,0.0016628360958027832
1666,0.016083504331011883
1667,0.01529250007527086
1668,0.020091874826398126
1669,0.018664440793577847
1670,0.012687192629367086
1671,0.027391123707651926
1672,0.01103863845055561
1673,0.014676973113781175
1674,0.019973189584387152
1675,0.013548060030941028
1676,0.009036504981250082
1677,0.011216107633497854
1678,0.015579812873191642
1679,0.017652358722225245
1680,0.017179520254680725
1681,0.009399536769625502
1682,0.014231961254021347
1683,0.015523470418868285
1684,0.010811938706074525
1685,0.008794384937188648
1686,0.0015672625072937901
1687,0.02254642922517186
1688,0.015328712407859574
1689,0.019809926820035878
1690,-0.00144199842967363
1691,0.015060249083673337
1692,0.008394521332731247
1693,0.015400963952379582
1694,0.012104263836475823
1695,0.011111909171884246
1696,0.011515883488607631
1697,0.006479473722143719
1698,0.01936384571870617
1699,0.020199046173312175
1700,0.008720263247862778
1701,0.013384523760382239
1702,0.01616462932801871
1703,0.015033944442839245
1704,0.014295833392400717
1705,0.008856117255088392
1706,0.02660774567506012
1707,0.01677209330020725
1708,0.023195083528027183
1709,0.01069516473122438
1710,0.001622326631529343
1711,-0.0007573933459702753
1712,0.009081199024641995
1713,-0.0005457003948770439
1714,0.014430090529505071
1715,0.005963055171631662
1716,0.004409067987850027
1717,0.017241635690221566
1718,0.009563222834791801
1719,0.033609526376248366
1720,0.0199590322413237
1721,0.013160958375407053
1722,0.028364925060963775
1723,0.006247141218229849
1724,0.002682183949088021
1725,0.01318252984662735
1726,0.010841525811474642
1727,0.0029708308767389113
1728,0.011791793713540222
1729,0.014612756984630104
1730,0.01304927196544721
1731,0.017036664254209327
1732,0.00978763158461099
1733,0.019821148866318777
1734,0.004786631280731764
1735,0.009766016370958364
1736,0.019509688019023017
1737,0.006455033411374031
1738,0.012026474978477864
1739,0.00905520857715049
1740,0.008819742310678266
1741,0.01297030252956554
1742,0.010573461035599321
1743,0.020817941583648997
1744,0.014854536351968067
1745,0.0026997581128171966
1746,0.0005720394840587201
1747,0.009383111898746924
1748,0.013302170929225837
1749,0.010067559096264611
1750,0.011994517768260562
1751,0.010469971953545862
1752,0.006021046584789566
1753,-0.00030962818311855433
1754,0.008620484692105829
1755,0.010429953229028552
1756,0.018155583653663293
1757,0.017178801827896717
1758,0.017249191185735507
1759,0.009665926768790994
1760,0.01524084162836048
1761,0.010897762640110109
1762,0.011785201717089716
1763,0.026085753693573646
1764,0.013172723093012484
1765,0.01853827108117999
1766,0.011524638033141646
1767,0.013725502126895689
1768,0.0027094528824248704
1769,0.010481528012718871
1770,0.014386875262665091
1771,0.013043056096309846
1772,0.0054761980660278375
1773,0.002397133937821788
1774,0.015550073141491538
1775,0.01876669017517607
1776,0.01301002713147506
1777,0.00445077928632677
1778,0.018717988840028316
1779,0.013957804012005748
1780,0.005284535480417102
1781,0.015744573826245917
1782,0.013507224712117877
1783,0.014720287863562428
1784,0.016378346023154244
1785,0.017238193705766847
1786,0.016594095458245847
1787,0.01205044152662614
1788,0.0194786591676043
1789,0.011830923735600643
1790,0.019013573810201898
1791,0.008808205260206828
1792,0.008481206766714294
1793,0.007209521695005688
1794,0.015920256220031792
1795,0.007283948850311056
1796,0.016690075691714115
1797,0.014441484345730324
1798,0.020779343580521928
1799,0.017510701338284335
1800,0.019814313095211616
1801,0.009098194443982896
1802,0.004802203332246416
1803,0.0060517718642631654
1804,0.003095503350856968
1805,0.01772585225522201
1806,0.011906067876130466
1807,0.014405903314762353
1808,0.011288068290597003
1809,0.005233777988191246
1810,0.006323973815901995
1811,0.012385562633504377
1812,0.02048971567930334
1813,0.015005543429466917
1814,0.024895481508314124
1815,0.014551910793045048
1816,0.013219020853308144
1817,0.0010404200691974397
1818,0.00921922269337376
1819,0.015597612207564629
1820,0.02494233308902917
1821,0.01751171183086339
1822,0.010057201179971526
1823,0.009772687235408188
1824,0.0014079423992545137
1825,0.008021269261572275
1826,0.01115080396664854
1827,0.015526478163445656
1828,0.02817906112081217
1829,0.008596191781590726
1830,0.015261378922201307
1831,0.005134188230016656
1832,0.03673928421383102
1833,0.010304086223125453
1834,0.005832009119805928
1835,0.018097267519470092
1836,0.01324568306097483
1837,0.01244718971119968
1838,0.009436694651414126
1839,0.014269051740267158
1840,0.017203963647499404
1841,0.007789920010094528
1842,0.013165212350393418
1843,0.016094997547860604
1844,0.0053688084691319166
1845,0.019867442253847116
1846,0.009956990229178647
1847,0.017828782355118644
1848,0.004733959630567747
1849,0.021394827523726664
1850,0.01635280602245874
1851,0.014236267650801743
1852,0.009683716854051505
1853,0.004355996315034472
1854,0.009346791668532639
1855,0.01743675606108612
1856,0.007954272751891547
1857,0.011862984787544939
1858,0.01477110122066759
1859,0.015975420175904434
1860,0.004845551008781868
1861,0.0246625701354678
1862,0.012070229731000998
1863,0.01589673625250214
1864,0.01782285596028281
1865,0.0017397671615444754
1866,0.025076780905552418
1867,0.005926492940412906
1868,0.021789996953205548
1869,0.006929368213628023
1870,0.021930573673782483
1871,0.018716396563537352
1872,0.0020456156055716768
1873,0.01926997821000792
1874,0.011841677979033995
1875,0.009638811734897203
1876,0.0073559812600075825
1877,0.014792254099225383
1878,0.009772039779717842
1879,0.01359845939993369
1880,0.016833840802078656
1881,0.006099074246528169
1882,0.022122336983878707
1883,0.015028189524088673
1884,0.013122776903104497
1885,0.007584124419582422
1886,0.02320703822085239
1887,0.019718497858502243
1888,0.009874460011319988
1889,0.022119641302532245
1890,0.014994820844171877
1891,0.019413979655094657
1892,0.004120276796912958
1893,0.016318630968907094
1894,0.010187393838795675
1895,0.021989392712694206
1896,0.015215735010152387
1897,0.013248519548568649
1898,0.005488139738220932
1899,0.01244922657910652
1900,0.012067843969093689
1901,0.0011481605862147387
1902,0.020417780416902703
1903,0.015016916065414054
1904,0.01213156750830656
1905,0.013673424227820918
1906,0.018559327503045384
1907,0.019544804117772555
1908,0.022403086213514084
1909,0.009809635327517163
1910,0.017302357848628727
1911,0.013903366356301197
1912,0.009447888423590706
1913,0.016205529059941076
1914,0.010770590443792666
1915,0.008274354858585464
1916,0.010981666534778459
1917,0.010574521836197392
1918,0.005982841174148476
1919,0.007386431501224561
1920,0.014879928343636425
1921,0.011747097648272614
1922,0.0071641867008041815
1923,0.023543810671635662
1924,0.00650337125490158
1925,0.006498952108797251
1926,0.02517378648027517
1927,0.017092211802388096
1928,0.015048295503201164
1929,0.004970970228678248
1930,0.007207892694740037
1931,0.0005542004891376517
1932,0.0129915440992944
1933,0.011535911093511042
1934,0.01959906516312991
1935,0.01233021115805781
1936,0.01738513606332448
1937,0.005360692669864081
1938,0.01420169014255282
1939,0.021176535020272988
1940,0.02530958520626636
1941,0.005557352958696193
1942,0.0162853017510831
1943,0.020292771513783836
1944,0.022022369467158645
1945,0.006247155295398293
1946,0.0072318339901863565
1947,0.0132417156894781
1948,0.01108756380953664
1949,0.007310511815888057
1950,-0.003353650201738681
1951,0.013525299494057744
1952,0.02192516371629656
1953,0.006356313321769988
1954,0.019197703331982813
1955,0.01838576881309613
1956,0.013116881753471282
1957,0.018051430015338987
1958,0.005365061837978996
1959,0.0018307873229569671
1960,0.013717047873398502
1961,0.0012293989238660596
1962,0.012620616377905708
1963,0.02376139812892003
1964,0.012216757277965895
1965,0.006717722588074529
1966,0.01760024242873734
1967,0.02017478416414295
1968,0.00901812564720994
1969,0.009401015251257985
1970,0.013198906715417583
1971,0.005279093872116947
1972,0.022065034152865065
1973,0.019792708679661847
1974,0.009643353446121355
1975,-0.0027629009044313757
1976,0.011047728177817656
1977,0.023110700741419812
1978,0.011932092674642417
1979,0.023076343753804462
1980,0.009559126375092361
1981,0.010525908879897891
1982,0.003791070662294338
1983,0.010645419196091077
1984,0.018599662169979853
1985,0.018236440927814943
1986,0.02152042774082867
1987,0.012508311950448797
1988,0.019240568360253688
1989,0.01144069931366172
1990,0.013777340668773203
1991,0.009547866425435356
1992,0.012548762428044244
1993,0.01738587170026515
1994,0.010349910769369239
1995,0.007661275130261297
1996,0.0071019443224973056
1997,0.008543036586649386
1998,0.012076707016369023
1999,0.01308562762057272
